<step title="BackgroundTrace" date="2025-11-29T02:28:59.377" instance="eef76b" url="/api/zipdeploy" method="POST" >
  <step title="Updating shutdown sentinel last write time" date="2025-11-29T02:28:59.421" SemaphoreCount="7" /><!-- duration: 0ms -->
  <step title="LockFile &apos;C:\home\site\locks\deployments.lock&apos; acquired" date="2025-11-29T02:28:59.437" /><!-- duration: 0ms -->
  <step title="Creating temporary deployment" date="2025-11-29T02:28:59.437" /><!-- duration: 171ms -->
  <step title="Performing fetch based deployment" date="2025-11-29T02:28:59.639" >
    <step title="Fetching changes." date="2025-11-29T02:28:59.859" /><!-- duration: 20ms -->
    <step title="Starting LocalZipHandler" date="2025-11-29T02:28:59.889" /><!-- duration: 0ms -->
    <step title="Cleaning up temp folders from previous zip deployments and extracting pushed zip file C:\local\Temp\zipdeploy\qsuob0bo.zip (7.36 MB) to C:\local\Temp\zipdeploy\extracted" date="2025-11-29T02:29:00.014" /><!-- duration: 0ms -->
    <step title="Cleaning up temp folders from previous zip deployments and extracting pushed zip file C:\local\Temp\zipdeploy\qsuob0bo.zip (7.36 MB) to C:\local\Temp\zipdeploy\extracted" date="2025-11-29T02:29:00.030" /><!-- duration: 9693ms -->
    <step title="End of Central Directory record could not be found. DEPLOYMENTINFO: deploymentPath = ZipDeploy. Extract zip. , deployer = ZipDeploy, os = windows, sku = Standard, siteName = CleverSyncSOS, siteHostName = cleversyncsos.azurewebsites.net, deploymentStatus = Error" date="2025-11-29T02:29:09.733" /><!-- duration: 0ms -->
  </step><!-- duration: 10204ms -->
  <step title="LockFile &apos;C:\home\site\locks\deployments.lock&apos; released" date="2025-11-29T02:29:09.894" /><!-- duration: 11ms -->
  <step title="Deleting shutdown sentinel file" date="2025-11-29T02:29:09.905" SemaphoreCount="8" /><!-- duration: 19ms -->
  <step title="Error occurred" date="2025-11-29T02:29:09.968" type="error" text="One or more errors occurred." stackTrace="   at System.Threading.Tasks.Task.ThrowIfExceptional(Boolean includeTaskCanceledExceptions)
   at System.Threading.Tasks.Task.Wait(Int32 millisecondsTimeout, CancellationToken cancellationToken)
   at Kudu.Core.Deployment.FetchDeploymentManager.&lt;&gt;c__DisplayClass12_1.&lt;PerformBackgroundDeployment&gt;b__3()
   at Kudu.Contracts.Infrastructure.LockExtensions.TryLockOperation(IOperationLock lockObj, Action operation, String operationName, TimeSpan timeout)
   at Kudu.Contracts.Infrastructure.LockExtensions.LockOperation(IOperationLock lockObj, Action operation, String operationName, TimeSpan timeout)
   at Kudu.Core.Deployment.FetchDeploymentManager.&lt;&gt;c__DisplayClass12_0.&lt;PerformBackgroundDeployment&gt;b__1()" innerText="End of Central Directory record could not be found." innerStackTrace="   at System.IO.Compression.ZipArchive.ReadEndOfCentralDirectory()
   at System.IO.Compression.ZipArchive.Init(Stream stream, ZipArchiveMode mode, Boolean leaveOpen)
   at System.IO.Compression.ZipArchive..ctor(Stream stream, ZipArchiveMode mode, Boolean leaveOpen, Encoding entryNameEncoding)
   at Kudu.Services.Deployment.PushDeploymentController.&lt;&gt;c__DisplayClass23_0.&lt;LocalZipFetch&gt;b__1() in C:\__w\1\s\Kudu.Services\Deployment\PushDeploymentController.cs:line 902
   at System.Threading.Tasks.Task.InnerInvoke()
   at System.Threading.Tasks.Task.Execute()
--- End of stack trace from previous location where exception was thrown ---
   at System.Runtime.CompilerServices.TaskAwaiter.ThrowForNonSuccess(Task task)
   at System.Runtime.CompilerServices.TaskAwaiter.HandleNonSuccessAndDebuggerNotification(Task task)
   at Kudu.Services.Deployment.PushDeploymentController.&lt;LocalZipFetch&gt;d__23.MoveNext() in C:\__w\1\s\Kudu.Services\Deployment\PushDeploymentController.cs:line 908
--- End of stack trace from previous location where exception was thrown ---
   at System.Runtime.CompilerServices.TaskAwaiter.ThrowForNonSuccess(Task task)
   at System.Runtime.CompilerServices.TaskAwaiter.HandleNonSuccessAndDebuggerNotification(Task task)
   at Kudu.Services.Deployment.PushDeploymentController.&lt;LocalZipHandler&gt;d__18.MoveNext() in C:\__w\1\s\Kudu.Services\Deployment\PushDeploymentController.cs:line 676
--- End of stack trace from previous location where exception was thrown ---
   at System.Runtime.CompilerServices.TaskAwaiter.ThrowForNonSuccess(Task task)
   at System.Runtime.CompilerServices.TaskAwaiter.HandleNonSuccessAndDebuggerNotification(Task task)
   at Kudu.Core.Deployment.FetchDeploymentManager.&lt;PerformDeployment&gt;d__9.MoveNext()
--- End of stack trace from previous location where exception was thrown ---
   at System.Runtime.ExceptionServices.ExceptionDispatchInfo.Throw()
   at Kudu.Core.Deployment.FetchDeploymentManager.&lt;PerformDeployment&gt;d__9.MoveNext()" /><!-- duration: 17ms -->
</step><!-- duration: 10627ms -->
