<step title="Incoming Request" date="2025-11-30T21:37:18.217" instance="eef76b" url="/api/zipdeploy?isAsync=true" method="POST" type="request" pid="2440,2,21" Cache-Control="no-cache" Content-Length="9139254" Content-Type="application/octet-stream" Accept="*/*" Accept-Encoding="gzip, deflate" Authorization="Bas..." Host="cleversyncsos.scm.azurewebsites.net" User-Agent="AZURECLI/2.79.0 (MSI)" x-ms-client-request-id="bcee5a77-ce34-11f0-bcb8-e02e0bc384b1" X-ARR-LOG-ID="bcee5a77-ce34-11f0-bcb8-e02e0bc384b1" CLIENT-IP="208.102.8.31:59807" X-SITE-DEPLOYMENT-ID="CleverSyncSOS" WAS-DEFAULT-HOSTNAME="cleversyncsos.scm.azurewebsites.net" X-Forwarded-Proto="https" X-AppService-Proto="https" X-Forwarded-TlsVersion="1.3" X-WAWS-Unencoded-URL="/api/zipdeploy?isAsync=true" >
  <step title="Cleanup Xml Logs" date="2025-11-30T21:37:18.217" /><!-- duration: 16ms -->
  <step title="ZipPushDeploy" date="2025-11-30T21:37:18.296" >
    <step title="ZipDeploy. Extract zip. " date="2025-11-30T21:37:18.296" /><!-- duration: 0ms -->
    <step title="Starting PushDeployAsync" date="2025-11-30T21:37:18.296" /><!-- duration: 0ms -->
    <step title="Updating shutdown sentinel last write time" date="2025-11-30T21:37:18.311" SemaphoreCount="7" /><!-- duration: 16ms -->
    <step title="LockFile &apos;C:\home\site\locks\deployments.lock&apos; acquired" date="2025-11-30T21:37:18.374" /><!-- duration: 0ms -->
    <step title="Saving request content to C:\local\Temp\zipdeploy\2x2paofk.zip" date="2025-11-30T21:37:18.374" >
      <step title="Total 9,139,254 bytes written to C:\local\Temp\zipdeploy\2x2paofk.zip" date="2025-11-30T21:37:18.686" /><!-- duration: 20ms -->
    </step><!-- duration: 332ms -->
    <step title="LockFile &apos;C:\home\site\locks\deployments.lock&apos; released" date="2025-11-30T21:37:18.717" /><!-- duration: 0ms -->
    <step title="Deleting shutdown sentinel file" date="2025-11-30T21:37:18.717" SemaphoreCount="8" /><!-- duration: 0ms -->
    <step title="Starting FetchDeploy" date="2025-11-30T21:37:18.717" /><!-- duration: 0ms -->
    <step title="Start deployment in the background" date="2025-11-30T21:37:18.717" /><!-- duration: 99ms -->
  </step><!-- duration: 531ms -->
  <step title="Outgoing response" date="2025-11-30T21:37:18.827" type="response" statusCode="202" statusText="Accepted" Server="Microsoft-IIS/10.0" x-ms-request-id="bcee5a77-ce34-11f0-bcb8-e02e0bc384b1" Retry-After="30" Cache-Control="private" X-AspNet-Version="4.0.30319" Location="https://cleversyncsos.scm.azurewebsites.net/api/deployments/latest?deployer=ZipDeploy&amp;time=2025-11-30_21-37-18Z" /><!-- duration: 20ms -->
</step><!-- duration: 660ms -->
