<step title="BackgroundTrace" date="2025-11-30T21:43:21.567" instance="eef76b" url="/api/zipdeploy" method="POST" >
  <step title="Updating shutdown sentinel last write time" date="2025-11-30T21:43:21.583" SemaphoreCount="7" /><!-- duration: 0ms -->
  <step title="LockFile &apos;C:\home\site\locks\deployments.lock&apos; acquired" date="2025-11-30T21:43:21.583" /><!-- duration: 15ms -->
  <step title="Creating temporary deployment" date="2025-11-30T21:43:21.598" /><!-- duration: 16ms -->
  <step title="Performing fetch based deployment" date="2025-11-30T21:43:21.633" >
    <step title="Fetching changes." date="2025-11-30T21:43:21.724" /><!-- duration: 20ms -->
    <step title="Starting LocalZipHandler" date="2025-11-30T21:43:21.755" /><!-- duration: 0ms -->
    <step title="Cleaning up temp folders from previous zip deployments and extracting pushed zip file C:\local\Temp\zipdeploy\hm2jbajw.zip (8.72 MB) to C:\local\Temp\zipdeploy\extracted" date="2025-11-30T21:43:21.786" /><!-- duration: 0ms -->
    <step title="Cleaning up temp folders from previous zip deployments and extracting pushed zip file C:\local\Temp\zipdeploy\hm2jbajw.zip (8.72 MB) to C:\local\Temp\zipdeploy\extracted" date="2025-11-30T21:43:21.786" >
      <step title="Renaming extractTargetDirectory(C:\local\Temp\zipdeploy\extracted) to tempDirectory(C:\local\Temp\zipdeploy\oxmy4c2j.fnv)" date="2025-11-30T21:43:21.786" /><!-- duration: 0ms -->
      <step title="Extracting 136 entries to C:\local\Temp\zipdeploy\extracted directory" date="2025-11-30T21:43:21.895" >
        <step title="Extracting to C:\local\Temp\zipdeploy\extracted\publish-output\appsettings.Development.json ..." date="2025-11-30T21:43:21.975" /><!-- duration: 20ms -->
        <step title="Extracting to C:\local\Temp\zipdeploy\extracted\publish-output\appsettings.json ..." date="2025-11-30T21:43:22.005" /><!-- duration: 0ms -->
        <step title="Extracting to C:\local\Temp\zipdeploy\extracted\publish-output\appsettings.Production.json ..." date="2025-11-30T21:43:22.005" /><!-- duration: 20ms -->
        <step title="Extracting to C:\local\Temp\zipdeploy\extracted\publish-output\CleverSyncSOS.AdminPortal.deps.json ..." date="2025-11-30T21:43:22.036" /><!-- duration: 0ms -->
        <step title="Extracting to C:\local\Temp\zipdeploy\extracted\publish-output\CleverSyncSOS.AdminPortal.runtimeconfig.json ..." date="2025-11-30T21:43:22.056" /><!-- duration: 11ms -->
        <step title="Omitting extracting file traces ..." date="2025-11-30T21:43:22.067" /><!-- duration: 0ms -->
      </step><!-- duration: 2063ms -->
    </step><!-- duration: 2189ms -->
    <step title="Before sending BuildRequestReceived status to /api/updatedeploystatus" date="2025-11-30T21:43:23.975" /><!-- duration: 0ms -->
    <step title="DeploymentManager.Deploy(id:37ecf3cf2bd94bad87fae97a5d6ac9c1)" date="2025-11-30T21:43:23.995" >
      <step title="Collecting changeset information" date="2025-11-30T21:43:24.005" /><!-- duration: 203ms -->
      <step title="Updating submodules" date="2025-11-30T21:43:24.226" >
        <step title="Updating submodules." date="2025-11-30T21:43:24.336" /><!-- duration: 12ms -->
      </step><!-- duration: 123ms -->
      <step title="Preparing deployment for commit id &apos;37ecf3cf2b&apos;." date="2025-11-30T21:43:24.458" /><!-- duration: 0ms -->
      <step title="Determining deployment builder" date="2025-11-30T21:43:24.537" >
        <step title="Builder is BasicBuilder" date="2025-11-30T21:43:24.551" /><!-- duration: 0ms -->
      </step><!-- duration: 14ms -->
      <step title="Copying SSH keys" date="2025-11-30T21:43:24.567" /><!-- duration: 31ms -->
      <step title="Building" date="2025-11-30T21:43:24.598" >
        <step title="Generating deployment script." date="2025-11-30T21:43:24.648" /><!-- duration: 13ms -->
        <step title="Generating deployment script" date="2025-11-30T21:43:24.679" >
          <step title="Using cached version of the deployment script for command: -y --no-dot-deployment -r &quot;C:\local\Temp\zipdeploy\extracted&quot; -o &quot;C:\home\site\deployments\tools&quot; --basic --sitePath &quot;C:\local\Temp\zipdeploy\extracted&quot;" date="2025-11-30T21:43:24.692" /><!-- duration: 0ms -->
          <step title="Using cached version of deployment script (command: &apos;azure -y --no-dot-deployment -r &quot;C:\local\Temp\zipdeploy\extracted&quot; -o &quot;C:\home\site\deployments\tools&quot; --basic --sitePath &quot;C:\local\Temp\zipdeploy\extracted&quot;&apos;)." date="2025-11-30T21:43:24.708" /><!-- duration: 0ms -->
        </step><!-- duration: 29ms -->
        <step title="Running deployment command..." date="2025-11-30T21:43:24.786" /><!-- duration: 0ms -->
        <step title="Command: &quot;C:\home\site\deployments\tools\deploy.cmd&quot;" date="2025-11-30T21:43:24.804" /><!-- duration: 0ms -->
        <step title="Executing external process" date="2025-11-30T21:43:24.804" type="process" path="starter.cmd" arguments="&quot;C:\home\site\deployments\tools\deploy.cmd&quot;" >
          <step title="Handling Basic Web Site deployment." date="2025-11-30T21:43:25.567" /><!-- duration: 0ms -->
          <step title="Creating app_offline.htm" date="2025-11-30T21:43:30.961" /><!-- duration: 0ms -->
          <step title="KuduSync.NET from: &apos;C:\local\Temp\zipdeploy\extracted&apos; to: &apos;C:\home\site\wwwroot&apos;" date="2025-11-30T21:43:30.973" /><!-- duration: 17ms -->
          <step title="Copying file: &apos;CleverSyncSOS.AdminPortal.dll&apos;" date="2025-11-30T21:43:31.011" /><!-- duration: 10ms -->
          <step title="Copying file: &apos;CleverSyncSOS.AdminPortal.exe&apos;" date="2025-11-30T21:43:31.021" /><!-- duration: 20ms -->
          <step title="Copying file: &apos;CleverSyncSOS.AdminPortal.pdb&apos;" date="2025-11-30T21:43:31.052" /><!-- duration: 0ms -->
          <step title="Copying file: &apos;CleverSyncSOS.Core.dll&apos;" date="2025-11-30T21:43:31.071" /><!-- duration: 0ms -->
          <step title="Copying file: &apos;CleverSyncSOS.Core.pdb&apos;" date="2025-11-30T21:43:31.083" /><!-- duration: 19ms -->
          <step title="Deleting app_offline.htm" date="2025-11-30T21:43:31.102" /><!-- duration: 12ms -->
          <step title="Finished successfully." date="2025-11-30T21:43:31.286" /><!-- duration: 17ms -->
        </step><!-- duration: 6499ms -->
        <step title="Running post deployment command(s)..." date="2025-11-30T21:43:31.413" /><!-- duration: 13ms -->
        <step title="Triggering recycle (preview mode disabled)." date="2025-11-30T21:43:31.805" /><!-- duration: 12ms -->
        <step title="Ignoring FS watcher based recycle request as this is a classic Windows app." date="2025-11-30T21:43:31.817" /><!-- duration: 0ms -->
        <step title="Deployment successful. DEPLOYMENTINFO: deploymentPath = ZipDeploy. Extract zip. , deployer = ZipDeploy, os = windows, sku = Standard, siteName = CleverSyncSOS, siteHostName = cleversyncsos.azurewebsites.net, deploymentStatus = Success" date="2025-11-30T21:43:33.364" /><!-- duration: 20ms -->
        <step title="Purge deployment items" date="2025-11-30T21:43:33.726" >
          <step title="Remove 1f0d93f85, Success, received at 11/29/2025 6:42:17 PM" date="2025-11-30T21:43:33.806" /><!-- duration: 11ms -->
        </step><!-- duration: 92ms -->
      </step><!-- duration: 9268ms -->
    </step><!-- duration: 9872ms -->
    <step title="Cleaning up temp files" date="2025-11-30T21:43:33.880" /><!-- duration: 17ms -->
    <step title="Skip function trigger and logicapp sync because function is not enabled." date="2025-11-30T21:43:33.896" /><!-- duration: 20ms -->
  </step><!-- duration: 12293ms -->
  <step title="LockFile &apos;C:\home\site\locks\deployments.lock&apos; released" date="2025-11-30T21:43:33.947" /><!-- duration: 11ms -->
  <step title="Deleting shutdown sentinel file" date="2025-11-30T21:43:33.977" SemaphoreCount="8" /><!-- duration: 0ms -->
</step><!-- duration: 12422ms -->
