<step title="Incoming Request" date="2025-11-30T00:55:00.164" instance="eef76b" url="/api/publish?type=zip" method="POST" type="request" pid="13076,2,27" Cache-Control="no-cache" Content-Length="8517059" Content-Type="application/octet-stream" Accept="*/*" Accept-Encoding="gzip, deflate" Authorization="Bas..." Host="cleversyncsos.scm.azurewebsites.net" User-Agent="AZURECLI/2.79.0 (MSI)" x-ms-client-request-id="30da4cf1-cd87-11f0-ad52-e02e0bc384b1" X-ARR-LOG-ID="30da4cf1-cd87-11f0-ad52-e02e0bc384b1" CLIENT-IP="208.102.8.31:60273" X-SITE-DEPLOYMENT-ID="CleverSyncSOS" WAS-DEFAULT-HOSTNAME="cleversyncsos.scm.azurewebsites.net" X-Forwarded-Proto="https" X-AppService-Proto="https" X-Forwarded-TlsVersion="1.3" X-WAWS-Unencoded-URL="/api/publish?type=zip" >
  <step title="Cleanup Xml Logs" date="2025-11-30T00:55:00.180" /><!-- duration: 0ms -->
  <step title="OneDeploy" date="2025-11-30T00:55:02.805" >
    <step title="Starting PushDeployAsync" date="2025-11-30T00:55:02.915" /><!-- duration: 15ms -->
    <step title="Updating shutdown sentinel last write time" date="2025-11-30T00:55:03.274" SemaphoreCount="7" /><!-- duration: 0ms -->
    <step title="LockFile &apos;C:\home\site\locks\deployments.lock&apos; acquired" date="2025-11-30T00:55:03.290" /><!-- duration: 0ms -->
    <step title="Saving request content to C:\local\Temp\zipdeploy\b22xkr44.zip" date="2025-11-30T00:55:03.305" >
      <step title="Total 8,517,059 bytes written to C:\local\Temp\zipdeploy\b22xkr44.zip" date="2025-11-30T00:55:03.634" /><!-- duration: 0ms -->
    </step><!-- duration: 344ms -->
    <step title="LockFile &apos;C:\home\site\locks\deployments.lock&apos; released" date="2025-11-30T00:55:03.649" /><!-- duration: 16ms -->
    <step title="Deleting shutdown sentinel file" date="2025-11-30T00:55:03.664" SemaphoreCount="8" /><!-- duration: 0ms -->
    <step title="Starting FetchDeploy" date="2025-11-30T00:55:03.680" /><!-- duration: 16ms -->
    <step title="Attempting to fetch target branch HEAD" date="2025-11-30T00:55:03.696" /><!-- duration: 0ms -->
    <step title="Updating shutdown sentinel last write time" date="2025-11-30T00:55:03.727" SemaphoreCount="7" /><!-- duration: 0ms -->
    <step title="LockFile &apos;C:\home\site\locks\deployments.lock&apos; acquired" date="2025-11-30T00:55:03.727" /><!-- duration: 0ms -->
    <step title="Performing fetch based deployment" date="2025-11-30T00:55:03.758" >
      <step title="Creating temporary deployment" date="2025-11-30T00:55:03.775" /><!-- duration: 141ms -->
      <step title="Fetching changes." date="2025-11-30T00:55:04.087" /><!-- duration: 0ms -->
      <step title="Starting LocalZipHandler" date="2025-11-30T00:55:04.117" /><!-- duration: 0ms -->
      <step title="Starting LocalZipFetch" date="2025-11-30T00:55:04.137" /><!-- duration: 12ms -->
      <step title="Cleaning up temp folders from previous zip deployments and extracting pushed zip file C:\local\Temp\zipdeploy\b22xkr44.zip (8.12 MB) to C:\local\Temp\zipdeploy\extracted" date="2025-11-30T00:55:04.167" /><!-- duration: 0ms -->
      <step title="Cleaning up temp folders from previous zip deployments and extracting pushed zip file C:\local\Temp\zipdeploy\b22xkr44.zip (8.12 MB) to C:\local\Temp\zipdeploy\extracted" date="2025-11-30T00:55:04.180" >
        <step title="Extracting 122 entries to C:\local\Temp\zipdeploy\extracted directory" date="2025-11-30T00:55:04.289" >
          <step title="Extracting to C:\local\Temp\zipdeploy\extracted\runtimes\unix\lib\net6.0\Microsoft.Data.SqlClient.dll ..." date="2025-11-30T00:55:04.305" /><!-- duration: 128ms -->
          <step title="Extracting to C:\local\Temp\zipdeploy\extracted\runtimes\unix\lib\net6.0\System.Drawing.Common.dll ..." date="2025-11-30T00:55:04.433" /><!-- duration: 30ms -->
          <step title="Extracting to C:\local\Temp\zipdeploy\extracted\runtimes\win\lib\net6.0\Microsoft.Data.SqlClient.dll ..." date="2025-11-30T00:55:04.483" /><!-- duration: 72ms -->
          <step title="Extracting to C:\local\Temp\zipdeploy\extracted\runtimes\win\lib\net6.0\Microsoft.Win32.SystemEvents.dll ..." date="2025-11-30T00:55:04.555" /><!-- duration: 18ms -->
          <step title="Extracting to C:\local\Temp\zipdeploy\extracted\runtimes\win\lib\net6.0\System.Drawing.Common.dll ..." date="2025-11-30T00:55:04.573" /><!-- duration: 30ms -->
          <step title="Omitting extracting file traces ..." date="2025-11-30T00:55:04.604" /><!-- duration: 14ms -->
        </step><!-- duration: 1531ms -->
      </step><!-- duration: 1660ms -->
      <step title="None repository commit" date="2025-11-30T00:55:05.852" >
        <step title="Commit id: 69b2207de3134de68c8d0de88bea3c9e" date="2025-11-30T00:55:05.870" Message="OneDeploy" AuthorName="N/A" AuthorEmail="N/A" /><!-- duration: 0ms -->
      </step><!-- duration: 31ms -->
      <step title="Before sending BuildRequestReceived status to /api/updatedeploystatus" date="2025-11-30T00:55:05.883" /><!-- duration: 17ms -->
      <step title="DeploymentManager.Deploy(id:69b2207de3134de68c8d0de88bea3c9e)" date="2025-11-30T00:55:05.930" >
        <step title="Collecting changeset information" date="2025-11-30T00:55:05.951" /><!-- duration: 60ms -->
        <step title="Updating submodules" date="2025-11-30T00:55:06.011" >
          <step title="Updating submodules." date="2025-11-30T00:55:06.071" /><!-- duration: 0ms -->
        </step><!-- duration: 80ms -->
        <step title="Preparing deployment for commit id &apos;69b2207de3&apos;." date="2025-11-30T00:55:06.180" /><!-- duration: 0ms -->
        <step title="Determining deployment builder" date="2025-11-30T00:55:06.289" >
          <step title="Builder is OneDeployBuilder" date="2025-11-30T00:55:06.309" /><!-- duration: 0ms -->
        </step><!-- duration: 19ms -->
        <step title="Copying SSH keys" date="2025-11-30T00:55:06.321" /><!-- duration: 18ms -->
        <step title="Building" date="2025-11-30T00:55:06.352" >
          <step title="Running build. Project type: OneDeploy" date="2025-11-30T00:55:06.383" /><!-- duration: 0ms -->
          <step title="Copying the manifest" date="2025-11-30T00:55:06.481" /><!-- duration: 12ms -->
          <step title="Clean deploying to C:\home\site\wwwroot" date="2025-11-30T00:55:06.621" /><!-- duration: 12ms -->
          <step title="Generating deployment script." date="2025-11-30T00:55:06.727" /><!-- duration: 16ms -->
          <step title="Generating deployment script" date="2025-11-30T00:55:06.762" >
            <step title="Using cached version of the deployment script for command: -y --no-dot-deployment -r &quot;C:\local\Temp\zipdeploy\extracted&quot; -o &quot;C:\home\site\deployments\tools&quot; --basic --sitePath &quot;C:\local\Temp\zipdeploy\extracted&quot;" date="2025-11-30T00:55:06.993" /><!-- duration: 0ms -->
            <step title="Using cached version of deployment script (command: &apos;azure -y --no-dot-deployment -r &quot;C:\local\Temp\zipdeploy\extracted&quot; -o &quot;C:\home\site\deployments\tools&quot; --basic --sitePath &quot;C:\local\Temp\zipdeploy\extracted&quot;&apos;)." date="2025-11-30T00:55:07.008" /><!-- duration: 0ms -->
          </step><!-- duration: 262ms -->
          <step title="Running deployment command..." date="2025-11-30T00:55:07.071" /><!-- duration: 16ms -->
          <step title="Command: &quot;C:\home\site\deployments\tools\deploy.cmd&quot;" date="2025-11-30T00:55:07.105" /><!-- duration: 0ms -->
          <step title="Executing external process" date="2025-11-30T00:55:07.165" type="process" path="starter.cmd" arguments="&quot;C:\home\site\deployments\tools\deploy.cmd&quot;" >
            <step title="Handling Basic Web Site deployment." date="2025-11-30T00:55:09.794" /><!-- duration: 11ms -->
            <step title="Creating app_offline.htm" date="2025-11-30T00:55:12.856" /><!-- duration: 0ms -->
            <step title="KuduSync.NET from: &apos;C:\local\Temp\zipdeploy\extracted&apos; to: &apos;C:\home\site\wwwroot&apos;" date="2025-11-30T00:55:12.886" /><!-- duration: 13ms -->
            <step title="Deleting app_offline.htm" date="2025-11-30T00:55:12.916" /><!-- duration: 0ms -->
            <step title="Finished successfully." date="2025-11-30T00:55:12.977" /><!-- duration: 0ms -->
          </step><!-- duration: 5875ms -->
          <step title="Build completed succesfully." date="2025-11-30T00:55:13.196" /><!-- duration: 0ms -->
          <step title="Running post deployment command(s)..." date="2025-11-30T00:55:13.290" /><!-- duration: 78ms -->
          <step title="Requesting site restart" date="2025-11-30T00:55:13.557" /><!-- duration: 0ms -->
          <step title="Requesting site restart" date="2025-11-30T00:55:13.607" /><!-- duration: 11ms -->
          <step title="Requesting site restart. Attempt #1" date="2025-11-30T00:55:13.697" /><!-- duration: 20ms -->
          <step title="Requesting site restart. Attempt #1" date="2025-11-30T00:55:13.747" /><!-- duration: 11ms -->
          <step title="Successfully requested a restart. Attempt #1" date="2025-11-30T00:55:16.477" /><!-- duration: 0ms -->
          <step title="Successfully requested a restart. Attempt #1" date="2025-11-30T00:55:16.496" /><!-- duration: 12ms -->
          <step title="Deployment successful. DEPLOYMENTINFO: deploymentPath = OneDeploy, deployer = OneDeploy, os = windows, sku = Standard, siteName = CleverSyncSOS, siteHostName = cleversyncsos.azurewebsites.net, deploymentStatus = Success" date="2025-11-30T00:55:16.680" /><!-- duration: 17ms -->
          <step title="Purge deployment items" date="2025-11-30T00:55:17.260" >
            <step title="Remove ff72c8802, Success, received at 11/29/2025 1:06:51 PM" date="2025-11-30T00:55:17.383" /><!-- duration: 17ms -->
          </step><!-- duration: 141ms -->
        </step><!-- duration: 11129ms -->
      </step><!-- duration: 11581ms -->
      <step title="Cleaning up temp files" date="2025-11-30T00:55:17.541" /><!-- duration: 92ms -->
      <step title="Skip function trigger and logicapp sync because function is not enabled." date="2025-11-30T00:55:17.682" /><!-- duration: 20ms -->
    </step><!-- duration: 13985ms -->
    <step title="LockFile &apos;C:\home\site\locks\deployments.lock&apos; released" date="2025-11-30T00:55:17.762" /><!-- duration: 12ms -->
    <step title="Deleting shutdown sentinel file" date="2025-11-30T00:55:17.793" SemaphoreCount="8" /><!-- duration: 0ms -->
  </step><!-- duration: 15000ms -->
  <step title="Outgoing response" date="2025-11-30T00:55:17.903" type="response" statusCode="200" statusText="OK" Server="Microsoft-IIS/10.0" x-ms-request-id="30da4cf1-cd87-11f0-ad52-e02e0bc384b1" Cache-Control="private" X-AspNet-Version="4.0.30319" /><!-- duration: 12ms -->
</step><!-- duration: 17750ms -->
