<step title="Incoming Request" date="2025-11-30T21:28:35.351" instance="eef76b" url="/api/zipdeploy?isAsync=true" method="POST" type="request" pid="2440,2,7" Cache-Control="no-cache" Content-Length="9139591" Content-Type="application/octet-stream" Accept="*/*" Accept-Encoding="gzip, deflate" Authorization="Bas..." Host="cleversyncsos.scm.azurewebsites.net" User-Agent="AZURECLI/2.79.0 (MSI)" x-ms-client-request-id="8551fcc6-ce33-11f0-ba13-e02e0bc384b1" X-ARR-LOG-ID="8551fcc6-ce33-11f0-ba13-e02e0bc384b1" CLIENT-IP="208.102.8.31:55836" X-SITE-DEPLOYMENT-ID="CleverSyncSOS" WAS-DEFAULT-HOSTNAME="cleversyncsos.scm.azurewebsites.net" X-Forwarded-Proto="https" X-AppService-Proto="https" X-Forwarded-TlsVersion="1.3" X-WAWS-Unencoded-URL="/api/zipdeploy?isAsync=true" >
  <step title="Cleanup Xml Logs" date="2025-11-30T21:28:35.351" /><!-- duration: 0ms -->
  <step title="ZipPushDeploy" date="2025-11-30T21:28:35.602" >
    <step title="ZipDeploy. Extract zip. " date="2025-11-30T21:28:35.664" /><!-- duration: 0ms -->
    <step title="Starting PushDeployAsync" date="2025-11-30T21:28:35.682" /><!-- duration: 13ms -->
    <step title="Updating shutdown sentinel last write time" date="2025-11-30T21:28:35.914" SemaphoreCount="7" /><!-- duration: 0ms -->
    <step title="LockFile &apos;C:\home\site\locks\deployments.lock&apos; acquired" date="2025-11-30T21:28:35.930" /><!-- duration: 0ms -->
    <step title="Saving request content to C:\local\Temp\zipdeploy\ccdr4eeb.zip" date="2025-11-30T21:28:35.963" >
      <step title="Total 9,139,591 bytes written to C:\local\Temp\zipdeploy\ccdr4eeb.zip" date="2025-11-30T21:28:36.966" /><!-- duration: 0ms -->
    </step><!-- duration: 1023ms -->
    <step title="LockFile &apos;C:\home\site\locks\deployments.lock&apos; released" date="2025-11-30T21:28:36.997" /><!-- duration: 0ms -->
    <step title="Deleting shutdown sentinel file" date="2025-11-30T21:28:36.997" SemaphoreCount="8" /><!-- duration: 0ms -->
    <step title="Starting FetchDeploy" date="2025-11-30T21:28:37.016" /><!-- duration: 12ms -->
    <step title="Start deployment in the background" date="2025-11-30T21:28:37.028" /><!-- duration: 250ms -->
  </step><!-- duration: 1697ms -->
  <step title="Outgoing response" date="2025-11-30T21:28:37.359" type="response" statusCode="202" statusText="Accepted" Server="Microsoft-IIS/10.0" x-ms-request-id="8551fcc6-ce33-11f0-ba13-e02e0bc384b1" Retry-After="30" Cache-Control="private" X-AspNet-Version="4.0.30319" Location="https://cleversyncsos.scm.azurewebsites.net/api/deployments/latest?deployer=ZipDeploy&amp;time=2025-11-30_21-28-37Z" /><!-- duration: 50ms -->
</step><!-- duration: 2058ms -->
