<step title="Incoming Request" date="2025-11-30T23:18:04.581" instance="eef76b" url="/api/publish?type=zip&amp;async=True" method="POST" type="request" pid="15136,2,9" Cache-Control="no-cache" Content-Length="18243294" Content-Type="application/octet-stream" Accept="*/*" Accept-Encoding="gzip, deflate" Authorization="Bas..." Host="cleversyncsos.scm.azurewebsites.net" User-Agent="AZURECLI/2.79.0 (MSI)" x-ms-client-request-id="d055e63a-ce42-11f0-84d6-e02e0bc384b1" X-ARR-LOG-ID="d055e63a-ce42-11f0-84d6-e02e0bc384b1" CLIENT-IP="208.102.8.31:56516" X-SITE-DEPLOYMENT-ID="CleverSyncSOS" WAS-DEFAULT-HOSTNAME="cleversyncsos.scm.azurewebsites.net" X-Forwarded-Proto="https" X-AppService-Proto="https" X-Forwarded-TlsVersion="1.3" X-WAWS-Unencoded-URL="/api/publish?type=zip&amp;async=True" >
  <step title="Cleanup Xml Logs" date="2025-11-30T23:18:04.581" /><!-- duration: 16ms -->
  <step title="OneDeploy" date="2025-11-30T23:18:06.490" >
    <step title="Starting PushDeployAsync" date="2025-11-30T23:18:06.601" /><!-- duration: 11ms -->
    <step title="Updating shutdown sentinel last write time" date="2025-11-30T23:18:06.883" SemaphoreCount="7" /><!-- duration: 11ms -->
    <step title="LockFile &apos;C:\home\site\locks\deployments.lock&apos; acquired" date="2025-11-30T23:18:06.893" /><!-- duration: 0ms -->
    <step title="Saving request content to C:\local\Temp\zipdeploy\zsgau2bb.zip" date="2025-11-30T23:18:06.913" >
      <step title="Total 18,243,294 bytes written to C:\local\Temp\zipdeploy\zsgau2bb.zip" date="2025-11-30T23:18:07.487" /><!-- duration: 18ms -->
    </step><!-- duration: 606ms -->
    <step title="LockFile &apos;C:\home\site\locks\deployments.lock&apos; released" date="2025-11-30T23:18:07.518" /><!-- duration: 0ms -->
    <step title="Deleting shutdown sentinel file" date="2025-11-30T23:18:07.535" SemaphoreCount="8" /><!-- duration: 0ms -->
    <step title="Starting FetchDeploy" date="2025-11-30T23:18:07.535" /><!-- duration: 14ms -->
    <step title="Start deployment in the background" date="2025-11-30T23:18:07.565" >
      <step title="Starting LocalZipFetch" date="2025-11-30T23:18:07.990" /><!-- duration: 0ms -->
    </step><!-- duration: 1026ms -->
  </step><!-- duration: 2116ms -->
  <step title="Outgoing response" date="2025-11-30T23:18:14.450" type="response" statusCode="202" statusText="Accepted" Server="Microsoft-IIS/10.0" x-ms-request-id="d055e63a-ce42-11f0-84d6-e02e0bc384b1" Retry-After="30" Cache-Control="private" X-AspNet-Version="4.0.30319" Location="https://cleversyncsos.scm.azurewebsites.net/api/deployments/latest?deployer=OneDeploy&amp;time=2025-11-30_23-18-08Z" /><!-- duration: 16ms -->
</step><!-- duration: 9885ms -->
