<step title="Incoming Request" date="2025-11-30T23:13:11.249" instance="eef76b" url="/api/publish?type=zip&amp;async=True" method="POST" type="request" pid="15916,2,19" Cache-Control="no-cache" Content-Length="18242833" Content-Type="application/octet-stream" Accept="*/*" Accept-Encoding="gzip, deflate" Authorization="Bas..." Host="cleversyncsos.scm.azurewebsites.net" User-Agent="AZURECLI/2.79.0 (MSI)" x-ms-client-request-id="215bf647-ce42-11f0-b22b-e02e0bc384b1" X-ARR-LOG-ID="215bf647-ce42-11f0-b22b-e02e0bc384b1" CLIENT-IP="208.102.8.31:61649" X-SITE-DEPLOYMENT-ID="CleverSyncSOS" WAS-DEFAULT-HOSTNAME="cleversyncsos.scm.azurewebsites.net" X-Forwarded-Proto="https" X-AppService-Proto="https" X-Forwarded-TlsVersion="1.3" X-WAWS-Unencoded-URL="/api/publish?type=zip&amp;async=True" >
  <step title="Cleanup Xml Logs" date="2025-11-30T23:13:11.298" /><!-- duration: 30ms -->
  <step title="OneDeploy" date="2025-11-30T23:13:11.483" >
    <step title="Starting PushDeployAsync" date="2025-11-30T23:13:11.499" /><!-- duration: 0ms -->
    <step title="Updating shutdown sentinel last write time" date="2025-11-30T23:13:11.608" SemaphoreCount="7" /><!-- duration: 0ms -->
    <step title="LockFile &apos;C:\home\site\locks\deployments.lock&apos; acquired" date="2025-11-30T23:13:11.624" /><!-- duration: 0ms -->
    <step title="Saving request content to C:\local\Temp\zipdeploy\avd3vrhx.zip" date="2025-11-30T23:13:11.624" >
      <step title="Total 18,242,833 bytes written to C:\local\Temp\zipdeploy\avd3vrhx.zip" date="2025-11-30T23:13:12.092" /><!-- duration: 0ms -->
    </step><!-- duration: 489ms -->
    <step title="LockFile &apos;C:\home\site\locks\deployments.lock&apos; released" date="2025-11-30T23:13:12.124" /><!-- duration: 0ms -->
    <step title="Deleting shutdown sentinel file" date="2025-11-30T23:13:12.124" SemaphoreCount="8" /><!-- duration: 0ms -->
    <step title="Starting FetchDeploy" date="2025-11-30T23:13:12.139" /><!-- duration: 0ms -->
    <step title="Start deployment in the background" date="2025-11-30T23:13:12.139" >
      <step title="Starting LocalZipFetch" date="2025-11-30T23:13:12.405" /><!-- duration: 20ms -->
    </step><!-- duration: 1085ms -->
  </step><!-- duration: 1741ms -->
  <step title="Outgoing response" date="2025-11-30T23:13:16.724" type="response" statusCode="202" statusText="Accepted" Server="Microsoft-IIS/10.0" x-ms-request-id="215bf647-ce42-11f0-b22b-e02e0bc384b1" Retry-After="30" Cache-Control="private" X-AspNet-Version="4.0.30319" Location="https://cleversyncsos.scm.azurewebsites.net/api/deployments/latest?deployer=OneDeploy&amp;time=2025-11-30_23-13-13Z" /><!-- duration: 18ms -->
</step><!-- duration: 5494ms -->
