<step title="Incoming Request" date="2025-11-29T14:15:26.088" instance="eef76b" url="/api/publish?type=zip" method="POST" type="request" pid="8604,2,17" Cache-Control="no-cache" Content-Length="8853165" Content-Type="application/octet-stream" Accept="*/*" Accept-Encoding="gzip, deflate" Authorization="Bas..." Host="cleversyncsos.scm.azurewebsites.net" User-Agent="AZURECLI/2.79.0 (MSI)" x-ms-client-request-id="d7fda9dd-cd2d-11f0-9c90-e02e0bc384b1" X-ARR-LOG-ID="d7fda9dd-cd2d-11f0-9c90-e02e0bc384b1" CLIENT-IP="208.102.8.31:64510" X-SITE-DEPLOYMENT-ID="CleverSyncSOS" WAS-DEFAULT-HOSTNAME="cleversyncsos.scm.azurewebsites.net" X-Forwarded-Proto="https" X-AppService-Proto="https" X-Forwarded-TlsVersion="1.3" X-WAWS-Unencoded-URL="/api/publish?type=zip" >
  <step title="Cleanup Xml Logs" date="2025-11-29T14:15:26.088" /><!-- duration: 15ms -->
  <step title="OneDeploy" date="2025-11-29T14:15:26.120" >
    <step title="Starting PushDeployAsync" date="2025-11-29T14:15:26.120" /><!-- duration: 0ms -->
    <step title="Updating shutdown sentinel last write time" date="2025-11-29T14:15:26.135" SemaphoreCount="7" /><!-- duration: 0ms -->
    <step title="LockFile &apos;C:\home\site\locks\deployments.lock&apos; acquired" date="2025-11-29T14:15:26.169" /><!-- duration: 0ms -->
    <step title="Saving request content to C:\local\Temp\zipdeploy\uppdmvch.zip" date="2025-11-29T14:15:26.182" >
      <step title="Total 8,853,165 bytes written to C:\local\Temp\zipdeploy\uppdmvch.zip" date="2025-11-29T14:15:27.339" /><!-- duration: 0ms -->
    </step><!-- duration: 1172ms -->
    <step title="LockFile &apos;C:\home\site\locks\deployments.lock&apos; released" date="2025-11-29T14:15:27.370" /><!-- duration: 0ms -->
    <step title="Deleting shutdown sentinel file" date="2025-11-29T14:15:27.389" SemaphoreCount="8" /><!-- duration: 0ms -->
    <step title="Starting FetchDeploy" date="2025-11-29T14:15:27.389" /><!-- duration: 12ms -->
    <step title="Attempting to fetch target branch HEAD" date="2025-11-29T14:15:27.401" /><!-- duration: 0ms -->
    <step title="Updating shutdown sentinel last write time" date="2025-11-29T14:15:27.401" SemaphoreCount="7" /><!-- duration: 0ms -->
    <step title="LockFile &apos;C:\home\site\locks\deployments.lock&apos; acquired" date="2025-11-29T14:15:27.432" /><!-- duration: 0ms -->
    <step title="Performing fetch based deployment" date="2025-11-29T14:15:27.432" >
      <step title="Creating temporary deployment" date="2025-11-29T14:15:27.449" /><!-- duration: 30ms -->
      <step title="Fetching changes." date="2025-11-29T14:15:27.544" /><!-- duration: 13ms -->
      <step title="Starting LocalZipHandler" date="2025-11-29T14:15:27.573" /><!-- duration: 21ms -->
      <step title="Starting LocalZipFetch" date="2025-11-29T14:15:27.594" /><!-- duration: 0ms -->
      <step title="Cleaning up temp folders from previous zip deployments and extracting pushed zip file C:\local\Temp\zipdeploy\uppdmvch.zip (8.44 MB) to C:\local\Temp\zipdeploy\extracted" date="2025-11-29T14:15:27.604" /><!-- duration: 0ms -->
      <step title="Cleaning up temp folders from previous zip deployments and extracting pushed zip file C:\local\Temp\zipdeploy\uppdmvch.zip (8.44 MB) to C:\local\Temp\zipdeploy\extracted" date="2025-11-29T14:15:27.604" >
        <step title="Renaming extractTargetDirectory(C:\local\Temp\zipdeploy\extracted) to tempDirectory(C:\local\Temp\zipdeploy\2chtubtt.cxz)" date="2025-11-29T14:15:27.604" /><!-- duration: 0ms -->
        <step title="Extracting 213 entries to C:\local\Temp\zipdeploy\extracted directory" date="2025-11-29T14:15:27.620" >
          <step title="Extracting to C:\local\Temp\zipdeploy\extracted\publish\appsettings.Development.json ..." date="2025-11-29T14:15:27.838" /><!-- duration: 17ms -->
          <step title="Extracting to C:\local\Temp\zipdeploy\extracted\publish\appsettings.json ..." date="2025-11-29T14:15:27.855" /><!-- duration: 92ms -->
          <step title="Extracting to C:\local\Temp\zipdeploy\extracted\publish\appsettings.Production.json ..." date="2025-11-29T14:15:27.948" /><!-- duration: 18ms -->
          <step title="Extracting to C:\local\Temp\zipdeploy\extracted\publish\CleverSyncSOS.AdminPortal.deps.json ..." date="2025-11-29T14:15:27.979" /><!-- duration: 17ms -->
          <step title="Extracting to C:\local\Temp\zipdeploy\extracted\publish\CleverSyncSOS.AdminPortal.runtimeconfig.json ..." date="2025-11-29T14:15:27.996" /><!-- duration: 20ms -->
          <step title="Omitting extracting file traces ..." date="2025-11-29T14:15:28.026" /><!-- duration: 0ms -->
        </step><!-- duration: 2172ms -->
      </step><!-- duration: 2207ms -->
      <step title="None repository commit" date="2025-11-29T14:15:29.811" >
        <step title="Commit id: 7b5ca76aff424dd1bc35e2e5722a1a6d" date="2025-11-29T14:15:29.854" Message="OneDeploy" AuthorName="N/A" AuthorEmail="N/A" /><!-- duration: 18ms -->
      </step><!-- duration: 60ms -->
      <step title="Before sending BuildRequestReceived status to /api/updatedeploystatus" date="2025-11-29T14:15:29.892" /><!-- duration: 30ms -->
      <step title="DeploymentManager.Deploy(id:7b5ca76aff424dd1bc35e2e5722a1a6d)" date="2025-11-29T14:15:29.932" >
        <step title="Collecting changeset information" date="2025-11-29T14:15:29.932" /><!-- duration: 130ms -->
        <step title="Updating submodules" date="2025-11-29T14:15:30.073" >
          <step title="Updating submodules." date="2025-11-29T14:15:30.183" /><!-- duration: 20ms -->
        </step><!-- duration: 141ms -->
        <step title="Preparing deployment for commit id &apos;7b5ca76aff&apos;." date="2025-11-29T14:15:30.354" /><!-- duration: 19ms -->
        <step title="Determining deployment builder" date="2025-11-29T14:15:30.403" >
          <step title="Builder is OneDeployBuilder" date="2025-11-29T14:15:30.416" /><!-- duration: 0ms -->
        </step><!-- duration: 14ms -->
        <step title="Copying SSH keys" date="2025-11-29T14:15:30.432" /><!-- duration: 21ms -->
        <step title="Building" date="2025-11-29T14:15:30.463" >
          <step title="Running build. Project type: OneDeploy" date="2025-11-29T14:15:30.715" /><!-- duration: 61ms -->
          <step title="Copying the manifest" date="2025-11-29T14:15:30.966" /><!-- duration: 13ms -->
          <step title="Clean deploying to C:\home\site\wwwroot" date="2025-11-29T14:15:31.088" /><!-- duration: 0ms -->
          <step title="Generating deployment script." date="2025-11-29T14:15:31.187" /><!-- duration: 0ms -->
          <step title="Generating deployment script" date="2025-11-29T14:15:31.198" >
            <step title="Using cached version of the deployment script for command: -y --no-dot-deployment -r &quot;C:\local\Temp\zipdeploy\extracted&quot; -o &quot;C:\home\site\deployments\tools&quot; --basic --sitePath &quot;C:\local\Temp\zipdeploy\extracted&quot;" date="2025-11-29T14:15:31.229" /><!-- duration: 18ms -->
            <step title="Using cached version of deployment script (command: &apos;azure -y --no-dot-deployment -r &quot;C:\local\Temp\zipdeploy\extracted&quot; -o &quot;C:\home\site\deployments\tools&quot; --basic --sitePath &quot;C:\local\Temp\zipdeploy\extracted&quot;&apos;)." date="2025-11-29T14:15:31.308" /><!-- duration: 20ms -->
          </step><!-- duration: 203ms -->
          <step title="Running deployment command..." date="2025-11-29T14:15:31.608" /><!-- duration: 12ms -->
          <step title="Command: &quot;C:\home\site\deployments\tools\deploy.cmd&quot;" date="2025-11-29T14:15:31.698" /><!-- duration: 0ms -->
          <step title="Executing external process" date="2025-11-29T14:15:31.870" type="process" path="starter.cmd" arguments="&quot;C:\home\site\deployments\tools\deploy.cmd&quot;" >
            <step title="Handling Basic Web Site deployment." date="2025-11-29T14:15:32.935" /><!-- duration: 0ms -->
            <step title="Creating app_offline.htm" date="2025-11-29T14:15:35.297" /><!-- duration: 0ms -->
            <step title="KuduSync.NET from: &apos;C:\local\Temp\zipdeploy\extracted&apos; to: &apos;C:\home\site\wwwroot&apos;" date="2025-11-29T14:15:35.307" /><!-- duration: 20ms -->
            <step title="Copying file: &apos;CleverSyncSOS.AdminPortal.dll&apos;" date="2025-11-29T14:15:35.338" /><!-- duration: 19ms -->
            <step title="Copying file: &apos;CleverSyncSOS.AdminPortal.exe&apos;" date="2025-11-29T14:15:35.388" /><!-- duration: 0ms -->
            <step title="Copying file: &apos;CleverSyncSOS.AdminPortal.pdb&apos;" date="2025-11-29T14:15:35.401" /><!-- duration: 17ms -->
            <step title="Copying file: &apos;publish\CleverSyncSOS.AdminPortal.staticwebassets.endpoints.json&apos;" date="2025-11-29T14:15:35.438" /><!-- duration: 10ms -->
            <step title="Copying file: &apos;publish\publish\publish\publish\publish\publish\publish\publish\publish\publish\publish\publish\publish\appsettings.Development.json&apos;" date="2025-11-29T14:15:35.468" /><!-- duration: 11ms -->
            <step title="Copying file: &apos;publish\publish\publish\publish\publish\publish\publish\publish\publish\publish\publish\publish\publish\appsettings.json&apos;" date="2025-11-29T14:15:35.498" /><!-- duration: 0ms -->
            <step title="Copying file: &apos;publish\publish\publish\publish\publish\publish\publish\publish\publish\publish\publish\publish\publish\appsettings.Production.json&apos;" date="2025-11-29T14:15:35.528" /><!-- duration: 0ms -->
            <step title="Copying file: &apos;publish\publish\publish\publish\publish\publish\publish\publish\publish\publish\publish\publish\publish\CleverSyncSOS.AdminPortal.deps.json&apos;" date="2025-11-29T14:15:35.558" /><!-- duration: 0ms -->
            <step title="Copying file: &apos;publish\publish\publish\publish\publish\publish\publish\publish\publish\publish\publish\publish\publish\CleverSyncSOS.AdminPortal.runtimeconfig.json&apos;" date="2025-11-29T14:15:35.950" /><!-- duration: 0ms -->
            <step title="Copying file: &apos;publish\publish\publish\publish\publish\publish\publish\publish\publish\publish\publish\publish\publish\CleverSyncSOS.AdminPortal.staticwebassets.endpoints.json&apos;" date="2025-11-29T14:15:36.001" /><!-- duration: 0ms -->
            <step title="Copying file: &apos;publish\publish\publish\publish\publish\publish\publish\publish\publish\publish\publish\publish\publish\web.config&apos;" date="2025-11-29T14:15:36.121" /><!-- duration: 233ms -->
            <step title="Deleting app_offline.htm" date="2025-11-29T14:15:36.385" /><!-- duration: 17ms -->
            <step title="Finished successfully." date="2025-11-29T14:15:36.417" /><!-- duration: 0ms -->
          </step><!-- duration: 4563ms -->
          <step title="Build completed succesfully." date="2025-11-29T14:15:36.513" /><!-- duration: 0ms -->
          <step title="Running post deployment command(s)..." date="2025-11-29T14:15:36.604" /><!-- duration: 0ms -->
          <step title="Requesting site restart" date="2025-11-29T14:15:36.714" /><!-- duration: 0ms -->
          <step title="Requesting site restart" date="2025-11-29T14:15:36.734" /><!-- duration: 10ms -->
          <step title="Requesting site restart. Attempt #1" date="2025-11-29T14:15:37.198" /><!-- duration: 160ms -->
          <step title="Requesting site restart. Attempt #1" date="2025-11-29T14:15:38.436" /><!-- duration: 12ms -->
          <step title="Successfully requested a restart. Attempt #1" date="2025-11-29T14:15:38.792" /><!-- duration: 19ms -->
          <step title="Successfully requested a restart. Attempt #1" date="2025-11-29T14:15:38.823" /><!-- duration: 0ms -->
          <step title="Deployment successful. DEPLOYMENTINFO: deploymentPath = OneDeploy, deployer = OneDeploy, os = windows, sku = Standard, siteName = CleverSyncSOS, siteHostName = cleversyncsos.azurewebsites.net, deploymentStatus = Success" date="2025-11-29T14:15:39.213" /><!-- duration: 19ms -->
          <step title="Purge deployment items" date="2025-11-29T14:15:39.715" >
            <step title="Remove ab9614adc, Success, received at 11/29/2025 12:57:47 PM" date="2025-11-29T14:15:39.807" /><!-- duration: 19ms -->
          </step><!-- duration: 111ms -->
        </step><!-- duration: 9392ms -->
      </step><!-- duration: 9924ms -->
      <step title="Cleaning up temp files" date="2025-11-29T14:15:40.057" /><!-- duration: 220ms -->
      <step title="Skip function trigger and logicapp sync because function is not enabled." date="2025-11-29T14:15:40.921" /><!-- duration: 389ms -->
    </step><!-- duration: 14110ms -->
    <step title="LockFile &apos;C:\home\site\locks\deployments.lock&apos; released" date="2025-11-29T14:15:41.562" /><!-- duration: 0ms -->
    <step title="Deleting shutdown sentinel file" date="2025-11-29T14:15:41.573" SemaphoreCount="8" /><!-- duration: 0ms -->
  </step><!-- duration: 15472ms -->
  <step title="Outgoing response" date="2025-11-29T14:15:41.713" type="response" statusCode="200" statusText="OK" Server="Microsoft-IIS/10.0" x-ms-request-id="d7fda9dd-cd2d-11f0-9c90-e02e0bc384b1" Cache-Control="private" X-AspNet-Version="4.0.30319" /><!-- duration: 49ms -->
</step><!-- duration: 15704ms -->
