﻿<?xml version="1.0" encoding="utf-8"?>
<deployment>
  <id>fa2f81317dd24601bfa6159dbbc318ee</id>
  <author>N/A</author>
  <deployer>OneDeploy</deployer>
  <authorEmail>N/A</authorEmail>
  <message>OneDeploy</message>
  <progress></progress>
  <status>Success</status>
  <statusText></statusText>
  <lastSuccessEndTime>2025-12-02T14:54:48.8523006Z</lastSuccessEndTime>
  <receivedTime>2025-12-02T14:54:41.855551Z</receivedTime>
  <startTime>2025-12-02T14:54:43.2911701Z</startTime>
  <endTime>2025-12-02T14:54:48.8523006Z</endTime>
  <complete>True</complete>
  <is_temp>False</is_temp>
  <is_readonly>True</is_readonly>
  <project_type>OneDeploy</project_type>
  <vsproject_id></vsproject_id>
</deployment>