﻿<?xml version="1.0" encoding="utf-8"?>
<deployment>
  <id>13e9a51c8bc34fcbb75fa28831005335</id>
  <author>N/A</author>
  <deployer>ZipDeploy</deployer>
  <authorEmail>N/A</authorEmail>
  <message>Created via a push deployment</message>
  <progress></progress>
  <status>Success</status>
  <statusText></statusText>
  <lastSuccessEndTime>2025-11-30T21:37:24.7648761Z</lastSuccessEndTime>
  <receivedTime>2025-11-30T21:37:21.3795465Z</receivedTime>
  <startTime>2025-11-30T21:37:22.0148573Z</startTime>
  <endTime>2025-11-30T21:37:24.7648761Z</endTime>
  <complete>True</complete>
  <is_temp>False</is_temp>
  <is_readonly>True</is_readonly>
  <project_type>BASIC</project_type>
  <vsproject_id></vsproject_id>
</deployment>