﻿<?xml version="1.0" encoding="utf-8"?>
<deployment>
  <id>5122d20fb0ab4f769c3680f80d8df187</id>
  <author>N/A</author>
  <deployer>OneDeploy</deployer>
  <authorEmail>N/A</authorEmail>
  <message>OneDeploy</message>
  <progress></progress>
  <status>Success</status>
  <statusText></statusText>
  <lastSuccessEndTime>2025-11-29T13:35:11.9391466Z</lastSuccessEndTime>
  <receivedTime>2025-11-29T13:34:58.6090545Z</receivedTime>
  <startTime>2025-11-29T13:34:58.8603744Z</startTime>
  <endTime>2025-11-29T13:35:11.9391466Z</endTime>
  <complete>True</complete>
  <is_temp>False</is_temp>
  <is_readonly>True</is_readonly>
  <project_type>OneDeploy</project_type>
  <vsproject_id></vsproject_id>
</deployment>