﻿<?xml version="1.0" encoding="utf-8"?>
<deployment>
  <id>d418ea8d0efa4ffd99181bde08d799a8</id>
  <author>N/A</author>
  <deployer>OneDeploy</deployer>
  <authorEmail>N/A</authorEmail>
  <message>OneDeploy</message>
  <progress></progress>
  <status>Success</status>
  <statusText></statusText>
  <lastSuccessEndTime>2025-12-01T01:14:14.1541809Z</lastSuccessEndTime>
  <receivedTime>2025-12-01T01:14:05.8884869Z</receivedTime>
  <startTime>2025-12-01T01:14:06.1697388Z</startTime>
  <endTime>2025-12-01T01:14:14.1541809Z</endTime>
  <complete>True</complete>
  <is_temp>False</is_temp>
  <is_readonly>True</is_readonly>
  <project_type>OneDeploy</project_type>
  <vsproject_id></vsproject_id>
</deployment>