﻿<?xml version="1.0" encoding="utf-8"?>
<deployment>
  <id>fd5475ee3fcd4a2db66f1803761c52d7</id>
  <author>N/A</author>
  <deployer>OneDeploy</deployer>
  <authorEmail>N/A</authorEmail>
  <message>OneDeploy</message>
  <progress></progress>
  <status>Success</status>
  <statusText></statusText>
  <lastSuccessEndTime>2025-11-30T22:49:33.8840862Z</lastSuccessEndTime>
  <receivedTime>2025-11-30T22:49:26.7255627Z</receivedTime>
  <startTime>2025-11-30T22:49:27.3371717Z</startTime>
  <endTime>2025-11-30T22:49:33.8840862Z</endTime>
  <complete>True</complete>
  <is_temp>False</is_temp>
  <is_readonly>True</is_readonly>
  <project_type>OneDeploy</project_type>
  <vsproject_id></vsproject_id>
</deployment>