﻿<?xml version="1.0" encoding="utf-8"?>
<deployment>
  <id>7a8b7ea575ae46bd854e8fc211fda8e8</id>
  <author>N/A</author>
  <deployer>OneDeploy</deployer>
  <authorEmail>N/A</authorEmail>
  <message>OneDeploy</message>
  <progress></progress>
  <status>Success</status>
  <statusText></statusText>
  <lastSuccessEndTime>2025-12-01T00:33:38.2136813Z</lastSuccessEndTime>
  <receivedTime>2025-12-01T00:33:28.9747309Z</receivedTime>
  <startTime>2025-12-01T00:33:29.3472743Z</startTime>
  <endTime>2025-12-01T00:33:38.2136813Z</endTime>
  <complete>True</complete>
  <is_temp>False</is_temp>
  <is_readonly>True</is_readonly>
  <project_type>OneDeploy</project_type>
  <vsproject_id></vsproject_id>
</deployment>