{"TimeStamp":"2025-11-30T00:54:12Z","SiteName":"cleversyncprod-fn","RequestId":"36ab22e7-bbc2-484b-b0c2-2956c740851f","Kind":"ZipDeploy","Status":"Success","Details":"{\"Id\":\"5b3204af57334888b8cc1a5a2495b06d\",\"Status\":4,\"StatusText\":\"\",\"AuthorEmail\":\"N/A\",\"Author\":\"N/A\",\"Message\":\"Created via a push deployment\",\"Progress\":\"\",\"Deployer\":\"ZipDeploy\",\"ReceivedTime\":\"2025-11-30T00:54:10.8981064Z\",\"StartTime\":\"2025-11-30T00:54:11.3668834Z\",\"EndTime\":\"2025-11-30T00:54:12.3356261Z\",\"LastSuccessEndTime\":\"2025-11-30T00:54:12.3356261Z\",\"Complete\":true,\"IsTemporary\":false,\"IsReadOnly\":true,\"SiteName\":\"cleversyncprod-fn\",\"HostName\":\"cleversyncprod-fn.scm.azurewebsites.net\",\"ProjectType\":\"Run-From-Zip\",\"VsProjectId\":null}"}