{"TimeStamp":"2025-12-02T14:54:48Z","SiteName":"CleverSyncSOS","RequestId":"cd1b324f-cf8e-11f0-b29f-e02e0bc384b1","Kind":"OneDeploy","Status":"Success","Details":"{\"Id\":\"fa2f81317dd24601bfa6159dbbc318ee\",\"Status\":4,\"StatusText\":\"\",\"AuthorEmail\":\"N/A\",\"Author\":\"N/A\",\"Message\":\"OneDeploy\",\"Progress\":\"\",\"Deployer\":\"OneDeploy\",\"ReceivedTime\":\"2025-12-02T14:54:41.855551Z\",\"StartTime\":\"2025-12-02T14:54:43.2911701Z\",\"EndTime\":\"2025-12-02T14:54:48.8523006Z\",\"LastSuccessEndTime\":\"2025-12-02T14:54:48.8523006Z\",\"Complete\":true,\"IsTemporary\":false,\"IsReadOnly\":true,\"SiteName\":\"CleverSyncSOS\",\"HostName\":\"cleversyncsos.scm.azurewebsites.net\",\"ProjectType\":\"OneDeploy\",\"VsProjectId\":null}"}