<step title="Incoming Request" date="2025-11-29T12:57:45.179" instance="eef76b" url="/api/publish?type=zip" method="POST" type="request" pid="8604,2,57" Cache-Control="no-cache" Content-Length="7911291" Content-Type="application/octet-stream" Accept="*/*" Accept-Encoding="gzip, deflate" Authorization="Bas..." Host="cleversyncsos.scm.azurewebsites.net" User-Agent="AZURECLI/2.79.0 (MSI)" x-ms-client-request-id="fc4b3fdd-cd22-11f0-8dc8-e02e0bc384b1" X-ARR-LOG-ID="fc4b3fdd-cd22-11f0-8dc8-e02e0bc384b1" CLIENT-IP="208.102.8.31:53139" X-SITE-DEPLOYMENT-ID="CleverSyncSOS" WAS-DEFAULT-HOSTNAME="cleversyncsos.scm.azurewebsites.net" X-Forwarded-Proto="https" X-AppService-Proto="https" X-Forwarded-TlsVersion="1.3" X-WAWS-Unencoded-URL="/api/publish?type=zip" >
  <step title="Cleanup Xml Logs" date="2025-11-29T12:57:45.194" /><!-- duration: 0ms -->
  <step title="OneDeploy" date="2025-11-29T12:57:45.257" >
    <step title="Starting PushDeployAsync" date="2025-11-29T12:57:45.288" /><!-- duration: 0ms -->
    <step title="Updating shutdown sentinel last write time" date="2025-11-29T12:57:45.397" SemaphoreCount="7" /><!-- duration: 0ms -->
    <step title="LockFile &apos;C:\home\site\locks\deployments.lock&apos; acquired" date="2025-11-29T12:57:45.413" /><!-- duration: 0ms -->
    <step title="Saving request content to C:\local\Temp\zipdeploy\lvr0dr10.zip" date="2025-11-29T12:57:45.413" >
      <step title="Total 7,911,291 bytes written to C:\local\Temp\zipdeploy\lvr0dr10.zip" date="2025-11-29T12:57:45.650" /><!-- duration: 13ms -->
    </step><!-- duration: 250ms -->
    <step title="LockFile &apos;C:\home\site\locks\deployments.lock&apos; released" date="2025-11-29T12:57:45.663" /><!-- duration: 0ms -->
    <step title="Deleting shutdown sentinel file" date="2025-11-29T12:57:45.663" SemaphoreCount="8" /><!-- duration: 0ms -->
    <step title="Starting FetchDeploy" date="2025-11-29T12:57:45.680" /><!-- duration: 0ms -->
    <step title="Attempting to fetch target branch HEAD" date="2025-11-29T12:57:45.680" /><!-- duration: 14ms -->
    <step title="Updating shutdown sentinel last write time" date="2025-11-29T12:57:45.710" SemaphoreCount="7" /><!-- duration: 0ms -->
    <step title="LockFile &apos;C:\home\site\locks\deployments.lock&apos; acquired" date="2025-11-29T12:57:45.726" /><!-- duration: 0ms -->
    <step title="Performing fetch based deployment" date="2025-11-29T12:57:45.726" >
      <step title="Creating temporary deployment" date="2025-11-29T12:57:45.741" /><!-- duration: 31ms -->
      <step title="Fetching changes." date="2025-11-29T12:57:45.913" /><!-- duration: 19ms -->
      <step title="Starting LocalZipHandler" date="2025-11-29T12:57:45.944" /><!-- duration: 0ms -->
      <step title="Starting LocalZipFetch" date="2025-11-29T12:57:45.944" /><!-- duration: 16ms -->
      <step title="Cleaning up temp folders from previous zip deployments and extracting pushed zip file C:\local\Temp\zipdeploy\lvr0dr10.zip (7.54 MB) to C:\local\Temp\zipdeploy\extracted" date="2025-11-29T12:57:45.960" /><!-- duration: 16ms -->
      <step title="Cleaning up temp folders from previous zip deployments and extracting pushed zip file C:\local\Temp\zipdeploy\lvr0dr10.zip (7.54 MB) to C:\local\Temp\zipdeploy\extracted" date="2025-11-29T12:57:45.976" >
        <step title="Renaming extractTargetDirectory(C:\local\Temp\zipdeploy\extracted) to tempDirectory(C:\local\Temp\zipdeploy\0ep4keqk.sad)" date="2025-11-29T12:57:45.976" /><!-- duration: 16ms -->
        <step title="Extracting 142 entries to C:\local\Temp\zipdeploy\extracted directory" date="2025-11-29T12:57:46.054" >
          <step title="Extracting to C:\local\Temp\zipdeploy\extracted\publish\appsettings.Development.json ..." date="2025-11-29T12:57:46.215" /><!-- duration: 11ms -->
          <step title="Extracting to C:\local\Temp\zipdeploy\extracted\publish\appsettings.json ..." date="2025-11-29T12:57:46.226" /><!-- duration: 0ms -->
          <step title="Extracting to C:\local\Temp\zipdeploy\extracted\publish\appsettings.Production.json ..." date="2025-11-29T12:57:46.241" /><!-- duration: 0ms -->
          <step title="Extracting to C:\local\Temp\zipdeploy\extracted\publish\CleverSyncSOS.AdminPortal.deps.json ..." date="2025-11-29T12:57:46.241" /><!-- duration: 0ms -->
          <step title="Extracting to C:\local\Temp\zipdeploy\extracted\publish\CleverSyncSOS.AdminPortal.runtimeconfig.json ..." date="2025-11-29T12:57:46.257" /><!-- duration: 0ms -->
          <step title="Omitting extracting file traces ..." date="2025-11-29T12:57:46.257" /><!-- duration: 0ms -->
        </step><!-- duration: 1659ms -->
      </step><!-- duration: 1750ms -->
      <step title="None repository commit" date="2025-11-29T12:57:47.742" >
        <step title="Commit id: ab9614adc146458d89d9646b0c185ccf" date="2025-11-29T12:57:47.763" Message="OneDeploy" AuthorName="N/A" AuthorEmail="N/A" /><!-- duration: 10ms -->
      </step><!-- duration: 30ms -->
      <step title="Before sending BuildRequestReceived status to /api/updatedeploystatus" date="2025-11-29T12:57:47.773" /><!-- duration: 20ms -->
      <step title="DeploymentManager.Deploy(id:ab9614adc146458d89d9646b0c185ccf)" date="2025-11-29T12:57:47.793" >
        <step title="Collecting changeset information" date="2025-11-29T12:57:47.804" /><!-- duration: 99ms -->
        <step title="Updating submodules" date="2025-11-29T12:57:47.913" >
          <step title="Updating submodules." date="2025-11-29T12:57:47.963" /><!-- duration: 12ms -->
        </step><!-- duration: 62ms -->
        <step title="Preparing deployment for commit id &apos;ab9614adc1&apos;." date="2025-11-29T12:57:48.054" /><!-- duration: 31ms -->
        <step title="Determining deployment builder" date="2025-11-29T12:57:48.184" >
          <step title="Builder is OneDeployBuilder" date="2025-11-29T12:57:48.214" /><!-- duration: 12ms -->
        </step><!-- duration: 42ms -->
        <step title="Copying SSH keys" date="2025-11-29T12:57:48.226" /><!-- duration: 16ms -->
        <step title="Building" date="2025-11-29T12:57:48.241" >
          <step title="Running build. Project type: OneDeploy" date="2025-11-29T12:57:48.294" /><!-- duration: 10ms -->
          <step title="Copying the manifest" date="2025-11-29T12:57:48.398" /><!-- duration: 0ms -->
          <step title="Clean deploying to C:\home\site\wwwroot" date="2025-11-29T12:57:48.476" /><!-- duration: 31ms -->
          <step title="Generating deployment script." date="2025-11-29T12:57:48.569" /><!-- duration: 0ms -->
          <step title="Generating deployment script" date="2025-11-29T12:57:48.569" >
            <step title="Using cached version of the deployment script for command: -y --no-dot-deployment -r &quot;C:\local\Temp\zipdeploy\extracted&quot; -o &quot;C:\home\site\deployments\tools&quot; --basic --sitePath &quot;C:\local\Temp\zipdeploy\extracted&quot;" date="2025-11-29T12:57:48.648" /><!-- duration: 0ms -->
            <step title="Using cached version of deployment script (command: &apos;azure -y --no-dot-deployment -r &quot;C:\local\Temp\zipdeploy\extracted&quot; -o &quot;C:\home\site\deployments\tools&quot; --basic --sitePath &quot;C:\local\Temp\zipdeploy\extracted&quot;&apos;)." date="2025-11-29T12:57:48.663" /><!-- duration: 0ms -->
          </step><!-- duration: 109ms -->
          <step title="Running deployment command..." date="2025-11-29T12:57:48.710" /><!-- duration: 0ms -->
          <step title="Command: &quot;C:\home\site\deployments\tools\deploy.cmd&quot;" date="2025-11-29T12:57:48.727" /><!-- duration: 0ms -->
          <step title="Executing external process" date="2025-11-29T12:57:48.741" type="process" path="starter.cmd" arguments="&quot;C:\home\site\deployments\tools\deploy.cmd&quot;" >
            <step title="Handling Basic Web Site deployment." date="2025-11-29T12:57:49.713" /><!-- duration: 0ms -->
            <step title="Creating app_offline.htm" date="2025-11-29T12:57:54.492" /><!-- duration: 20ms -->
            <step title="KuduSync.NET from: &apos;C:\local\Temp\zipdeploy\extracted&apos; to: &apos;C:\home\site\wwwroot&apos;" date="2025-11-29T12:57:54.523" /><!-- duration: 20ms -->
            <step title="Copying file: &apos;CleverSyncSOS.AdminPortal.dll&apos;" date="2025-11-29T12:57:54.554" /><!-- duration: 19ms -->
            <step title="Copying file: &apos;CleverSyncSOS.AdminPortal.exe&apos;" date="2025-11-29T12:57:54.585" /><!-- duration: 48ms -->
            <step title="Copying file: &apos;CleverSyncSOS.AdminPortal.pdb&apos;" date="2025-11-29T12:57:55.913" /><!-- duration: 67ms -->
            <step title="Copying file: &apos;publish\publish\publish\appsettings.Development.json&apos;" date="2025-11-29T12:57:56.041" /><!-- duration: 0ms -->
            <step title="Copying file: &apos;publish\publish\publish\appsettings.json&apos;" date="2025-11-29T12:57:56.041" /><!-- duration: 0ms -->
            <step title="Copying file: &apos;publish\publish\publish\appsettings.Production.json&apos;" date="2025-11-29T12:57:56.054" /><!-- duration: 0ms -->
            <step title="Copying file: &apos;publish\publish\publish\CleverSyncSOS.AdminPortal.deps.json&apos;" date="2025-11-29T12:57:56.054" /><!-- duration: 16ms -->
            <step title="Copying file: &apos;publish\publish\publish\CleverSyncSOS.AdminPortal.runtimeconfig.json&apos;" date="2025-11-29T12:57:56.085" /><!-- duration: 0ms -->
            <step title="Copying file: &apos;publish\publish\publish\CleverSyncSOS.AdminPortal.staticwebassets.endpoints.json&apos;" date="2025-11-29T12:57:56.085" /><!-- duration: 16ms -->
            <step title="Copying file: &apos;publish\publish\publish\web.config&apos;" date="2025-11-29T12:57:56.116" /><!-- duration: 0ms -->
            <step title="Deleting app_offline.htm" date="2025-11-29T12:57:56.132" /><!-- duration: 141ms -->
            <step title="Finished successfully." date="2025-11-29T12:57:56.292" /><!-- duration: 12ms -->
          </step><!-- duration: 7563ms -->
          <step title="Build completed succesfully." date="2025-11-29T12:57:56.476" /><!-- duration: 0ms -->
          <step title="Running post deployment command(s)..." date="2025-11-29T12:57:56.664" /><!-- duration: 15ms -->
          <step title="Requesting site restart" date="2025-11-29T12:57:57.210" /><!-- duration: 17ms -->
          <step title="Requesting site restart" date="2025-11-29T12:57:57.227" /><!-- duration: 20ms -->
          <step title="Requesting site restart. Attempt #1" date="2025-11-29T12:57:57.601" /><!-- duration: 141ms -->
          <step title="Requesting site restart. Attempt #1" date="2025-11-29T12:57:57.773" /><!-- duration: 17ms -->
          <step title="Successfully requested a restart. Attempt #1" date="2025-11-29T12:57:58.382" /><!-- duration: 0ms -->
          <step title="Successfully requested a restart. Attempt #1" date="2025-11-29T12:57:58.462" /><!-- duration: 0ms -->
          <step title="Deployment successful. DEPLOYMENTINFO: deploymentPath = OneDeploy, deployer = OneDeploy, os = windows, sku = Standard, siteName = CleverSyncSOS, siteHostName = cleversyncsos.azurewebsites.net, deploymentStatus = Success" date="2025-11-29T12:57:58.653" /><!-- duration: 10ms -->
        </step><!-- duration: 11065ms -->
      </step><!-- duration: 11513ms -->
      <step title="Cleaning up temp files" date="2025-11-29T12:57:59.319" /><!-- duration: 0ms -->
      <step title="Skip function trigger and logicapp sync because function is not enabled." date="2025-11-29T12:57:59.336" /><!-- duration: 20ms -->
    </step><!-- duration: 14156ms -->
    <step title="LockFile &apos;C:\home\site\locks\deployments.lock&apos; released" date="2025-11-29T12:57:59.882" /><!-- duration: 0ms -->
    <step title="Deleting shutdown sentinel file" date="2025-11-29T12:58:00.023" SemaphoreCount="8" /><!-- duration: 37ms -->
  </step><!-- duration: 14813ms -->
  <step title="Outgoing response" date="2025-11-29T12:58:00.132" type="response" statusCode="200" statusText="OK" Server="Microsoft-IIS/10.0" x-ms-request-id="fc4b3fdd-cd22-11f0-8dc8-e02e0bc384b1" Cache-Control="private" X-AspNet-Version="4.0.30319" /><!-- duration: 31ms -->
</step><!-- duration: 15002ms -->
