﻿<?xml version="1.0" encoding="utf-8"?>
<deployment>
  <id>026afbbf8b3b49ee9c0db6e55402e4c8</id>
  <author>N/A</author>
  <deployer>OneDeploy</deployer>
  <authorEmail>N/A</authorEmail>
  <message>OneDeploy</message>
  <progress></progress>
  <status>Success</status>
  <statusText></statusText>
  <lastSuccessEndTime>2025-11-29T13:28:42.7701811Z</lastSuccessEndTime>
  <receivedTime>2025-11-29T13:28:38.9263935Z</receivedTime>
  <startTime>2025-11-29T13:28:39.1921461Z</startTime>
  <endTime>2025-11-29T13:28:42.7701811Z</endTime>
  <complete>True</complete>
  <is_temp>False</is_temp>
  <is_readonly>True</is_readonly>
  <project_type>OneDeploy</project_type>
  <vsproject_id></vsproject_id>
</deployment>