﻿<?xml version="1.0" encoding="utf-8"?>
<deployment>
  <id>1422aaa0fff346e387fec56ead3c92f6</id>
  <author>N/A</author>
  <deployer>ZipDeploy</deployer>
  <authorEmail>N/A</authorEmail>
  <message>Created via a push deployment</message>
  <progress></progress>
  <status>Success</status>
  <statusText></statusText>
  <lastSuccessEndTime>2025-11-30T20:40:46.1752051Z</lastSuccessEndTime>
  <receivedTime>2025-11-30T20:40:37.5957955Z</receivedTime>
  <startTime>2025-11-30T20:40:37.8468239Z</startTime>
  <endTime>2025-11-30T20:40:46.1752051Z</endTime>
  <complete>True</complete>
  <is_temp>False</is_temp>
  <is_readonly>True</is_readonly>
  <project_type>BASIC</project_type>
  <vsproject_id></vsproject_id>
</deployment>