﻿<?xml version="1.0" encoding="utf-8"?>
<deployment>
  <id>e7254a502fb044aab917ad379e2e16f4</id>
  <author>N/A</author>
  <deployer>OneDeploy</deployer>
  <authorEmail>N/A</authorEmail>
  <message>OneDeploy</message>
  <progress></progress>
  <status>Success</status>
  <statusText></statusText>
  <lastSuccessEndTime>2025-11-30T23:33:40.448156Z</lastSuccessEndTime>
  <receivedTime>2025-11-30T23:33:31.7552306Z</receivedTime>
  <startTime>2025-11-30T23:33:32.0208552Z</startTime>
  <endTime>2025-11-30T23:33:40.448156Z</endTime>
  <complete>True</complete>
  <is_temp>False</is_temp>
  <is_readonly>True</is_readonly>
  <project_type>OneDeploy</project_type>
  <vsproject_id></vsproject_id>
</deployment>