<step title="Incoming Request" date="2025-11-29T18:42:14.686" instance="eef76b" url="/api/publish?type=zip" method="POST" type="request" pid="8604,2,30" Cache-Control="no-cache" Content-Length="8877854" Content-Type="application/octet-stream" Accept="*/*" Accept-Encoding="gzip, deflate" Authorization="Bas..." Host="cleversyncsos.scm.azurewebsites.net" User-Agent="AZURECLI/2.79.0 (MSI)" x-ms-client-request-id="1c832f64-cd53-11f0-a638-e02e0bc384b1" X-ARR-LOG-ID="1c832f64-cd53-11f0-a638-e02e0bc384b1" CLIENT-IP="208.102.8.31:56687" X-SITE-DEPLOYMENT-ID="CleverSyncSOS" WAS-DEFAULT-HOSTNAME="cleversyncsos.scm.azurewebsites.net" X-Forwarded-Proto="https" X-AppService-Proto="https" X-Forwarded-TlsVersion="1.3" X-WAWS-Unencoded-URL="/api/publish?type=zip" >
  <step title="Cleanup Xml Logs" date="2025-11-29T18:42:14.702" /><!-- duration: 0ms -->
  <step title="OneDeploy" date="2025-11-29T18:42:14.765" >
    <step title="Starting PushDeployAsync" date="2025-11-29T18:42:14.780" /><!-- duration: 0ms -->
    <step title="Updating shutdown sentinel last write time" date="2025-11-29T18:42:14.905" SemaphoreCount="7" /><!-- duration: 0ms -->
    <step title="LockFile &apos;C:\home\site\locks\deployments.lock&apos; acquired" date="2025-11-29T18:42:14.921" /><!-- duration: 0ms -->
    <step title="Saving request content to C:\local\Temp\zipdeploy\nhvxowb0.zip" date="2025-11-29T18:42:14.936" >
      <step title="Total 8,877,854 bytes written to C:\local\Temp\zipdeploy\nhvxowb0.zip" date="2025-11-29T18:42:15.176" /><!-- duration: 0ms -->
    </step><!-- duration: 240ms -->
    <step title="LockFile &apos;C:\home\site\locks\deployments.lock&apos; released" date="2025-11-29T18:42:15.186" /><!-- duration: 0ms -->
    <step title="Deleting shutdown sentinel file" date="2025-11-29T18:42:15.186" SemaphoreCount="8" /><!-- duration: 0ms -->
    <step title="Starting FetchDeploy" date="2025-11-29T18:42:15.186" /><!-- duration: 0ms -->
    <step title="Attempting to fetch target branch HEAD" date="2025-11-29T18:42:15.202" /><!-- duration: 0ms -->
    <step title="Updating shutdown sentinel last write time" date="2025-11-29T18:42:15.233" SemaphoreCount="7" /><!-- duration: 16ms -->
    <step title="LockFile &apos;C:\home\site\locks\deployments.lock&apos; acquired" date="2025-11-29T18:42:15.267" /><!-- duration: 0ms -->
    <step title="Performing fetch based deployment" date="2025-11-29T18:42:15.267" >
      <step title="Creating temporary deployment" date="2025-11-29T18:42:15.267" /><!-- duration: 30ms -->
      <step title="Fetching changes." date="2025-11-29T18:42:15.421" /><!-- duration: 17ms -->
      <step title="Starting LocalZipHandler" date="2025-11-29T18:42:15.438" /><!-- duration: 20ms -->
      <step title="Starting LocalZipFetch" date="2025-11-29T18:42:15.468" /><!-- duration: 0ms -->
      <step title="Cleaning up temp folders from previous zip deployments and extracting pushed zip file C:\local\Temp\zipdeploy\nhvxowb0.zip (8.47 MB) to C:\local\Temp\zipdeploy\extracted" date="2025-11-29T18:42:15.488" /><!-- duration: 0ms -->
      <step title="Cleaning up temp folders from previous zip deployments and extracting pushed zip file C:\local\Temp\zipdeploy\nhvxowb0.zip (8.47 MB) to C:\local\Temp\zipdeploy\extracted" date="2025-11-29T18:42:15.499" >
        <step title="Renaming extractTargetDirectory(C:\local\Temp\zipdeploy\extracted) to tempDirectory(C:\local\Temp\zipdeploy\rsljpjrg.sfi)" date="2025-11-29T18:42:15.499" /><!-- duration: 31ms -->
        <step title="Extracting 220 entries to C:\local\Temp\zipdeploy\extracted directory" date="2025-11-29T18:42:15.598" >
          <step title="Extracting to C:\local\Temp\zipdeploy\extracted\publish\appsettings.Development.json ..." date="2025-11-29T18:42:15.598" /><!-- duration: 10ms -->
          <step title="Extracting to C:\local\Temp\zipdeploy\extracted\publish\appsettings.json ..." date="2025-11-29T18:42:15.628" /><!-- duration: 11ms -->
          <step title="Extracting to C:\local\Temp\zipdeploy\extracted\publish\appsettings.Production.json ..." date="2025-11-29T18:42:15.640" /><!-- duration: 19ms -->
          <step title="Extracting to C:\local\Temp\zipdeploy\extracted\publish\CleverSyncSOS.AdminPortal.deps.json ..." date="2025-11-29T18:42:15.671" /><!-- duration: 18ms -->
          <step title="Extracting to C:\local\Temp\zipdeploy\extracted\publish\CleverSyncSOS.AdminPortal.runtimeconfig.json ..." date="2025-11-29T18:42:15.689" /><!-- duration: 13ms -->
          <step title="Omitting extracting file traces ..." date="2025-11-29T18:42:15.843" /><!-- duration: 67ms -->
        </step><!-- duration: 2229ms -->
      </step><!-- duration: 2348ms -->
      <step title="None repository commit" date="2025-11-29T18:42:17.847" >
        <step title="Commit id: 1f0d93f857c64eec987ad4411fadd144" date="2025-11-29T18:42:17.877" Message="OneDeploy" AuthorName="N/A" AuthorEmail="N/A" /><!-- duration: 0ms -->
      </step><!-- duration: 42ms -->
      <step title="Before sending BuildRequestReceived status to /api/updatedeploystatus" date="2025-11-29T18:42:17.890" /><!-- duration: 18ms -->
      <step title="DeploymentManager.Deploy(id:1f0d93f857c64eec987ad4411fadd144)" date="2025-11-29T18:42:17.908" >
        <step title="Collecting changeset information" date="2025-11-29T18:42:17.938" /><!-- duration: 93ms -->
        <step title="Updating submodules" date="2025-11-29T18:42:18.048" >
          <step title="Updating submodules." date="2025-11-29T18:42:18.202" /><!-- duration: 0ms -->
        </step><!-- duration: 170ms -->
        <step title="Preparing deployment for commit id &apos;1f0d93f857&apos;." date="2025-11-29T18:42:18.374" /><!-- duration: 0ms -->
        <step title="Determining deployment builder" date="2025-11-29T18:42:18.423" >
          <step title="Builder is OneDeployBuilder" date="2025-11-29T18:42:18.437" /><!-- duration: 47ms -->
        </step><!-- duration: 60ms -->
        <step title="Copying SSH keys" date="2025-11-29T18:42:18.534" /><!-- duration: 0ms -->
        <step title="Building" date="2025-11-29T18:42:18.534" >
          <step title="Running build. Project type: OneDeploy" date="2025-11-29T18:42:18.577" /><!-- duration: 0ms -->
          <step title="Copying the manifest" date="2025-11-29T18:42:18.642" /><!-- duration: 0ms -->
          <step title="Clean deploying to C:\home\site\wwwroot" date="2025-11-29T18:42:18.735" /><!-- duration: 20ms -->
          <step title="Generating deployment script." date="2025-11-29T18:42:18.845" /><!-- duration: 0ms -->
          <step title="Generating deployment script" date="2025-11-29T18:42:18.858" >
            <step title="Using cached version of the deployment script for command: -y --no-dot-deployment -r &quot;C:\local\Temp\zipdeploy\extracted&quot; -o &quot;C:\home\site\deployments\tools&quot; --basic --sitePath &quot;C:\local\Temp\zipdeploy\extracted&quot;" date="2025-11-29T18:42:18.921" /><!-- duration: 0ms -->
            <step title="Using cached version of deployment script (command: &apos;azure -y --no-dot-deployment -r &quot;C:\local\Temp\zipdeploy\extracted&quot; -o &quot;C:\home\site\deployments\tools&quot; --basic --sitePath &quot;C:\local\Temp\zipdeploy\extracted&quot;&apos;)." date="2025-11-29T18:42:18.937" /><!-- duration: 16ms -->
          </step><!-- duration: 109ms -->
          <step title="Running deployment command..." date="2025-11-29T18:42:19.017" /><!-- duration: 0ms -->
          <step title="Command: &quot;C:\home\site\deployments\tools\deploy.cmd&quot;" date="2025-11-29T18:42:19.030" /><!-- duration: 0ms -->
          <step title="Executing external process" date="2025-11-29T18:42:19.062" type="process" path="starter.cmd" arguments="&quot;C:\home\site\deployments\tools\deploy.cmd&quot;" >
            <step title="Handling Basic Web Site deployment." date="2025-11-29T18:42:19.954" /><!-- duration: 0ms -->
            <step title="Creating app_offline.htm" date="2025-11-29T18:42:22.124" /><!-- duration: 0ms -->
            <step title="KuduSync.NET from: &apos;C:\local\Temp\zipdeploy\extracted&apos; to: &apos;C:\home\site\wwwroot&apos;" date="2025-11-29T18:42:22.142" /><!-- duration: 0ms -->
            <step title="Copying file: &apos;CleverSyncSOS.AdminPortal.dll&apos;" date="2025-11-29T18:42:22.161" /><!-- duration: 10ms -->
            <step title="Copying file: &apos;CleverSyncSOS.AdminPortal.exe&apos;" date="2025-11-29T18:42:22.191" /><!-- duration: 11ms -->
            <step title="Copying file: &apos;CleverSyncSOS.AdminPortal.pdb&apos;" date="2025-11-29T18:42:22.221" /><!-- duration: 0ms -->
            <step title="Copying file: &apos;publish\publish\CleverSyncSOS.AdminPortal.staticwebassets.endpoints.json&apos;" date="2025-11-29T18:42:22.251" /><!-- duration: 0ms -->
            <step title="Copying file: &apos;publish\publish\publish\publish\publish\publish\publish\publish\publish\publish\publish\publish\publish\publish\appsettings.Development.json&apos;" date="2025-11-29T18:42:22.265" /><!-- duration: 17ms -->
            <step title="Copying file: &apos;publish\publish\publish\publish\publish\publish\publish\publish\publish\publish\publish\publish\publish\publish\appsettings.json&apos;" date="2025-11-29T18:42:22.312" /><!-- duration: 20ms -->
            <step title="Copying file: &apos;publish\publish\publish\publish\publish\publish\publish\publish\publish\publish\publish\publish\publish\publish\appsettings.Production.json&apos;" date="2025-11-29T18:42:22.343" /><!-- duration: 0ms -->
            <step title="Copying file: &apos;publish\publish\publish\publish\publish\publish\publish\publish\publish\publish\publish\publish\publish\publish\CleverSyncSOS.AdminPortal.deps.json&apos;" date="2025-11-29T18:42:22.374" /><!-- duration: 0ms -->
            <step title="Copying file: &apos;publish\publish\publish\publish\publish\publish\publish\publish\publish\publish\publish\publish\publish\publish\CleverSyncSOS.AdminPortal.runtimeconfig.json&apos;" date="2025-11-29T18:42:22.515" /><!-- duration: 0ms -->
            <step title="Copying file: &apos;publish\publish\publish\publish\publish\publish\publish\publish\publish\publish\publish\publish\publish\publish\CleverSyncSOS.AdminPortal.staticwebassets.endpoints.json&apos;" date="2025-11-29T18:42:22.546" /><!-- duration: 0ms -->
            <step title="Copying file: &apos;publish\publish\publish\publish\publish\publish\publish\publish\publish\publish\publish\publish\publish\publish\web.config&apos;" date="2025-11-29T18:42:22.583" /><!-- duration: 0ms -->
            <step title="Deleting app_offline.htm" date="2025-11-29T18:42:22.593" /><!-- duration: 0ms -->
            <step title="Finished successfully." date="2025-11-29T18:42:22.624" /><!-- duration: 0ms -->
          </step><!-- duration: 3594ms -->
          <step title="Build completed succesfully." date="2025-11-29T18:42:22.784" /><!-- duration: 0ms -->
          <step title="Running post deployment command(s)..." date="2025-11-29T18:42:22.827" /><!-- duration: 0ms -->
          <step title="Requesting site restart" date="2025-11-29T18:42:22.989" /><!-- duration: 10ms -->
          <step title="Requesting site restart" date="2025-11-29T18:42:23.019" /><!-- duration: 11ms -->
          <step title="Requesting site restart. Attempt #1" date="2025-11-29T18:42:23.171" /><!-- duration: 0ms -->
          <step title="Requesting site restart. Attempt #1" date="2025-11-29T18:42:23.190" /><!-- duration: 0ms -->
          <step title="Successfully requested a restart. Attempt #1" date="2025-11-29T18:42:23.405" /><!-- duration: 0ms -->
          <step title="Successfully requested a restart. Attempt #1" date="2025-11-29T18:42:23.422" /><!-- duration: 0ms -->
          <step title="Deployment successful. DEPLOYMENTINFO: deploymentPath = OneDeploy, deployer = OneDeploy, os = windows, sku = Standard, siteName = CleverSyncSOS, siteHostName = cleversyncsos.azurewebsites.net, deploymentStatus = Success" date="2025-11-29T18:42:23.533" /><!-- duration: 0ms -->
          <step title="Purge deployment items" date="2025-11-29T18:42:23.702" >
            <step title="Remove e7cbb87e5, Success, received at 11/29/2025 1:01:33 PM" date="2025-11-29T18:42:23.784" /><!-- duration: 12ms -->
          </step><!-- duration: 94ms -->
        </step><!-- duration: 5311ms -->
      </step><!-- duration: 5957ms -->
      <step title="Cleaning up temp files" date="2025-11-29T18:42:23.865" /><!-- duration: 10ms -->
      <step title="Skip function trigger and logicapp sync because function is not enabled." date="2025-11-29T18:42:23.875" /><!-- duration: 0ms -->
    </step><!-- duration: 8688ms -->
    <step title="LockFile &apos;C:\home\site\locks\deployments.lock&apos; released" date="2025-11-29T18:42:23.955" /><!-- duration: 13ms -->
    <step title="Deleting shutdown sentinel file" date="2025-11-29T18:42:23.985" SemaphoreCount="8" /><!-- duration: 0ms -->
  </step><!-- duration: 9240ms -->
  <step title="Outgoing response" date="2025-11-29T18:42:24.005" type="response" statusCode="200" statusText="OK" Server="Microsoft-IIS/10.0" x-ms-request-id="1c832f64-cd53-11f0-a638-e02e0bc384b1" Cache-Control="private" X-AspNet-Version="4.0.30319" /><!-- duration: 0ms -->
</step><!-- duration: 9318ms -->
