﻿<?xml version="1.0" encoding="utf-8"?>
<deployment>
  <id>7372ba5bc8f04aeea3f3d042a88fe6ce</id>
  <author>N/A</author>
  <deployer>OneDeploy</deployer>
  <authorEmail>N/A</authorEmail>
  <message>OneDeploy</message>
  <progress></progress>
  <status>Success</status>
  <statusText></statusText>
  <lastSuccessEndTime>2025-11-30T22:57:50.5376603Z</lastSuccessEndTime>
  <receivedTime>2025-11-30T22:57:44.4137778Z</receivedTime>
  <startTime>2025-11-30T22:57:44.6626172Z</startTime>
  <endTime>2025-11-30T22:57:50.5376603Z</endTime>
  <complete>True</complete>
  <is_temp>False</is_temp>
  <is_readonly>True</is_readonly>
  <project_type>OneDeploy</project_type>
  <vsproject_id></vsproject_id>
</deployment>