{"TimeStamp":"2025-11-30T20:14:03Z","SiteName":"CleverSyncSOS","RequestId":"11800318-ce29-11f0-8679-e02e0bc384b1","Kind":"ZipDeploy","Status":"Success","Details":"{\"Id\":\"9810bca965674da18c940a0d9cdca3b8\",\"Status\":4,\"StatusText\":\"\",\"AuthorEmail\":\"N/A\",\"Author\":\"N/A\",\"Message\":\"Created via a push deployment\",\"Progress\":\"\",\"Deployer\":\"ZipDeploy\",\"ReceivedTime\":\"2025-11-30T20:13:50.5845525Z\",\"StartTime\":\"2025-11-30T20:13:51.7398485Z\",\"EndTime\":\"2025-11-30T20:14:03.3024341Z\",\"LastSuccessEndTime\":\"2025-11-30T20:14:03.3024341Z\",\"Complete\":true,\"IsTemporary\":false,\"IsReadOnly\":true,\"SiteName\":\"CleverSyncSOS\",\"HostName\":\"cleversyncsos.scm.azurewebsites.net\",\"ProjectType\":\"BASIC\",\"VsProjectId\":null}"}