<step title="Incoming Request" date="2025-11-30T21:58:34.542" instance="eef76b" url="/api/publish?type=zip" method="POST" type="request" pid="2440,2,21" Cache-Control="no-cache" Content-Length="9140055" Content-Type="application/octet-stream" Accept="*/*" Accept-Encoding="gzip, deflate" Authorization="Bas..." Host="cleversyncsos.scm.azurewebsites.net" User-Agent="AZURECLI/2.79.0 (MSI)" x-ms-client-request-id="b51533de-ce37-11f0-90a9-e02e0bc384b1" X-ARR-LOG-ID="b51533de-ce37-11f0-90a9-e02e0bc384b1" CLIENT-IP="208.102.8.31:54471" X-SITE-DEPLOYMENT-ID="CleverSyncSOS" WAS-DEFAULT-HOSTNAME="cleversyncsos.scm.azurewebsites.net" X-Forwarded-Proto="https" X-AppService-Proto="https" X-Forwarded-TlsVersion="1.3" X-WAWS-Unencoded-URL="/api/publish?type=zip" >
  <step title="Cleanup Xml Logs" date="2025-11-30T21:58:34.560" /><!-- duration: 30ms -->
  <step title="OneDeploy" date="2025-11-30T21:58:34.781" >
    <step title="Starting PushDeployAsync" date="2025-11-30T21:58:34.811" /><!-- duration: 12ms -->
    <step title="Updating shutdown sentinel last write time" date="2025-11-30T21:58:35.214" SemaphoreCount="7" /><!-- duration: 0ms -->
    <step title="LockFile &apos;C:\home\site\locks\deployments.lock&apos; acquired" date="2025-11-30T21:58:35.214" /><!-- duration: 0ms -->
    <step title="Saving request content to C:\local\Temp\zipdeploy\x1s2xpx3.zip" date="2025-11-30T21:58:35.230" >
      <step title="Total 9,140,055 bytes written to C:\local\Temp\zipdeploy\x1s2xpx3.zip" date="2025-11-30T21:58:35.453" /><!-- duration: 0ms -->
    </step><!-- duration: 224ms -->
    <step title="LockFile &apos;C:\home\site\locks\deployments.lock&apos; released" date="2025-11-30T21:58:35.464" /><!-- duration: 0ms -->
    <step title="Deleting shutdown sentinel file" date="2025-11-30T21:58:35.464" SemaphoreCount="8" /><!-- duration: 0ms -->
    <step title="Starting FetchDeploy" date="2025-11-30T21:58:35.464" /><!-- duration: 0ms -->
    <step title="Attempting to fetch target branch HEAD" date="2025-11-30T21:58:35.480" /><!-- duration: 0ms -->
    <step title="Updating shutdown sentinel last write time" date="2025-11-30T21:58:35.511" SemaphoreCount="7" /><!-- duration: 0ms -->
    <step title="LockFile &apos;C:\home\site\locks\deployments.lock&apos; acquired" date="2025-11-30T21:58:35.526" /><!-- duration: 0ms -->
    <step title="Performing fetch based deployment" date="2025-11-30T21:58:35.542" >
      <step title="Creating temporary deployment" date="2025-11-30T21:58:35.542" /><!-- duration: 16ms -->
      <step title="Fetching changes." date="2025-11-30T21:58:35.667" /><!-- duration: 0ms -->
      <step title="Starting LocalZipHandler" date="2025-11-30T21:58:35.705" /><!-- duration: 10ms -->
      <step title="Starting LocalZipFetch" date="2025-11-30T21:58:35.735" /><!-- duration: 0ms -->
      <step title="Cleaning up temp folders from previous zip deployments and extracting pushed zip file C:\local\Temp\zipdeploy\x1s2xpx3.zip (8.72 MB) to C:\local\Temp\zipdeploy\extracted" date="2025-11-30T21:58:35.765" /><!-- duration: 0ms -->
      <step title="Cleaning up temp folders from previous zip deployments and extracting pushed zip file C:\local\Temp\zipdeploy\x1s2xpx3.zip (8.72 MB) to C:\local\Temp\zipdeploy\extracted" date="2025-11-30T21:58:35.795" >
        <step title="Renaming extractTargetDirectory(C:\local\Temp\zipdeploy\extracted) to tempDirectory(C:\local\Temp\zipdeploy\v5adpf5l.v2q)" date="2025-11-30T21:58:35.808" /><!-- duration: 17ms -->
        <step title="Extracting 136 entries to C:\local\Temp\zipdeploy\extracted directory" date="2025-11-30T21:58:35.855" >
          <step title="Extracting to C:\local\Temp\zipdeploy\extracted\publish-output\appsettings.Development.json ..." date="2025-11-30T21:58:35.917" /><!-- duration: 19ms -->
          <step title="Extracting to C:\local\Temp\zipdeploy\extracted\publish-output\appsettings.json ..." date="2025-11-30T21:58:35.948" /><!-- duration: 18ms -->
          <step title="Extracting to C:\local\Temp\zipdeploy\extracted\publish-output\appsettings.Production.json ..." date="2025-11-30T21:58:36.137" /><!-- duration: 30ms -->
          <step title="Extracting to C:\local\Temp\zipdeploy\extracted\publish-output\CleverSyncSOS.AdminPortal.deps.json ..." date="2025-11-30T21:58:36.167" /><!-- duration: 31ms -->
          <step title="Extracting to C:\local\Temp\zipdeploy\extracted\publish-output\CleverSyncSOS.AdminPortal.runtimeconfig.json ..." date="2025-11-30T21:58:36.198" /><!-- duration: 31ms -->
          <step title="Omitting extracting file traces ..." date="2025-11-30T21:58:36.230" /><!-- duration: 18ms -->
        </step><!-- duration: 2031ms -->
      </step><!-- duration: 2111ms -->
      <step title="None repository commit" date="2025-11-30T21:58:37.906" >
        <step title="Commit id: 40ad184d432e4c9aadbeedaa6a54e0f9" date="2025-11-30T21:58:37.917" Message="OneDeploy" AuthorName="N/A" AuthorEmail="N/A" /><!-- duration: 130ms -->
      </step><!-- duration: 183ms -->
      <step title="Before sending BuildRequestReceived status to /api/updatedeploystatus" date="2025-11-30T21:58:38.107" /><!-- duration: 0ms -->
      <step title="DeploymentManager.Deploy(id:40ad184d432e4c9aadbeedaa6a54e0f9)" date="2025-11-30T21:58:38.120" >
        <step title="Collecting changeset information" date="2025-11-30T21:58:38.157" /><!-- duration: 201ms -->
        <step title="Updating submodules" date="2025-11-30T21:58:38.370" >
          <step title="Updating submodules." date="2025-11-30T21:58:38.529" /><!-- duration: 30ms -->
        </step><!-- duration: 209ms -->
        <step title="Preparing deployment for commit id &apos;40ad184d43&apos;." date="2025-11-30T21:58:38.699" /><!-- duration: 20ms -->
        <step title="Determining deployment builder" date="2025-11-30T21:58:38.810" >
          <step title="Builder is OneDeployBuilder" date="2025-11-30T21:58:38.810" /><!-- duration: 13ms -->
        </step><!-- duration: 30ms -->
        <step title="Copying SSH keys" date="2025-11-30T21:58:39.232" /><!-- duration: 30ms -->
        <step title="Building" date="2025-11-30T21:58:39.262" >
          <step title="Running build. Project type: OneDeploy" date="2025-11-30T21:58:39.386" /><!-- duration: 0ms -->
          <step title="Copying the manifest" date="2025-11-30T21:58:39.624" /><!-- duration: 12ms -->
          <step title="Clean deploying to C:\home\site\wwwroot" date="2025-11-30T21:58:39.886" /><!-- duration: 19ms -->
          <step title="Generating deployment script." date="2025-11-30T21:58:40.387" /><!-- duration: 141ms -->
          <step title="Generating deployment script" date="2025-11-30T21:58:40.608" >
            <step title="Using cached version of the deployment script for command: -y --no-dot-deployment -r &quot;C:\local\Temp\zipdeploy\extracted&quot; -o &quot;C:\home\site\deployments\tools&quot; --basic --sitePath &quot;C:\local\Temp\zipdeploy\extracted&quot;" date="2025-11-30T21:58:40.698" /><!-- duration: 20ms -->
            <step title="Using cached version of deployment script (command: &apos;azure -y --no-dot-deployment -r &quot;C:\local\Temp\zipdeploy\extracted&quot; -o &quot;C:\home\site\deployments\tools&quot; --basic --sitePath &quot;C:\local\Temp\zipdeploy\extracted&quot;&apos;)." date="2025-11-30T21:58:40.749" /><!-- duration: 60ms -->
          </step><!-- duration: 231ms -->
          <step title="Running deployment command..." date="2025-11-30T21:58:41.201" /><!-- duration: 13ms -->
          <step title="Command: &quot;C:\home\site\deployments\tools\deploy.cmd&quot;" date="2025-11-30T21:58:41.292" /><!-- duration: 19ms -->
          <step title="Executing external process" date="2025-11-30T21:58:41.341" type="process" path="starter.cmd" arguments="&quot;C:\home\site\deployments\tools\deploy.cmd&quot;" >
            <step title="Handling Basic Web Site deployment." date="2025-11-30T21:58:44.467" /><!-- duration: 0ms -->
            <step title="Creating app_offline.htm" date="2025-11-30T21:58:46.905" /><!-- duration: 13ms -->
            <step title="KuduSync.NET from: &apos;C:\local\Temp\zipdeploy\extracted&apos; to: &apos;C:\home\site\wwwroot&apos;" date="2025-11-30T21:58:47.027" /><!-- duration: 19ms -->
            <step title="Copying file: &apos;CleverSyncSOS.AdminPortal.dll&apos;" date="2025-11-30T21:58:47.058" /><!-- duration: 18ms -->
            <step title="Copying file: &apos;CleverSyncSOS.AdminPortal.exe&apos;" date="2025-11-30T21:58:47.096" /><!-- duration: 10ms -->
            <step title="Copying file: &apos;CleverSyncSOS.AdminPortal.pdb&apos;" date="2025-11-30T21:58:47.126" /><!-- duration: 0ms -->
            <step title="Copying file: &apos;CleverSyncSOS.Core.dll&apos;" date="2025-11-30T21:58:47.136" /><!-- duration: 20ms -->
            <step title="Copying file: &apos;CleverSyncSOS.Core.pdb&apos;" date="2025-11-30T21:58:47.167" /><!-- duration: 19ms -->
            <step title="Deleting app_offline.htm" date="2025-11-30T21:58:47.198" /><!-- duration: 18ms -->
            <step title="Finished successfully." date="2025-11-30T21:58:47.405" /><!-- duration: 13ms -->
          </step><!-- duration: 6154ms -->
          <step title="Build completed succesfully." date="2025-11-30T21:58:48.188" /><!-- duration: 60ms -->
          <step title="Running post deployment command(s)..." date="2025-11-30T21:58:48.511" /><!-- duration: 0ms -->
          <step title="Requesting site restart" date="2025-11-30T21:58:48.621" /><!-- duration: 0ms -->
          <step title="Requesting site restart" date="2025-11-30T21:58:48.641" /><!-- duration: 11ms -->
          <step title="Requesting site restart. Attempt #1" date="2025-11-30T21:58:48.761" /><!-- duration: 20ms -->
          <step title="Requesting site restart. Attempt #1" date="2025-11-30T21:58:48.792" /><!-- duration: 20ms -->
          <step title="Successfully requested a restart. Attempt #1" date="2025-11-30T21:58:49.261" /><!-- duration: 16ms -->
          <step title="Successfully requested a restart. Attempt #1" date="2025-11-30T21:58:49.277" /><!-- duration: 0ms -->
          <step title="Deployment successful. DEPLOYMENTINFO: deploymentPath = OneDeploy, deployer = OneDeploy, os = windows, sku = Standard, siteName = CleverSyncSOS, siteHostName = cleversyncsos.azurewebsites.net, deploymentStatus = Success" date="2025-11-30T21:58:49.374" /><!-- duration: 12ms -->
          <step title="Purge deployment items" date="2025-11-30T21:58:49.736" >
            <step title="Remove 69b2207de, Success, received at 11/30/2025 12:55:05 AM" date="2025-11-30T21:58:49.777" /><!-- duration: 0ms -->
          </step><!-- duration: 40ms -->
        </step><!-- duration: 10530ms -->
      </step><!-- duration: 11672ms -->
      <step title="Cleaning up temp files" date="2025-11-30T21:58:49.792" /><!-- duration: 16ms -->
      <step title="Skip function trigger and logicapp sync because function is not enabled." date="2025-11-30T21:58:49.808" /><!-- duration: 0ms -->
    </step><!-- duration: 14297ms -->
    <step title="LockFile &apos;C:\home\site\locks\deployments.lock&apos; released" date="2025-11-30T21:58:49.839" /><!-- duration: 0ms -->
    <step title="Deleting shutdown sentinel file" date="2025-11-30T21:58:49.855" SemaphoreCount="8" /><!-- duration: 0ms -->
  </step><!-- duration: 15074ms -->
  <step title="Outgoing response" date="2025-11-30T21:58:49.870" type="response" statusCode="200" statusText="OK" Server="Microsoft-IIS/10.0" x-ms-request-id="b51533de-ce37-11f0-90a9-e02e0bc384b1" Cache-Control="private" X-AspNet-Version="4.0.30319" /><!-- duration: 0ms -->
</step><!-- duration: 15328ms -->
