<step title="Incoming Request" date="2025-12-01T01:13:59.091" instance="eef76b" url="/api/publish?type=zip&amp;async=True" method="POST" type="request" pid="2312,2,26" Cache-Control="no-cache" Content-Length="18243961" Content-Type="application/octet-stream" Accept="*/*" Accept-Encoding="gzip, deflate" Authorization="Bas..." Host="cleversyncsos.scm.azurewebsites.net" User-Agent="AZURECLI/2.79.0 (MSI)" x-ms-client-request-id="016495a6-ce53-11f0-833b-e02e0bc384b1" X-ARR-LOG-ID="016495a6-ce53-11f0-833b-e02e0bc384b1" CLIENT-IP="208.102.8.31:50306" X-SITE-DEPLOYMENT-ID="CleverSyncSOS" WAS-DEFAULT-HOSTNAME="cleversyncsos.scm.azurewebsites.net" X-Forwarded-Proto="https" X-AppService-Proto="https" X-Forwarded-TlsVersion="1.3" X-WAWS-Unencoded-URL="/api/publish?type=zip&amp;async=True" >
  <step title="Cleanup Xml Logs" date="2025-12-01T01:13:59.091" /><!-- duration: 0ms -->
  <step title="OneDeploy" date="2025-12-01T01:14:01.393" >
    <step title="Starting PushDeployAsync" date="2025-12-01T01:14:01.483" /><!-- duration: 20ms -->
    <step title="Updating shutdown sentinel last write time" date="2025-12-01T01:14:01.795" SemaphoreCount="7" /><!-- duration: 0ms -->
    <step title="LockFile &apos;C:\home\site\locks\deployments.lock&apos; acquired" date="2025-12-01T01:14:01.795" /><!-- duration: 15ms -->
    <step title="Saving request content to C:\local\Temp\zipdeploy\ciabjh1a.zip" date="2025-12-01T01:14:01.825" >
      <step title="Total 18,243,961 bytes written to C:\local\Temp\zipdeploy\ciabjh1a.zip" date="2025-12-01T01:14:02.519" /><!-- duration: 10ms -->
    </step><!-- duration: 704ms -->
    <step title="LockFile &apos;C:\home\site\locks\deployments.lock&apos; released" date="2025-12-01T01:14:02.529" /><!-- duration: 15ms -->
    <step title="Deleting shutdown sentinel file" date="2025-12-01T01:14:02.560" SemaphoreCount="8" /><!-- duration: 0ms -->
    <step title="Starting FetchDeploy" date="2025-12-01T01:14:02.579" /><!-- duration: 12ms -->
    <step title="Start deployment in the background" date="2025-12-01T01:14:02.591" >
      <step title="Starting LocalZipFetch" date="2025-12-01T01:14:03.357" /><!-- duration: 0ms -->
    </step><!-- duration: 953ms -->
  </step><!-- duration: 2151ms -->
  <step title="Outgoing response" date="2025-12-01T01:14:03.638" type="response" statusCode="202" statusText="Accepted" Server="Microsoft-IIS/10.0" x-ms-request-id="016495a6-ce53-11f0-833b-e02e0bc384b1" Retry-After="30" Cache-Control="private" X-AspNet-Version="4.0.30319" Location="https://cleversyncsos.scm.azurewebsites.net/api/deployments/latest?deployer=OneDeploy&amp;time=2025-12-01_01-14-03Z" /><!-- duration: 17ms -->
</step><!-- duration: 4674ms -->
