<step title="BackgroundTrace" date="2025-12-01T00:54:53.943" instance="eef76b" url="/api/publish" method="POST" >
  <step title="Updating shutdown sentinel last write time" date="2025-12-01T00:54:53.988" SemaphoreCount="7" /><!-- duration: 0ms -->
  <step title="LockFile &apos;C:\home\site\locks\deployments.lock&apos; acquired" date="2025-12-01T00:54:53.988" /><!-- duration: 0ms -->
  <step title="Creating temporary deployment" date="2025-12-01T00:54:54.003" /><!-- duration: 141ms -->
  <step title="Performing fetch based deployment" date="2025-12-01T00:54:54.175" >
    <step title="Fetching changes." date="2025-12-01T00:54:54.506" /><!-- duration: 13ms -->
    <step title="Starting LocalZipHandler" date="2025-12-01T00:54:54.566" /><!-- duration: 50ms -->
    <step title="Cleaning up temp folders from previous zip deployments and extracting pushed zip file C:\local\Temp\zipdeploy\digjdvom.zip (17.40 MB) to C:\local\Temp\zipdeploy\extracted" date="2025-12-01T00:54:54.727" /><!-- duration: 11ms -->
    <step title="Cleaning up temp folders from previous zip deployments and extracting pushed zip file C:\local\Temp\zipdeploy\digjdvom.zip (17.40 MB) to C:\local\Temp\zipdeploy\extracted" date="2025-12-01T00:54:54.738" >
      <step title="Extracting 137 entries to C:\local\Temp\zipdeploy\extracted directory" date="2025-12-01T00:54:54.787" >
        <step title="Extracting to C:\local\Temp\zipdeploy\extracted\publish-output\appsettings.Development.json ..." date="2025-12-01T00:54:54.800" /><!-- duration: 38ms -->
        <step title="Extracting to C:\local\Temp\zipdeploy\extracted\publish-output\appsettings.json ..." date="2025-12-01T00:54:54.848" /><!-- duration: 0ms -->
        <step title="Extracting to C:\local\Temp\zipdeploy\extracted\publish-output\appsettings.Production.json ..." date="2025-12-01T00:54:54.863" /><!-- duration: 0ms -->
        <step title="Extracting to C:\local\Temp\zipdeploy\extracted\publish-output\CleverSyncSOS.AdminPortal.deps.json ..." date="2025-12-01T00:54:54.863" /><!-- duration: 16ms -->
        <step title="Extracting to C:\local\Temp\zipdeploy\extracted\publish-output\CleverSyncSOS.AdminPortal.runtimeconfig.json ..." date="2025-12-01T00:54:54.878" /><!-- duration: 0ms -->
        <step title="Omitting extracting file traces ..." date="2025-12-01T00:54:54.878" /><!-- duration: 16ms -->
      </step><!-- duration: 1950ms -->
    </step><!-- duration: 2000ms -->
    <step title="Before sending BuildRequestReceived status to /api/updatedeploystatus" date="2025-12-01T00:54:56.757" /><!-- duration: 11ms -->
    <step title="DeploymentManager.Deploy(id:f01b40918fc24817a6568a5b163594ef)" date="2025-12-01T00:54:56.788" >
      <step title="Collecting changeset information" date="2025-12-01T00:54:56.800" /><!-- duration: 48ms -->
      <step title="Updating submodules" date="2025-12-01T00:54:56.863" >
        <step title="Updating submodules." date="2025-12-01T00:54:56.941" /><!-- duration: 0ms -->
      </step><!-- duration: 78ms -->
      <step title="Preparing deployment for commit id &apos;f01b40918f&apos;." date="2025-12-01T00:54:57.050" /><!-- duration: 0ms -->
      <step title="Determining deployment builder" date="2025-12-01T00:54:57.210" >
        <step title="Builder is OneDeployBuilder" date="2025-12-01T00:54:57.240" /><!-- duration: 0ms -->
      </step><!-- duration: 30ms -->
      <step title="Copying SSH keys" date="2025-12-01T00:54:57.284" /><!-- duration: 16ms -->
      <step title="Building" date="2025-12-01T00:54:57.300" >
        <step title="Running build. Project type: OneDeploy" date="2025-12-01T00:54:57.363" /><!-- duration: 0ms -->
        <step title="Copying the manifest" date="2025-12-01T00:54:57.441" /><!-- duration: 0ms -->
        <step title="Clean deploying to C:\home\site\wwwroot" date="2025-12-01T00:54:57.503" /><!-- duration: 0ms -->
        <step title="Generating deployment script." date="2025-12-01T00:54:57.613" /><!-- duration: 0ms -->
        <step title="Generating deployment script" date="2025-12-01T00:54:57.613" >
          <step title="Using cached version of the deployment script for command: -y --no-dot-deployment -r &quot;C:\local\Temp\zipdeploy\extracted&quot; -o &quot;C:\home\site\deployments\tools&quot; --basic --sitePath &quot;C:\local\Temp\zipdeploy\extracted&quot;" date="2025-12-01T00:54:57.802" /><!-- duration: 29ms -->
          <step title="Using cached version of deployment script (command: &apos;azure -y --no-dot-deployment -r &quot;C:\local\Temp\zipdeploy\extracted&quot; -o &quot;C:\home\site\deployments\tools&quot; --basic --sitePath &quot;C:\local\Temp\zipdeploy\extracted&quot;&apos;)." date="2025-12-01T00:54:57.847" /><!-- duration: 16ms -->
        </step><!-- duration: 250ms -->
        <step title="Running deployment command..." date="2025-12-01T00:54:57.894" /><!-- duration: 0ms -->
        <step title="Command: &quot;C:\home\site\deployments\tools\deploy.cmd&quot;" date="2025-12-01T00:54:57.909" /><!-- duration: 0ms -->
        <step title="Executing external process" date="2025-12-01T00:54:57.988" type="process" path="starter.cmd" arguments="&quot;C:\home\site\deployments\tools\deploy.cmd&quot;" >
          <step title="Handling Basic Web Site deployment." date="2025-12-01T00:54:59.332" /><!-- duration: 0ms -->
          <step title="Creating app_offline.htm" date="2025-12-01T00:55:00.819" /><!-- duration: 0ms -->
          <step title="KuduSync.NET from: &apos;C:\local\Temp\zipdeploy\extracted&apos; to: &apos;C:\home\site\wwwroot&apos;" date="2025-12-01T00:55:00.831" /><!-- duration: 0ms -->
          <step title="Copying file: &apos;CleverSyncSOS.Core.dll&apos;" date="2025-12-01T00:55:00.849" /><!-- duration: 13ms -->
          <step title="Copying file: &apos;CleverSyncSOS.Core.pdb&apos;" date="2025-12-01T00:55:00.879" /><!-- duration: 0ms -->
          <step title="Deleting app_offline.htm" date="2025-12-01T00:55:00.900" /><!-- duration: 10ms -->
          <step title="Finished successfully." date="2025-12-01T00:55:01.003" /><!-- duration: 17ms -->
        </step><!-- duration: 3113ms -->
        <step title="Build completed succesfully." date="2025-12-01T00:55:01.191" /><!-- duration: 0ms -->
        <step title="Running post deployment command(s)..." date="2025-12-01T00:55:01.301" /><!-- duration: 20ms -->
        <step title="Requesting site restart" date="2025-12-01T00:55:01.462" /><!-- duration: 10ms -->
        <step title="Requesting site restart" date="2025-12-01T00:55:01.472" /><!-- duration: 0ms -->
        <step title="Requesting site restart. Attempt #1" date="2025-12-01T00:55:01.675" /><!-- duration: 18ms -->
        <step title="Requesting site restart. Attempt #1" date="2025-12-01T00:55:01.693" /><!-- duration: 0ms -->
        <step title="Successfully requested a restart. Attempt #1" date="2025-12-01T00:55:03.941" /><!-- duration: 19ms -->
        <step title="Successfully requested a restart. Attempt #1" date="2025-12-01T00:55:03.960" /><!-- duration: 12ms -->
        <step title="Deployment successful. DEPLOYMENTINFO: deploymentPath = OneDeploy, deployer = OneDeploy, os = windows, sku = Standard, siteName = CleverSyncSOS, siteHostName = cleversyncsos.azurewebsites.net, deploymentStatus = Success" date="2025-12-01T00:55:04.100" /><!-- duration: 0ms -->
        <step title="Purge deployment items" date="2025-12-01T00:55:04.331" >
          <step title="Remove 40ad184d4, Success, received at 11/30/2025 9:58:38 PM" date="2025-12-01T00:55:04.411" /><!-- duration: 20ms -->
        </step><!-- duration: 100ms -->
      </step><!-- duration: 7172ms -->
    </step><!-- duration: 7684ms -->
    <step title="Cleaning up temp files" date="2025-12-01T00:55:04.492" /><!-- duration: 0ms -->
    <step title="Skip function trigger and logicapp sync because function is not enabled." date="2025-12-01T00:55:04.522" /><!-- duration: 0ms -->
  </step><!-- duration: 10397ms -->
  <step title="LockFile &apos;C:\home\site\locks\deployments.lock&apos; released" date="2025-12-01T00:55:04.582" /><!-- duration: 141ms -->
  <step title="Deleting shutdown sentinel file" date="2025-12-01T00:55:05.004" SemaphoreCount="8" /><!-- duration: 61ms -->
</step><!-- duration: 11295ms -->
