<step title="BackgroundTrace" date="2025-12-01T00:33:25.956" instance="eef76b" url="/api/publish" method="POST" >
  <step title="Updating shutdown sentinel last write time" date="2025-12-01T00:33:26.006" SemaphoreCount="7" /><!-- duration: 0ms -->
  <step title="LockFile &apos;C:\home\site\locks\deployments.lock&apos; acquired" date="2025-12-01T00:33:26.006" /><!-- duration: 0ms -->
  <step title="Creating temporary deployment" date="2025-12-01T00:33:26.019" /><!-- duration: 250ms -->
  <step title="Performing fetch based deployment" date="2025-12-01T00:33:26.317" >
    <step title="Fetching changes." date="2025-12-01T00:33:26.519" /><!-- duration: 16ms -->
    <step title="Starting LocalZipHandler" date="2025-12-01T00:33:26.554" /><!-- duration: 11ms -->
    <step title="Cleaning up temp folders from previous zip deployments and extracting pushed zip file C:\local\Temp\zipdeploy\ae0kjjzq.zip (17.40 MB) to C:\local\Temp\zipdeploy\extracted" date="2025-12-01T00:33:26.597" /><!-- duration: 0ms -->
    <step title="Cleaning up temp folders from previous zip deployments and extracting pushed zip file C:\local\Temp\zipdeploy\ae0kjjzq.zip (17.40 MB) to C:\local\Temp\zipdeploy\extracted" date="2025-12-01T00:33:26.612" >
      <step title="Extracting 137 entries to C:\local\Temp\zipdeploy\extracted directory" date="2025-12-01T00:33:26.661" >
        <step title="Extracting to C:\local\Temp\zipdeploy\extracted\publish-output\appsettings.Development.json ..." date="2025-12-01T00:33:26.661" /><!-- duration: 30ms -->
        <step title="Extracting to C:\local\Temp\zipdeploy\extracted\publish-output\appsettings.json ..." date="2025-12-01T00:33:26.722" /><!-- duration: 16ms -->
        <step title="Extracting to C:\local\Temp\zipdeploy\extracted\publish-output\appsettings.Production.json ..." date="2025-12-01T00:33:26.737" /><!-- duration: 16ms -->
        <step title="Extracting to C:\local\Temp\zipdeploy\extracted\publish-output\CleverSyncSOS.AdminPortal.deps.json ..." date="2025-12-01T00:33:26.753" /><!-- duration: 0ms -->
        <step title="Extracting to C:\local\Temp\zipdeploy\extracted\publish-output\CleverSyncSOS.AdminPortal.runtimeconfig.json ..." date="2025-12-01T00:33:26.753" /><!-- duration: 16ms -->
        <step title="Omitting extracting file traces ..." date="2025-12-01T00:33:26.769" /><!-- duration: 0ms -->
      </step><!-- duration: 2001ms -->
    </step><!-- duration: 2062ms -->
    <step title="Before sending BuildRequestReceived status to /api/updatedeploystatus" date="2025-12-01T00:33:28.693" /><!-- duration: 30ms -->
    <step title="DeploymentManager.Deploy(id:7a8b7ea575ae46bd854e8fc211fda8e8)" date="2025-12-01T00:33:28.833" >
      <step title="Collecting changeset information" date="2025-12-01T00:33:28.894" /><!-- duration: 131ms -->
      <step title="Updating submodules" date="2025-12-01T00:33:29.034" >
        <step title="Updating submodules." date="2025-12-01T00:33:29.175" /><!-- duration: 0ms -->
      </step><!-- duration: 161ms -->
      <step title="Preparing deployment for commit id &apos;7a8b7ea575&apos;." date="2025-12-01T00:33:29.286" /><!-- duration: 30ms -->
      <step title="Determining deployment builder" date="2025-12-01T00:33:29.378" >
        <step title="Builder is OneDeployBuilder" date="2025-12-01T00:33:29.397" /><!-- duration: 12ms -->
      </step><!-- duration: 31ms -->
      <step title="Copying SSH keys" date="2025-12-01T00:33:29.456" /><!-- duration: 17ms -->
      <step title="Building" date="2025-12-01T00:33:29.473" >
        <step title="Running build. Project type: OneDeploy" date="2025-12-01T00:33:29.565" /><!-- duration: 16ms -->
        <step title="Copying the manifest" date="2025-12-01T00:33:29.614" /><!-- duration: 14ms -->
        <step title="Clean deploying to C:\home\site\wwwroot" date="2025-12-01T00:33:29.706" /><!-- duration: 0ms -->
        <step title="Generating deployment script." date="2025-12-01T00:33:29.835" /><!-- duration: 90ms -->
        <step title="Generating deployment script" date="2025-12-01T00:33:29.945" >
          <step title="Using cached version of the deployment script for command: -y --no-dot-deployment -r &quot;C:\local\Temp\zipdeploy\extracted&quot; -o &quot;C:\home\site\deployments\tools&quot; --basic --sitePath &quot;C:\local\Temp\zipdeploy\extracted&quot;" date="2025-12-01T00:33:30.300" /><!-- duration: 17ms -->
          <step title="Using cached version of deployment script (command: &apos;azure -y --no-dot-deployment -r &quot;C:\local\Temp\zipdeploy\extracted&quot; -o &quot;C:\home\site\deployments\tools&quot; --basic --sitePath &quot;C:\local\Temp\zipdeploy\extracted&quot;&apos;)." date="2025-12-01T00:33:30.367" /><!-- duration: 73ms -->
        </step><!-- duration: 533ms -->
        <step title="Running deployment command..." date="2025-12-01T00:33:30.815" /><!-- duration: 16ms -->
        <step title="Command: &quot;C:\home\site\deployments\tools\deploy.cmd&quot;" date="2025-12-01T00:33:30.850" /><!-- duration: 0ms -->
        <step title="Executing external process" date="2025-12-01T00:33:30.910" type="process" path="starter.cmd" arguments="&quot;C:\home\site\deployments\tools\deploy.cmd&quot;" >
          <step title="Handling Basic Web Site deployment." date="2025-12-01T00:33:31.847" /><!-- duration: 18ms -->
          <step title="Creating app_offline.htm" date="2025-12-01T00:33:33.753" /><!-- duration: 18ms -->
          <step title="KuduSync.NET from: &apos;C:\local\Temp\zipdeploy\extracted&apos; to: &apos;C:\home\site\wwwroot&apos;" date="2025-12-01T00:33:33.771" /><!-- duration: 13ms -->
          <step title="Copying file: &apos;CleverSyncSOS.AdminPortal.dll&apos;" date="2025-12-01T00:33:33.801" /><!-- duration: 0ms -->
          <step title="Copying file: &apos;CleverSyncSOS.AdminPortal.exe&apos;" date="2025-12-01T00:33:33.821" /><!-- duration: 10ms -->
          <step title="Copying file: &apos;CleverSyncSOS.AdminPortal.pdb&apos;" date="2025-12-01T00:33:33.851" /><!-- duration: 11ms -->
          <step title="Copying file: &apos;CleverSyncSOS.Core.dll&apos;" date="2025-12-01T00:33:33.881" /><!-- duration: 0ms -->
          <step title="Copying file: &apos;CleverSyncSOS.Core.pdb&apos;" date="2025-12-01T00:33:33.894" /><!-- duration: 18ms -->
          <step title="Deleting app_offline.htm" date="2025-12-01T00:33:33.912" /><!-- duration: 13ms -->
          <step title="Finished successfully." date="2025-12-01T00:33:34.066" /><!-- duration: 17ms -->
        </step><!-- duration: 3264ms -->
        <step title="Build completed succesfully." date="2025-12-01T00:33:34.536" /><!-- duration: 0ms -->
        <step title="Running post deployment command(s)..." date="2025-12-01T00:33:34.615" /><!-- duration: 14ms -->
        <step title="Requesting site restart" date="2025-12-01T00:33:34.786" /><!-- duration: 20ms -->
        <step title="Requesting site restart" date="2025-12-01T00:33:34.817" /><!-- duration: 0ms -->
        <step title="Requesting site restart. Attempt #1" date="2025-12-01T00:33:35.118" /><!-- duration: 12ms -->
        <step title="Requesting site restart. Attempt #1" date="2025-12-01T00:33:35.258" /><!-- duration: 43ms -->
        <step title="Successfully requested a restart. Attempt #1" date="2025-12-01T00:33:38.022" /><!-- duration: 13ms -->
        <step title="Successfully requested a restart. Attempt #1" date="2025-12-01T00:33:38.036" /><!-- duration: 17ms -->
        <step title="Deployment successful. DEPLOYMENTINFO: deploymentPath = OneDeploy, deployer = OneDeploy, os = windows, sku = Standard, siteName = CleverSyncSOS, siteHostName = cleversyncsos.azurewebsites.net, deploymentStatus = Success" date="2025-12-01T00:33:38.163" /><!-- duration: 0ms -->
        <step title="Purge deployment items" date="2025-12-01T00:33:38.474" >
          <step title="Remove 83be7de65, Success, received at 11/30/2025 9:49:48 PM" date="2025-12-01T00:33:39.129" /><!-- duration: 239ms -->
        </step><!-- duration: 1286ms -->
      </step><!-- duration: 11082ms -->
    </step><!-- duration: 11734ms -->
    <step title="Cleaning up temp files" date="2025-12-01T00:33:40.567" /><!-- duration: 31ms -->
    <step title="Skip function trigger and logicapp sync because function is not enabled." date="2025-12-01T00:33:40.867" /><!-- duration: 0ms -->
  </step><!-- duration: 14921ms -->
  <step title="LockFile &apos;C:\home\site\locks\deployments.lock&apos; released" date="2025-12-01T00:33:41.379" /><!-- duration: 62ms -->
  <step title="Deleting shutdown sentinel file" date="2025-12-01T00:33:41.510" SemaphoreCount="8" /><!-- duration: 10ms -->
</step><!-- duration: 15564ms -->
