<step title="Incoming Request" date="2025-11-30T21:49:45.365" instance="eef76b" url="/api/publish?type=zip" method="POST" type="request" pid="2440,2,21" Cache-Control="no-cache" Content-Length="9139538" Content-Type="application/octet-stream" Accept="*/*" Accept-Encoding="gzip, deflate" Authorization="Bas..." Host="cleversyncsos.scm.azurewebsites.net" User-Agent="AZURECLI/2.79.0 (MSI)" x-ms-client-request-id="79915db3-ce36-11f0-9110-e02e0bc384b1" X-ARR-LOG-ID="79915db3-ce36-11f0-9110-e02e0bc384b1" CLIENT-IP="208.102.8.31:61388" X-SITE-DEPLOYMENT-ID="CleverSyncSOS" WAS-DEFAULT-HOSTNAME="cleversyncsos.scm.azurewebsites.net" X-Forwarded-Proto="https" X-AppService-Proto="https" X-Forwarded-TlsVersion="1.3" X-WAWS-Unencoded-URL="/api/publish?type=zip" >
  <step title="Cleanup Xml Logs" date="2025-11-30T21:49:45.384" /><!-- duration: 12ms -->
  <step title="OneDeploy" date="2025-11-30T21:49:45.646" >
    <step title="Starting PushDeployAsync" date="2025-11-30T21:49:45.666" /><!-- duration: 11ms -->
    <step title="Updating shutdown sentinel last write time" date="2025-11-30T21:49:45.726" SemaphoreCount="7" /><!-- duration: 20ms -->
    <step title="LockFile &apos;C:\home\site\locks\deployments.lock&apos; acquired" date="2025-11-30T21:49:45.757" /><!-- duration: 20ms -->
    <step title="Saving request content to C:\local\Temp\zipdeploy\24vufvyx.zip" date="2025-11-30T21:49:45.777" >
      <step title="Total 9,139,538 bytes written to C:\local\Temp\zipdeploy\24vufvyx.zip" date="2025-11-30T21:49:46.381" /><!-- duration: 19ms -->
    </step><!-- duration: 635ms -->
    <step title="LockFile &apos;C:\home\site\locks\deployments.lock&apos; released" date="2025-11-30T21:49:46.430" /><!-- duration: 0ms -->
    <step title="Deleting shutdown sentinel file" date="2025-11-30T21:49:46.443" SemaphoreCount="8" /><!-- duration: 0ms -->
    <step title="Starting FetchDeploy" date="2025-11-30T21:49:46.460" /><!-- duration: 0ms -->
    <step title="Attempting to fetch target branch HEAD" date="2025-11-30T21:49:46.480" /><!-- duration: 0ms -->
    <step title="Updating shutdown sentinel last write time" date="2025-11-30T21:49:46.521" SemaphoreCount="7" /><!-- duration: 0ms -->
    <step title="LockFile &apos;C:\home\site\locks\deployments.lock&apos; acquired" date="2025-11-30T21:49:46.540" /><!-- duration: 0ms -->
    <step title="Performing fetch based deployment" date="2025-11-30T21:49:46.552" >
      <step title="Creating temporary deployment" date="2025-11-30T21:49:46.552" /><!-- duration: 158ms -->
      <step title="Fetching changes." date="2025-11-30T21:49:46.756" /><!-- duration: 0ms -->
      <step title="Starting LocalZipHandler" date="2025-11-30T21:49:46.771" /><!-- duration: 0ms -->
      <step title="Starting LocalZipFetch" date="2025-11-30T21:49:46.771" /><!-- duration: 0ms -->
      <step title="Cleaning up temp folders from previous zip deployments and extracting pushed zip file C:\local\Temp\zipdeploy\24vufvyx.zip (8.72 MB) to C:\local\Temp\zipdeploy\extracted" date="2025-11-30T21:49:46.771" /><!-- duration: 20ms -->
      <step title="Cleaning up temp folders from previous zip deployments and extracting pushed zip file C:\local\Temp\zipdeploy\24vufvyx.zip (8.72 MB) to C:\local\Temp\zipdeploy\extracted" date="2025-11-30T21:49:46.791" >
        <step title="Renaming extractTargetDirectory(C:\local\Temp\zipdeploy\extracted) to tempDirectory(C:\local\Temp\zipdeploy\3k15yys2.s5l)" date="2025-11-30T21:49:46.802" /><!-- duration: 0ms -->
        <step title="Extracting 136 entries to C:\local\Temp\zipdeploy\extracted directory" date="2025-11-30T21:49:46.974" >
          <step title="Extracting to C:\local\Temp\zipdeploy\extracted\publish-output\appsettings.Development.json ..." date="2025-11-30T21:49:46.974" /><!-- duration: 18ms -->
          <step title="Extracting to C:\local\Temp\zipdeploy\extracted\publish-output\appsettings.json ..." date="2025-11-30T21:49:46.992" /><!-- duration: 13ms -->
          <step title="Extracting to C:\local\Temp\zipdeploy\extracted\publish-output\appsettings.Production.json ..." date="2025-11-30T21:49:47.023" /><!-- duration: 0ms -->
          <step title="Extracting to C:\local\Temp\zipdeploy\extracted\publish-output\CleverSyncSOS.AdminPortal.deps.json ..." date="2025-11-30T21:49:47.043" /><!-- duration: 10ms -->
          <step title="Extracting to C:\local\Temp\zipdeploy\extracted\publish-output\CleverSyncSOS.AdminPortal.runtimeconfig.json ..." date="2025-11-30T21:49:47.053" /><!-- duration: 20ms -->
          <step title="Omitting extracting file traces ..." date="2025-11-30T21:49:47.084" /><!-- duration: 19ms -->
        </step><!-- duration: 1677ms -->
      </step><!-- duration: 1871ms -->
      <step title="None repository commit" date="2025-11-30T21:49:48.681" >
        <step title="Commit id: 83be7de65b1e4b9ca4aabc0b8729427b" date="2025-11-30T21:49:48.693" Message="OneDeploy" AuthorName="N/A" AuthorEmail="N/A" /><!-- duration: 18ms -->
      </step><!-- duration: 43ms -->
      <step title="Before sending BuildRequestReceived status to /api/updatedeploystatus" date="2025-11-30T21:49:48.724" /><!-- duration: 17ms -->
      <step title="DeploymentManager.Deploy(id:83be7de65b1e4b9ca4aabc0b8729427b)" date="2025-11-30T21:49:48.741" >
        <step title="Collecting changeset information" date="2025-11-30T21:49:48.741" /><!-- duration: 30ms -->
        <step title="Updating submodules" date="2025-11-30T21:49:48.771" >
          <step title="Updating submodules." date="2025-11-30T21:49:48.802" /><!-- duration: 0ms -->
        </step><!-- duration: 31ms -->
        <step title="Preparing deployment for commit id &apos;83be7de65b&apos;." date="2025-11-30T21:49:48.865" /><!-- duration: 0ms -->
        <step title="Determining deployment builder" date="2025-11-30T21:49:48.914" >
          <step title="Builder is OneDeployBuilder" date="2025-11-30T21:49:48.944" /><!-- duration: 0ms -->
        </step><!-- duration: 50ms -->
        <step title="Copying SSH keys" date="2025-11-30T21:49:48.994" /><!-- duration: 11ms -->
        <step title="Building" date="2025-11-30T21:49:49.006" >
          <step title="Running build. Project type: OneDeploy" date="2025-11-30T21:49:49.099" /><!-- duration: 16ms -->
          <step title="Copying the manifest" date="2025-11-30T21:49:49.131" /><!-- duration: 16ms -->
          <step title="Clean deploying to C:\home\site\wwwroot" date="2025-11-30T21:49:49.193" /><!-- duration: 0ms -->
          <step title="Generating deployment script." date="2025-11-30T21:49:49.256" /><!-- duration: 16ms -->
          <step title="Generating deployment script" date="2025-11-30T21:49:49.271" >
            <step title="Using cached version of the deployment script for command: -y --no-dot-deployment -r &quot;C:\local\Temp\zipdeploy\extracted&quot; -o &quot;C:\home\site\deployments\tools&quot; --basic --sitePath &quot;C:\local\Temp\zipdeploy\extracted&quot;" date="2025-11-30T21:49:49.287" /><!-- duration: 16ms -->
            <step title="Using cached version of deployment script (command: &apos;azure -y --no-dot-deployment -r &quot;C:\local\Temp\zipdeploy\extracted&quot; -o &quot;C:\home\site\deployments\tools&quot; --basic --sitePath &quot;C:\local\Temp\zipdeploy\extracted&quot;&apos;)." date="2025-11-30T21:49:49.318" /><!-- duration: 0ms -->
          </step><!-- duration: 63ms -->
          <step title="Running deployment command..." date="2025-11-30T21:49:49.349" /><!-- duration: 0ms -->
          <step title="Command: &quot;C:\home\site\deployments\tools\deploy.cmd&quot;" date="2025-11-30T21:49:49.365" /><!-- duration: 0ms -->
          <step title="Executing external process" date="2025-11-30T21:49:49.384" type="process" path="starter.cmd" arguments="&quot;C:\home\site\deployments\tools\deploy.cmd&quot;" >
            <step title="Handling Basic Web Site deployment." date="2025-11-30T21:49:49.881" /><!-- duration: 19ms -->
            <step title="Creating app_offline.htm" date="2025-11-30T21:49:53.008" /><!-- duration: 17ms -->
            <step title="KuduSync.NET from: &apos;C:\local\Temp\zipdeploy\extracted&apos; to: &apos;C:\home\site\wwwroot&apos;" date="2025-11-30T21:49:53.057" /><!-- duration: 19ms -->
            <step title="Copying file: &apos;CleverSyncSOS.Core.dll&apos;" date="2025-11-30T21:49:53.088" /><!-- duration: 18ms -->
            <step title="Copying file: &apos;CleverSyncSOS.Core.pdb&apos;" date="2025-11-30T21:49:53.120" /><!-- duration: 0ms -->
            <step title="Deleting app_offline.htm" date="2025-11-30T21:49:53.136" /><!-- duration: 0ms -->
            <step title="Finished successfully." date="2025-11-30T21:49:53.151" /><!-- duration: 16ms -->
          </step><!-- duration: 3783ms -->
          <step title="Build completed succesfully." date="2025-11-30T21:49:53.229" /><!-- duration: 0ms -->
          <step title="Running post deployment command(s)..." date="2025-11-30T21:49:53.277" /><!-- duration: 0ms -->
          <step title="Requesting site restart" date="2025-11-30T21:49:53.338" /><!-- duration: 0ms -->
          <step title="Requesting site restart" date="2025-11-30T21:49:53.358" /><!-- duration: 0ms -->
          <step title="Requesting site restart. Attempt #1" date="2025-11-30T21:49:53.432" /><!-- duration: 0ms -->
          <step title="Requesting site restart. Attempt #1" date="2025-11-30T21:49:53.432" /><!-- duration: 0ms -->
          <step title="Successfully requested a restart. Attempt #1" date="2025-11-30T21:49:55.248" /><!-- duration: 0ms -->
          <step title="Successfully requested a restart. Attempt #1" date="2025-11-30T21:49:55.248" /><!-- duration: 12ms -->
          <step title="Deployment successful. DEPLOYMENTINFO: deploymentPath = OneDeploy, deployer = OneDeploy, os = windows, sku = Standard, siteName = CleverSyncSOS, siteHostName = cleversyncsos.azurewebsites.net, deploymentStatus = Success" date="2025-11-30T21:49:55.291" /><!-- duration: 0ms -->
          <step title="Purge deployment items" date="2025-11-30T21:49:55.419" >
            <step title="Remove 463e8af64, Success, received at 11/29/2025 7:05:53 PM" date="2025-11-30T21:49:55.448" /><!-- duration: 0ms -->
          </step><!-- duration: 29ms -->
        </step><!-- duration: 6458ms -->
      </step><!-- duration: 6722ms -->
      <step title="Cleaning up temp files" date="2025-11-30T21:49:55.463" /><!-- duration: 0ms -->
      <step title="Skip function trigger and logicapp sync because function is not enabled." date="2025-11-30T21:49:55.479" /><!-- duration: 0ms -->
    </step><!-- duration: 8989ms -->
    <step title="LockFile &apos;C:\home\site\locks\deployments.lock&apos; released" date="2025-11-30T21:49:55.560" /><!-- duration: 0ms -->
    <step title="Deleting shutdown sentinel file" date="2025-11-30T21:49:55.573" SemaphoreCount="8" /><!-- duration: 0ms -->
  </step><!-- duration: 9944ms -->
  <step title="Outgoing response" date="2025-11-30T21:49:55.590" type="response" statusCode="200" statusText="OK" Server="Microsoft-IIS/10.0" x-ms-request-id="79915db3-ce36-11f0-9110-e02e0bc384b1" Cache-Control="private" X-AspNet-Version="4.0.30319" /><!-- duration: 0ms -->
</step><!-- duration: 10245ms -->
