<step title="Incoming Request" date="2025-12-02T14:54:31.883" instance="eef76b" url="/api/publish?type=zip&amp;async=False" method="POST" type="request" pid="11948,2,13" Cache-Control="no-cache" Content-Length="9141188" Content-Type="application/octet-stream" Accept="*/*" Accept-Encoding="gzip, deflate" Authorization="Bas..." Host="cleversyncsos.scm.azurewebsites.net" User-Agent="AZURECLI/2.79.0 (MSI)" x-ms-client-request-id="cd1b324f-cf8e-11f0-b29f-e02e0bc384b1" X-ARR-LOG-ID="cd1b324f-cf8e-11f0-b29f-e02e0bc384b1" CLIENT-IP="208.102.8.31:60039" X-SITE-DEPLOYMENT-ID="CleverSyncSOS" WAS-DEFAULT-HOSTNAME="cleversyncsos.scm.azurewebsites.net" X-Forwarded-Proto="https" X-AppService-Proto="https" X-Forwarded-TlsVersion="1.3" X-WAWS-Unencoded-URL="/api/publish?type=zip&amp;async=False" >
  <step title="Cleanup Xml Logs" date="2025-12-02T14:54:31.960" /><!-- duration: 627ms -->
  <step title="OneDeploy" date="2025-12-02T14:54:33.290" >
    <step title="Starting PushDeployAsync" date="2025-12-02T14:54:33.304" /><!-- duration: 0ms -->
    <step title="Updating shutdown sentinel last write time" date="2025-12-02T14:54:33.481" SemaphoreCount="7" /><!-- duration: 10ms -->
    <step title="LockFile &apos;C:\home\site\locks\deployments.lock&apos; acquired" date="2025-12-02T14:54:33.679" /><!-- duration: 16ms -->
    <step title="Saving request content to C:\local\Temp\zipdeploy\ur55pf0u.zip" date="2025-12-02T14:54:33.711" >
      <step title="Total 9,141,188 bytes written to C:\local\Temp\zipdeploy\ur55pf0u.zip" date="2025-12-02T14:54:34.386" /><!-- duration: 11ms -->
    </step><!-- duration: 686ms -->
    <step title="LockFile &apos;C:\home\site\locks\deployments.lock&apos; released" date="2025-12-02T14:54:34.398" /><!-- duration: 128ms -->
    <step title="Deleting shutdown sentinel file" date="2025-12-02T14:54:34.576" SemaphoreCount="8" /><!-- duration: 10ms -->
    <step title="Starting FetchDeploy" date="2025-12-02T14:54:34.586" /><!-- duration: 0ms -->
    <step title="Attempting to fetch target branch HEAD" date="2025-12-02T14:54:34.616" /><!-- duration: 19ms -->
    <step title="Updating shutdown sentinel last write time" date="2025-12-02T14:54:34.757" SemaphoreCount="7" /><!-- duration: 20ms -->
    <step title="LockFile &apos;C:\home\site\locks\deployments.lock&apos; acquired" date="2025-12-02T14:54:34.788" /><!-- duration: 0ms -->
    <step title="Performing fetch based deployment" date="2025-12-02T14:54:34.819" >
      <step title="Creating temporary deployment" date="2025-12-02T14:54:34.837" /><!-- duration: 111ms -->
      <step title="Fetching changes." date="2025-12-02T14:54:35.618" /><!-- duration: 0ms -->
      <step title="Starting LocalZipHandler" date="2025-12-02T14:54:35.759" /><!-- duration: 80ms -->
      <step title="Starting LocalZipFetch" date="2025-12-02T14:54:35.851" /><!-- duration: 0ms -->
      <step title="Cleaning up temp folders from previous zip deployments and extracting pushed zip file C:\local\Temp\zipdeploy\ur55pf0u.zip (8.72 MB) to C:\local\Temp\zipdeploy\extracted" date="2025-12-02T14:54:35.882" /><!-- duration: 0ms -->
      <step title="Cleaning up temp folders from previous zip deployments and extracting pushed zip file C:\local\Temp\zipdeploy\ur55pf0u.zip (8.72 MB) to C:\local\Temp\zipdeploy\extracted" date="2025-12-02T14:54:35.900" >
        <step title="Renaming extractTargetDirectory(C:\local\Temp\zipdeploy\extracted) to tempDirectory(C:\local\Temp\zipdeploy\4hag0dhl.lcw)" date="2025-12-02T14:54:35.920" /><!-- duration: 10ms -->
        <step title="Extracting 136 entries to C:\local\Temp\zipdeploy\extracted directory" date="2025-12-02T14:54:36.121" >
          <step title="Extracting to C:\local\Temp\zipdeploy\extracted\publish-output\appsettings.Development.json ..." date="2025-12-02T14:54:36.132" /><!-- duration: 19ms -->
          <step title="Extracting to C:\local\Temp\zipdeploy\extracted\publish-output\appsettings.json ..." date="2025-12-02T14:54:36.163" /><!-- duration: 18ms -->
          <step title="Extracting to C:\local\Temp\zipdeploy\extracted\publish-output\appsettings.Production.json ..." date="2025-12-02T14:54:36.194" /><!-- duration: 17ms -->
          <step title="Extracting to C:\local\Temp\zipdeploy\extracted\publish-output\CleverSyncSOS.AdminPortal.deps.json ..." date="2025-12-02T14:54:36.322" /><!-- duration: 91ms -->
          <step title="Extracting to C:\local\Temp\zipdeploy\extracted\publish-output\CleverSyncSOS.AdminPortal.runtimeconfig.json ..." date="2025-12-02T14:54:36.413" /><!-- duration: 19ms -->
          <step title="Omitting extracting file traces ..." date="2025-12-02T14:54:36.444" /><!-- duration: 270ms -->
        </step><!-- duration: 5574ms -->
      </step><!-- duration: 5795ms -->
      <step title="None repository commit" date="2025-12-02T14:54:41.714" >
        <step title="Commit id: fa2f81317dd24601bfa6159dbbc318ee" date="2025-12-02T14:54:41.726" Message="OneDeploy" AuthorName="N/A" AuthorEmail="N/A" /><!-- duration: 0ms -->
      </step><!-- duration: 12ms -->
      <step title="Before sending BuildRequestReceived status to /api/updatedeploystatus" date="2025-12-02T14:54:41.744" /><!-- duration: 0ms -->
      <step title="DeploymentManager.Deploy(id:fa2f81317dd24601bfa6159dbbc318ee)" date="2025-12-02T14:54:41.757" >
        <step title="Collecting changeset information" date="2025-12-02T14:54:41.775" /><!-- duration: 1016ms -->
        <step title="Updating submodules" date="2025-12-02T14:54:42.991" >
          <step title="Updating submodules." date="2025-12-02T14:54:43.101" /><!-- duration: 0ms -->
        </step><!-- duration: 159ms -->
        <step title="Preparing deployment for commit id &apos;fa2f81317d&apos;." date="2025-12-02T14:54:43.241" /><!-- duration: 0ms -->
        <step title="Determining deployment builder" date="2025-12-02T14:54:43.341" >
          <step title="Builder is OneDeployBuilder" date="2025-12-02T14:54:43.351" /><!-- duration: 0ms -->
        </step><!-- duration: 30ms -->
        <step title="Copying SSH keys" date="2025-12-02T14:54:43.382" /><!-- duration: 16ms -->
        <step title="Building" date="2025-12-02T14:54:43.398" >
          <step title="Running build. Project type: OneDeploy" date="2025-12-02T14:54:43.445" /><!-- duration: 0ms -->
          <step title="Copying the manifest" date="2025-12-02T14:54:43.491" /><!-- duration: 20ms -->
          <step title="Clean deploying to C:\home\site\wwwroot" date="2025-12-02T14:54:43.835" /><!-- duration: 16ms -->
          <step title="Generating deployment script." date="2025-12-02T14:54:43.898" /><!-- duration: 16ms -->
          <step title="Generating deployment script" date="2025-12-02T14:54:43.914" >
            <step title="Using cached version of the deployment script for command: -y --no-dot-deployment -r &quot;C:\local\Temp\zipdeploy\extracted&quot; -o &quot;C:\home\site\deployments\tools&quot; --basic --sitePath &quot;C:\local\Temp\zipdeploy\extracted&quot;" date="2025-12-02T14:54:43.945" /><!-- duration: 0ms -->
            <step title="Using cached version of deployment script (command: &apos;azure -y --no-dot-deployment -r &quot;C:\local\Temp\zipdeploy\extracted&quot; -o &quot;C:\home\site\deployments\tools&quot; --basic --sitePath &quot;C:\local\Temp\zipdeploy\extracted&quot;&apos;)." date="2025-12-02T14:54:43.961" /><!-- duration: 16ms -->
          </step><!-- duration: 78ms -->
          <step title="Running deployment command..." date="2025-12-02T14:54:44.023" /><!-- duration: 0ms -->
          <step title="Command: &quot;C:\home\site\deployments\tools\deploy.cmd&quot;" date="2025-12-02T14:54:44.023" /><!-- duration: 0ms -->
          <step title="Executing external process" date="2025-12-02T14:54:44.039" type="process" path="starter.cmd" arguments="&quot;C:\home\site\deployments\tools\deploy.cmd&quot;" >
            <step title="Handling Basic Web Site deployment." date="2025-12-02T14:54:44.811" /><!-- duration: 10ms -->
            <step title="Creating app_offline.htm" date="2025-12-02T14:54:45.461" /><!-- duration: 0ms -->
            <step title="KuduSync.NET from: &apos;C:\local\Temp\zipdeploy\extracted&apos; to: &apos;C:\home\site\wwwroot&apos;" date="2025-12-02T14:54:45.480" /><!-- duration: 0ms -->
            <step title="Deleting file: &apos;adminportal\appsettings.Development.json&apos;" date="2025-12-02T14:54:45.492" /><!-- duration: 0ms -->
            <step title="Deleting file: &apos;adminportal\appsettings.json&apos;" date="2025-12-02T14:54:45.510" /><!-- duration: 13ms -->
            <step title="Deleting file: &apos;adminportal\appsettings.Production.json&apos;" date="2025-12-02T14:54:45.523" /><!-- duration: 17ms -->
            <step title="Deleting file: &apos;adminportal\AspNet.Security.OAuth.Clever.dll&apos;" date="2025-12-02T14:54:45.540" /><!-- duration: 0ms -->
            <step title="Deleting file: &apos;adminportal\Azure.Core.dll&apos;" date="2025-12-02T14:54:45.570" /><!-- duration: 0ms -->
            <step title="Deleting file: &apos;adminportal\Azure.Identity.dll&apos;" date="2025-12-02T14:54:45.570" /><!-- duration: 16ms -->
            <step title="Deleting file: &apos;adminportal\Azure.ResourceManager.dll&apos;" date="2025-12-02T14:54:45.602" /><!-- duration: 0ms -->
            <step title="Deleting file: &apos;adminportal\Azure.Security.KeyVault.Secrets.dll&apos;" date="2025-12-02T14:54:45.620" /><!-- duration: 0ms -->
            <step title="Deleting file: &apos;adminportal\CleverSyncSOS.AdminPortal.deps.json&apos;" date="2025-12-02T14:54:45.648" /><!-- duration: 0ms -->
            <step title="Deleting file: &apos;adminportal\CleverSyncSOS.AdminPortal.dll&apos;" date="2025-12-02T14:54:45.648" /><!-- duration: 0ms -->
            <step title="Deleting file: &apos;adminportal\CleverSyncSOS.AdminPortal.exe&apos;" date="2025-12-02T14:54:45.664" /><!-- duration: 0ms -->
            <step title="Deleting file: &apos;adminportal\CleverSyncSOS.AdminPortal.pdb&apos;" date="2025-12-02T14:54:45.664" /><!-- duration: 47ms -->
            <step title="Deleting file: &apos;adminportal\CleverSyncSOS.AdminPortal.runtimeconfig.json&apos;" date="2025-12-02T14:54:45.742" /><!-- duration: 0ms -->
            <step title="Deleting file: &apos;adminportal\CleverSyncSOS.AdminPortal.staticwebassets.endpoints.json&apos;" date="2025-12-02T14:54:45.791" /><!-- duration: 0ms -->
            <step title="Deleting file: &apos;adminportal\CleverSyncSOS.Core.dll&apos;" date="2025-12-02T14:54:45.805" /><!-- duration: 0ms -->
            <step title="Deleting file: &apos;adminportal\CleverSyncSOS.Core.pdb&apos;" date="2025-12-02T14:54:45.821" /><!-- duration: 0ms -->
            <step title="Deleting file: &apos;adminportal\FluentValidation.AspNetCore.dll&apos;" date="2025-12-02T14:54:45.841" /><!-- duration: 0ms -->
            <step title="Deleting file: &apos;adminportal\FluentValidation.DependencyInjectionExtensions.dll&apos;" date="2025-12-02T14:54:45.852" /><!-- duration: 0ms -->
            <step title="Deleting file: &apos;adminportal\FluentValidation.dll&apos;" date="2025-12-02T14:54:45.852" /><!-- duration: 0ms -->
            <step title="Deleting file: &apos;adminportal\Microsoft.ApplicationInsights.dll&apos;" date="2025-12-02T14:54:45.883" /><!-- duration: 0ms -->
            <step title="Deleting file: &apos;adminportal\Microsoft.AspNetCore.Http.Connections.Client.dll&apos;" date="2025-12-02T14:54:45.898" /><!-- duration: 0ms -->
            <step title="Deleting file: &apos;adminportal\Microsoft.AspNetCore.SignalR.Client.Core.dll&apos;" date="2025-12-02T14:54:45.898" /><!-- duration: 0ms -->
            <step title="Deleting file: &apos;adminportal\Microsoft.AspNetCore.SignalR.Client.dll&apos;" date="2025-12-02T14:54:45.914" /><!-- duration: 0ms -->
            <step title="Deleting file: &apos;adminportal\Microsoft.Bcl.AsyncInterfaces.dll&apos;" date="2025-12-02T14:54:45.932" /><!-- duration: 0ms -->
            <step title="Deleting file: &apos;adminportal\Microsoft.Data.SqlClient.dll&apos;" date="2025-12-02T14:54:45.945" /><!-- duration: 0ms -->
            <step title="Deleting file: &apos;adminportal\Microsoft.EntityFrameworkCore.Abstractions.dll&apos;" date="2025-12-02T14:54:45.982" /><!-- duration: 11ms -->
            <step title="Deleting file: &apos;adminportal\Microsoft.EntityFrameworkCore.dll&apos;" date="2025-12-02T14:54:45.992" /><!-- duration: 0ms -->
            <step title="Deleting file: &apos;adminportal\Microsoft.EntityFrameworkCore.Relational.dll&apos;" date="2025-12-02T14:54:46.008" /><!-- duration: 0ms -->
            <step title="Deleting file: &apos;adminportal\Microsoft.EntityFrameworkCore.SqlServer.dll&apos;" date="2025-12-02T14:54:46.023" /><!-- duration: 49ms -->
            <step title="Deleting file: &apos;adminportal\Microsoft.Extensions.Configuration.Abstractions.dll&apos;" date="2025-12-02T14:54:46.086" /><!-- duration: 0ms -->
            <step title="Deleting file: &apos;adminportal\Microsoft.Extensions.Configuration.Binder.dll&apos;" date="2025-12-02T14:54:46.117" /><!-- duration: 0ms -->
            <step title="Deleting file: &apos;adminportal\Microsoft.Extensions.Configuration.dll&apos;" date="2025-12-02T14:54:46.133" /><!-- duration: 0ms -->
            <step title="Deleting file: &apos;adminportal\Microsoft.Extensions.DependencyInjection.Abstractions.dll&apos;" date="2025-12-02T14:54:46.133" /><!-- duration: 20ms -->
            <step title="Deleting file: &apos;adminportal\Microsoft.Extensions.DependencyInjection.dll&apos;" date="2025-12-02T14:54:46.164" /><!-- duration: 0ms -->
            <step title="Deleting file: &apos;adminportal\Microsoft.Extensions.Diagnostics.Abstractions.dll&apos;" date="2025-12-02T14:54:46.164" /><!-- duration: 16ms -->
            <step title="Deleting file: &apos;adminportal\Microsoft.Extensions.Diagnostics.dll&apos;" date="2025-12-02T14:54:46.195" /><!-- duration: 0ms -->
            <step title="Deleting file: &apos;adminportal\Microsoft.Extensions.Diagnostics.HealthChecks.Abstractions.dll&apos;" date="2025-12-02T14:54:46.213" /><!-- duration: 0ms -->
            <step title="Deleting file: &apos;adminportal\Microsoft.Extensions.Diagnostics.HealthChecks.dll&apos;" date="2025-12-02T14:54:46.227" /><!-- duration: 0ms -->
            <step title="Deleting file: &apos;adminportal\Microsoft.Extensions.FileProviders.Abstractions.dll&apos;" date="2025-12-02T14:54:46.243" /><!-- duration: 0ms -->
            <step title="Deleting file: &apos;adminportal\Microsoft.Extensions.Hosting.Abstractions.dll&apos;" date="2025-12-02T14:54:46.258" /><!-- duration: 0ms -->
            <step title="Deleting file: &apos;adminportal\Microsoft.Extensions.Http.dll&apos;" date="2025-12-02T14:54:46.324" /><!-- duration: 0ms -->
            <step title="Deleting file: &apos;adminportal\Microsoft.Extensions.Http.Polly.dll&apos;" date="2025-12-02T14:54:46.352" /><!-- duration: 0ms -->
            <step title="Deleting file: &apos;adminportal\Microsoft.Extensions.Logging.Abstractions.dll&apos;" date="2025-12-02T14:54:46.367" /><!-- duration: 0ms -->
            <step title="Deleting file: &apos;adminportal\Microsoft.Extensions.Logging.dll&apos;" date="2025-12-02T14:54:46.383" /><!-- duration: 0ms -->
            <step title="Deleting file: &apos;adminportal\Microsoft.Extensions.Options.ConfigurationExtensions.dll&apos;" date="2025-12-02T14:54:46.398" /><!-- duration: 0ms -->
            <step title="Deleting file: &apos;adminportal\Microsoft.Extensions.Options.dll&apos;" date="2025-12-02T14:54:46.445" /><!-- duration: 0ms -->
            <step title="Deleting file: &apos;adminportal\Microsoft.Extensions.Primitives.dll&apos;" date="2025-12-02T14:54:46.461" /><!-- duration: 18ms -->
            <step title="Deleting file: &apos;adminportal\Microsoft.Identity.Client.dll&apos;" date="2025-12-02T14:54:46.492" /><!-- duration: 0ms -->
            <step title="Omitting next output lines..." date="2025-12-02T14:54:46.529" /><!-- duration: 0ms -->
            <step title="Finished successfully." date="2025-12-02T14:54:46.793" /><!-- duration: 12ms -->
          </step><!-- duration: 2784ms -->
          <step title="Build completed succesfully." date="2025-12-02T14:54:46.853" /><!-- duration: 0ms -->
          <step title="Running post deployment command(s)..." date="2025-12-02T14:54:46.914" /><!-- duration: 0ms -->
          <step title="Requesting site restart" date="2025-12-02T14:54:46.963" /><!-- duration: 13ms -->
          <step title="Requesting site restart" date="2025-12-02T14:54:46.977" /><!-- duration: 0ms -->
          <step title="Requesting site restart. Attempt #1" date="2025-12-02T14:54:47.025" /><!-- duration: 0ms -->
          <step title="Requesting site restart. Attempt #1" date="2025-12-02T14:54:47.039" /><!-- duration: 0ms -->
          <step title="Successfully requested a restart. Attempt #1" date="2025-12-02T14:54:48.774" /><!-- duration: 0ms -->
          <step title="Successfully requested a restart. Attempt #1" date="2025-12-02T14:54:48.774" /><!-- duration: 0ms -->
          <step title="Deployment successful. DEPLOYMENTINFO: deploymentPath = OneDeploy, deployer = OneDeploy, os = windows, sku = Standard, siteName = CleverSyncSOS, siteHostName = cleversyncsos.azurewebsites.net, deploymentStatus = Success" date="2025-12-02T14:54:48.836" /><!-- duration: 0ms -->
          <step title="Purge deployment items" date="2025-12-02T14:54:48.930" >
            <step title="Remove fd5475ee3, Success, received at 11/30/2025 10:49:26 PM" date="2025-12-02T14:54:48.961" /><!-- duration: 16ms -->
          </step><!-- duration: 47ms -->
        </step><!-- duration: 5579ms -->
      </step><!-- duration: 7235ms -->
      <step title="Cleaning up temp files" date="2025-12-02T14:54:48.992" /><!-- duration: 0ms -->
      <step title="Skip function trigger and logicapp sync because function is not enabled." date="2025-12-02T14:54:48.992" /><!-- duration: 16ms -->
    </step><!-- duration: 14204ms -->
    <step title="LockFile &apos;C:\home\site\locks\deployments.lock&apos; released" date="2025-12-02T14:54:49.024" /><!-- duration: 0ms -->
    <step title="Deleting shutdown sentinel file" date="2025-12-02T14:54:49.039" SemaphoreCount="8" /><!-- duration: 0ms -->
  </step><!-- duration: 15749ms -->
  <step title="Outgoing response" date="2025-12-02T14:54:49.039" type="response" statusCode="200" statusText="OK" Server="Microsoft-IIS/10.0" x-ms-request-id="cd1b324f-cf8e-11f0-b29f-e02e0bc384b1" Cache-Control="private" X-AspNet-Version="4.0.30319" /><!-- duration: 0ms -->
</step><!-- duration: 17156ms -->
