<step title="Incoming Request" date="2025-11-29T13:34:54.999" instance="eef76b" url="/api/publish?type=zip" method="POST" type="request" pid="8604,2,53" Cache-Control="no-cache" Content-Length="8022112" Content-Type="application/octet-stream" Accept="*/*" Accept-Encoding="gzip, deflate" Authorization="Bas..." Host="cleversyncsos.scm.azurewebsites.net" User-Agent="AZURECLI/2.79.0 (MSI)" x-ms-client-request-id="2ef4ea5f-cd28-11f0-ae9e-e02e0bc384b1" X-ARR-LOG-ID="2ef4ea5f-cd28-11f0-ae9e-e02e0bc384b1" CLIENT-IP="208.102.8.31:64057" X-SITE-DEPLOYMENT-ID="CleverSyncSOS" WAS-DEFAULT-HOSTNAME="cleversyncsos.scm.azurewebsites.net" X-Forwarded-Proto="https" X-AppService-Proto="https" X-Forwarded-TlsVersion="1.3" X-WAWS-Unencoded-URL="/api/publish?type=zip" >
  <step title="Cleanup Xml Logs" date="2025-11-29T13:34:55.030" /><!-- duration: 19ms -->
  <step title="OneDeploy" date="2025-11-29T13:34:55.079" >
    <step title="Starting PushDeployAsync" date="2025-11-29T13:34:55.093" /><!-- duration: 17ms -->
    <step title="Updating shutdown sentinel last write time" date="2025-11-29T13:34:55.140" SemaphoreCount="7" /><!-- duration: 0ms -->
    <step title="LockFile &apos;C:\home\site\locks\deployments.lock&apos; acquired" date="2025-11-29T13:34:55.160" /><!-- duration: 11ms -->
    <step title="Saving request content to C:\local\Temp\zipdeploy\bxibteof.zip" date="2025-11-29T13:34:55.171" >
      <step title="Total 8,022,112 bytes written to C:\local\Temp\zipdeploy\bxibteof.zip" date="2025-11-29T13:34:56.160" /><!-- duration: 11ms -->
    </step><!-- duration: 1000ms -->
    <step title="LockFile &apos;C:\home\site\locks\deployments.lock&apos; released" date="2025-11-29T13:34:56.171" /><!-- duration: 0ms -->
    <step title="Deleting shutdown sentinel file" date="2025-11-29T13:34:56.233" SemaphoreCount="8" /><!-- duration: 0ms -->
    <step title="Starting FetchDeploy" date="2025-11-29T13:34:56.233" /><!-- duration: 0ms -->
    <step title="Attempting to fetch target branch HEAD" date="2025-11-29T13:34:56.233" /><!-- duration: 0ms -->
    <step title="Updating shutdown sentinel last write time" date="2025-11-29T13:34:56.250" SemaphoreCount="7" /><!-- duration: 20ms -->
    <step title="LockFile &apos;C:\home\site\locks\deployments.lock&apos; acquired" date="2025-11-29T13:34:56.280" /><!-- duration: 0ms -->
    <step title="Performing fetch based deployment" date="2025-11-29T13:34:56.280" >
      <step title="Creating temporary deployment" date="2025-11-29T13:34:56.280" /><!-- duration: 31ms -->
      <step title="Fetching changes." date="2025-11-29T13:34:56.361" /><!-- duration: 13ms -->
      <step title="Starting LocalZipHandler" date="2025-11-29T13:34:56.391" /><!-- duration: 0ms -->
      <step title="Starting LocalZipFetch" date="2025-11-29T13:34:56.391" /><!-- duration: 20ms -->
      <step title="Cleaning up temp folders from previous zip deployments and extracting pushed zip file C:\local\Temp\zipdeploy\bxibteof.zip (7.65 MB) to C:\local\Temp\zipdeploy\extracted" date="2025-11-29T13:34:56.421" /><!-- duration: 0ms -->
      <step title="Cleaning up temp folders from previous zip deployments and extracting pushed zip file C:\local\Temp\zipdeploy\bxibteof.zip (7.65 MB) to C:\local\Temp\zipdeploy\extracted" date="2025-11-29T13:34:56.441" >
        <step title="Renaming extractTargetDirectory(C:\local\Temp\zipdeploy\extracted) to tempDirectory(C:\local\Temp\zipdeploy\5zmm03sv.icq)" date="2025-11-29T13:34:56.441" /><!-- duration: 0ms -->
        <step title="Extracting 198 entries to C:\local\Temp\zipdeploy\extracted directory" date="2025-11-29T13:34:56.689" >
          <step title="Extracting to C:\local\Temp\zipdeploy\extracted\publish\appsettings.Development.json ..." date="2025-11-29T13:34:56.749" /><!-- duration: 0ms -->
          <step title="Extracting to C:\local\Temp\zipdeploy\extracted\publish\appsettings.json ..." date="2025-11-29T13:34:56.749" /><!-- duration: 16ms -->
          <step title="Extracting to C:\local\Temp\zipdeploy\extracted\publish\appsettings.Production.json ..." date="2025-11-29T13:34:56.765" /><!-- duration: 0ms -->
          <step title="Extracting to C:\local\Temp\zipdeploy\extracted\publish\CleverSyncSOS.AdminPortal.deps.json ..." date="2025-11-29T13:34:56.780" /><!-- duration: 0ms -->
          <step title="Extracting to C:\local\Temp\zipdeploy\extracted\publish\CleverSyncSOS.AdminPortal.runtimeconfig.json ..." date="2025-11-29T13:34:56.811" /><!-- duration: 18ms -->
          <step title="Omitting extracting file traces ..." date="2025-11-29T13:34:56.829" /><!-- duration: 0ms -->
        </step><!-- duration: 1799ms -->
      </step><!-- duration: 2058ms -->
      <step title="None repository commit" date="2025-11-29T13:34:58.499" >
        <step title="Commit id: 5122d20fb0ab4f769c3680f80d8df187" date="2025-11-29T13:34:58.518" Message="OneDeploy" AuthorName="N/A" AuthorEmail="N/A" /><!-- duration: 0ms -->
      </step><!-- duration: 31ms -->
      <step title="Before sending BuildRequestReceived status to /api/updatedeploystatus" date="2025-11-29T13:34:58.530" /><!-- duration: 18ms -->
      <step title="DeploymentManager.Deploy(id:5122d20fb0ab4f769c3680f80d8df187)" date="2025-11-29T13:34:58.548" >
        <step title="Collecting changeset information" date="2025-11-29T13:34:58.561" /><!-- duration: 78ms -->
        <step title="Updating submodules" date="2025-11-29T13:34:58.659" >
          <step title="Updating submodules." date="2025-11-29T13:34:58.733" /><!-- duration: 0ms -->
        </step><!-- duration: 74ms -->
        <step title="Preparing deployment for commit id &apos;5122d20fb0&apos;." date="2025-11-29T13:34:58.800" /><!-- duration: 12ms -->
        <step title="Determining deployment builder" date="2025-11-29T13:34:58.921" >
          <step title="Builder is OneDeployBuilder" date="2025-11-29T13:34:58.921" /><!-- duration: 19ms -->
        </step><!-- duration: 19ms -->
        <step title="Copying SSH keys" date="2025-11-29T13:34:58.983" /><!-- duration: 17ms -->
        <step title="Building" date="2025-11-29T13:34:59.001" >
          <step title="Running build. Project type: OneDeploy" date="2025-11-29T13:34:59.124" /><!-- duration: 0ms -->
          <step title="Copying the manifest" date="2025-11-29T13:34:59.202" /><!-- duration: 0ms -->
          <step title="Clean deploying to C:\home\site\wwwroot" date="2025-11-29T13:34:59.332" /><!-- duration: 0ms -->
          <step title="Generating deployment script." date="2025-11-29T13:34:59.392" /><!-- duration: 0ms -->
          <step title="Generating deployment script" date="2025-11-29T13:34:59.405" >
            <step title="Using cached version of the deployment script for command: -y --no-dot-deployment -r &quot;C:\local\Temp\zipdeploy\extracted&quot; -o &quot;C:\home\site\deployments\tools&quot; --basic --sitePath &quot;C:\local\Temp\zipdeploy\extracted&quot;" date="2025-11-29T13:34:59.443" /><!-- duration: 10ms -->
            <step title="Using cached version of deployment script (command: &apos;azure -y --no-dot-deployment -r &quot;C:\local\Temp\zipdeploy\extracted&quot; -o &quot;C:\home\site\deployments\tools&quot; --basic --sitePath &quot;C:\local\Temp\zipdeploy\extracted&quot;&apos;)." date="2025-11-29T13:34:59.473" /><!-- duration: 0ms -->
          </step><!-- duration: 78ms -->
          <step title="Running deployment command..." date="2025-11-29T13:34:59.563" /><!-- duration: 0ms -->
          <step title="Command: &quot;C:\home\site\deployments\tools\deploy.cmd&quot;" date="2025-11-29T13:34:59.563" /><!-- duration: 14ms -->
          <step title="Executing external process" date="2025-11-29T13:34:59.577" type="process" path="starter.cmd" arguments="&quot;C:\home\site\deployments\tools\deploy.cmd&quot;" >
            <step title="Handling Basic Web Site deployment." date="2025-11-29T13:35:00.156" /><!-- duration: 0ms -->
            <step title="Creating app_offline.htm" date="2025-11-29T13:35:01.718" /><!-- duration: 0ms -->
            <step title="KuduSync.NET from: &apos;C:\local\Temp\zipdeploy\extracted&apos; to: &apos;C:\home\site\wwwroot&apos;" date="2025-11-29T13:35:01.749" /><!-- duration: 0ms -->
            <step title="Copying file: &apos;CleverSyncSOS.AdminPortal.dll&apos;" date="2025-11-29T13:35:01.768" /><!-- duration: 12ms -->
            <step title="Copying file: &apos;CleverSyncSOS.AdminPortal.exe&apos;" date="2025-11-29T13:35:01.796" /><!-- duration: 16ms -->
            <step title="Copying file: &apos;CleverSyncSOS.AdminPortal.pdb&apos;" date="2025-11-29T13:35:01.828" /><!-- duration: 0ms -->
            <step title="Copying file: &apos;publish\publish\publish\publish\publish\publish\publish\publish\publish\publish\publish\appsettings.Development.json&apos;" date="2025-11-29T13:35:01.858" /><!-- duration: 0ms -->
            <step title="Copying file: &apos;publish\publish\publish\publish\publish\publish\publish\publish\publish\publish\publish\appsettings.json&apos;" date="2025-11-29T13:35:01.890" /><!-- duration: 0ms -->
            <step title="Copying file: &apos;publish\publish\publish\publish\publish\publish\publish\publish\publish\publish\publish\appsettings.Production.json&apos;" date="2025-11-29T13:35:01.921" /><!-- duration: 0ms -->
            <step title="Copying file: &apos;publish\publish\publish\publish\publish\publish\publish\publish\publish\publish\publish\CleverSyncSOS.AdminPortal.deps.json&apos;" date="2025-11-29T13:35:01.939" /><!-- duration: 13ms -->
            <step title="Copying file: &apos;publish\publish\publish\publish\publish\publish\publish\publish\publish\publish\publish\CleverSyncSOS.AdminPortal.runtimeconfig.json&apos;" date="2025-11-29T13:35:01.969" /><!-- duration: 0ms -->
            <step title="Copying file: &apos;publish\publish\publish\publish\publish\publish\publish\publish\publish\publish\publish\CleverSyncSOS.AdminPortal.staticwebassets.endpoints.json&apos;" date="2025-11-29T13:35:05.554" /><!-- duration: 10ms -->
            <step title="Copying file: &apos;publish\publish\publish\publish\publish\publish\publish\publish\publish\publish\publish\web.config&apos;" date="2025-11-29T13:35:05.595" /><!-- duration: 0ms -->
            <step title="Deleting app_offline.htm" date="2025-11-29T13:35:05.626" /><!-- duration: 18ms -->
            <step title="Finished successfully." date="2025-11-29T13:35:05.767" /><!-- duration: 18ms -->
          </step><!-- duration: 6459ms -->
          <step title="Build completed succesfully." date="2025-11-29T13:35:06.318" /><!-- duration: 201ms -->
          <step title="Running post deployment command(s)..." date="2025-11-29T13:35:06.751" /><!-- duration: 0ms -->
          <step title="Requesting site restart" date="2025-11-29T13:35:07.303" /><!-- duration: 0ms -->
          <step title="Requesting site restart" date="2025-11-29T13:35:07.314" /><!-- duration: 0ms -->
          <step title="Requesting site restart. Attempt #1" date="2025-11-29T13:35:08.208" /><!-- duration: 12ms -->
          <step title="Requesting site restart. Attempt #1" date="2025-11-29T13:35:08.298" /><!-- duration: 81ms -->
          <step title="Successfully requested a restart. Attempt #1" date="2025-11-29T13:35:11.224" /><!-- duration: 402ms -->
          <step title="Successfully requested a restart. Attempt #1" date="2025-11-29T13:35:11.720" /><!-- duration: 17ms -->
          <step title="Deployment successful. DEPLOYMENTINFO: deploymentPath = OneDeploy, deployer = OneDeploy, os = windows, sku = Standard, siteName = CleverSyncSOS, siteHostName = cleversyncsos.azurewebsites.net, deploymentStatus = Success" date="2025-11-29T13:35:11.861" /><!-- duration: 0ms -->
          <step title="Purge deployment items" date="2025-11-29T13:35:12.209" >
            <step title="Remove c96df5e2f, Success, received at 11/29/2025 2:30:46 AM" date="2025-11-29T13:35:12.270" /><!-- duration: 0ms -->
          </step><!-- duration: 60ms -->
        </step><!-- duration: 13299ms -->
      </step><!-- duration: 13751ms -->
      <step title="Cleaning up temp files" date="2025-11-29T13:35:12.330" /><!-- duration: 0ms -->
      <step title="Skip function trigger and logicapp sync because function is not enabled." date="2025-11-29T13:35:12.361" /><!-- duration: 0ms -->
    </step><!-- duration: 16143ms -->
    <step title="LockFile &apos;C:\home\site\locks\deployments.lock&apos; released" date="2025-11-29T13:35:12.460" /><!-- duration: 0ms -->
    <step title="Deleting shutdown sentinel file" date="2025-11-29T13:35:12.470" SemaphoreCount="8" /><!-- duration: 0ms -->
  </step><!-- duration: 17411ms -->
  <step title="Outgoing response" date="2025-11-29T13:35:12.501" type="response" statusCode="200" statusText="OK" Server="Microsoft-IIS/10.0" x-ms-request-id="2ef4ea5f-cd28-11f0-ae9e-e02e0bc384b1" Cache-Control="private" X-AspNet-Version="4.0.30319" /><!-- duration: 643ms -->
</step><!-- duration: 18256ms -->
