<step title="BackgroundTrace" date="2025-12-01T01:32:41.561" instance="eef76b" url="/api/zipdeploy" method="POST" >
  <step title="Updating shutdown sentinel last write time" date="2025-12-01T01:32:41.621" SemaphoreCount="7" /><!-- duration: 14ms -->
  <step title="LockFile &apos;C:\home\site\locks\deployments.lock&apos; acquired" date="2025-12-01T01:32:41.635" /><!-- duration: 0ms -->
  <step title="Creating temporary deployment" date="2025-12-01T01:32:41.652" /><!-- duration: 140ms -->
  <step title="Performing fetch based deployment" date="2025-12-01T01:32:41.823" >
    <step title="Fetching changes." date="2025-12-01T01:32:42.092" /><!-- duration: 30ms -->
    <step title="Starting LocalZipHandler" date="2025-12-01T01:32:42.142" /><!-- duration: 10ms -->
    <step title="Cleaning up temp folders from previous zip deployments and extracting pushed zip file C:\local\Temp\zipdeploy\vvflknwi.zip (26.12 MB) to C:\local\Temp\zipdeploy\extracted" date="2025-12-01T01:32:42.214" /><!-- duration: 19ms -->
    <step title="Cleaning up temp folders from previous zip deployments and extracting pushed zip file C:\local\Temp\zipdeploy\vvflknwi.zip (26.12 MB) to C:\local\Temp\zipdeploy\extracted" date="2025-12-01T01:32:42.232" >
      <step title="Extracting 274 entries to C:\local\Temp\zipdeploy\extracted directory" date="2025-12-01T01:32:42.313" >
        <step title="Extracting to C:\local\Temp\zipdeploy\extracted\adminportal\appsettings.Development.json ..." date="2025-12-01T01:32:42.323" /><!-- duration: 50ms -->
        <step title="Extracting to C:\local\Temp\zipdeploy\extracted\adminportal\appsettings.json ..." date="2025-12-01T01:32:42.373" /><!-- duration: 12ms -->
        <step title="Extracting to C:\local\Temp\zipdeploy\extracted\adminportal\appsettings.Production.json ..." date="2025-12-01T01:32:42.403" /><!-- duration: 0ms -->
        <step title="Extracting to C:\local\Temp\zipdeploy\extracted\adminportal\AspNet.Security.OAuth.Clever.dll ..." date="2025-12-01T01:32:42.417" /><!-- duration: 0ms -->
        <step title="Extracting to C:\local\Temp\zipdeploy\extracted\adminportal\Azure.Core.dll ..." date="2025-12-01T01:32:42.417" /><!-- duration: 37ms -->
        <step title="Omitting extracting file traces ..." date="2025-12-01T01:32:42.464" /><!-- duration: 80ms -->
      </step><!-- duration: 3589ms -->
    </step><!-- duration: 3689ms -->
    <step title="Before sending BuildRequestReceived status to /api/updatedeploystatus" date="2025-12-01T01:32:45.932" /><!-- duration: 31ms -->
    <step title="DeploymentManager.Deploy(id:fe17cac09a304871bb513ba10b7a67d2)" date="2025-12-01T01:32:46.042" >
      <step title="Collecting changeset information" date="2025-12-01T01:32:46.092" /><!-- duration: 153ms -->
      <step title="Updating submodules" date="2025-12-01T01:32:46.263" >
        <step title="Updating submodules." date="2025-12-01T01:32:46.436" /><!-- duration: 12ms -->
      </step><!-- duration: 185ms -->
      <step title="Preparing deployment for commit id &apos;fe17cac09a&apos;." date="2025-12-01T01:32:46.526" /><!-- duration: 0ms -->
      <step title="Determining deployment builder" date="2025-12-01T01:32:46.607" >
        <step title="Builder is BasicBuilder" date="2025-12-01T01:32:46.637" /><!-- duration: 0ms -->
      </step><!-- duration: 30ms -->
      <step title="Copying SSH keys" date="2025-12-01T01:32:46.698" /><!-- duration: 31ms -->
      <step title="Building" date="2025-12-01T01:32:46.760" >
        <step title="Generating deployment script." date="2025-12-01T01:32:47.139" /><!-- duration: 12ms -->
        <step title="Generating deployment script" date="2025-12-01T01:32:47.151" >
          <step title="Using cached version of the deployment script for command: -y --no-dot-deployment -r &quot;C:\local\Temp\zipdeploy\extracted&quot; -o &quot;C:\home\site\deployments\tools&quot; --basic --sitePath &quot;C:\local\Temp\zipdeploy\extracted&quot;" date="2025-12-01T01:32:47.340" /><!-- duration: 20ms -->
          <step title="Using cached version of deployment script (command: &apos;azure -y --no-dot-deployment -r &quot;C:\local\Temp\zipdeploy\extracted&quot; -o &quot;C:\home\site\deployments\tools&quot; --basic --sitePath &quot;C:\local\Temp\zipdeploy\extracted&quot;&apos;)." date="2025-12-01T01:32:47.370" /><!-- duration: 0ms -->
        </step><!-- duration: 219ms -->
        <step title="Running deployment command..." date="2025-12-01T01:32:47.432" /><!-- duration: 0ms -->
        <step title="Command: &quot;C:\home\site\deployments\tools\deploy.cmd&quot;" date="2025-12-01T01:32:47.481" /><!-- duration: 14ms -->
        <step title="Executing external process" date="2025-12-01T01:32:47.526" type="process" path="starter.cmd" arguments="&quot;C:\home\site\deployments\tools\deploy.cmd&quot;" >
          <step title="Handling Basic Web Site deployment." date="2025-12-01T01:32:51.842" /><!-- duration: 12ms -->
          <step title="Creating app_offline.htm" date="2025-12-01T01:32:51.872" /><!-- duration: 20ms -->
          <step title="KuduSync.NET from: &apos;C:\local\Temp\zipdeploy\extracted&apos; to: &apos;C:\home\site\wwwroot&apos;" date="2025-12-01T01:32:51.922" /><!-- duration: 10ms -->
          <step title="Copying file: &apos;adminportal.zip&apos;" date="2025-12-01T01:32:51.952" /><!-- duration: 0ms -->
          <step title="Copying file: &apos;CleverSyncSOS.AdminPortal.dll&apos;" date="2025-12-01T01:32:51.964" /><!-- duration: 19ms -->
          <step title="Copying file: &apos;CleverSyncSOS.AdminPortal.exe&apos;" date="2025-12-01T01:32:51.995" /><!-- duration: 0ms -->
          <step title="Copying file: &apos;CleverSyncSOS.AdminPortal.pdb&apos;" date="2025-12-01T01:32:52.012" /><!-- duration: 20ms -->
          <step title="Copying file: &apos;CleverSyncSOS.Core.dll&apos;" date="2025-12-01T01:32:52.042" /><!-- duration: 0ms -->
          <step title="Copying file: &apos;CleverSyncSOS.Core.pdb&apos;" date="2025-12-01T01:32:52.073" /><!-- duration: 0ms -->
          <step title="Copying file: &apos;adminportal\appsettings.Development.json&apos;" date="2025-12-01T01:32:52.092" /><!-- duration: 1264ms -->
          <step title="Copying file: &apos;adminportal\appsettings.json&apos;" date="2025-12-01T01:32:53.998" /><!-- duration: 43ms -->
          <step title="Copying file: &apos;adminportal\appsettings.Production.json&apos;" date="2025-12-01T01:32:54.745" /><!-- duration: 47ms -->
          <step title="Copying file: &apos;adminportal\AspNet.Security.OAuth.Clever.dll&apos;" date="2025-12-01T01:32:55.417" /><!-- duration: 68ms -->
          <step title="Copying file: &apos;adminportal\Azure.Core.dll&apos;" date="2025-12-01T01:32:55.626" /><!-- duration: 10ms -->
          <step title="Copying file: &apos;adminportal\Azure.Identity.dll&apos;" date="2025-12-01T01:32:55.716" /><!-- duration: 30ms -->
          <step title="Copying file: &apos;adminportal\Azure.ResourceManager.dll&apos;" date="2025-12-01T01:32:55.796" /><!-- duration: 11ms -->
          <step title="Copying file: &apos;adminportal\Azure.Security.KeyVault.Secrets.dll&apos;" date="2025-12-01T01:32:55.826" /><!-- duration: 0ms -->
          <step title="Copying file: &apos;adminportal\CleverSyncSOS.AdminPortal.deps.json&apos;" date="2025-12-01T01:32:55.839" /><!-- duration: 0ms -->
          <step title="Copying file: &apos;adminportal\CleverSyncSOS.AdminPortal.dll&apos;" date="2025-12-01T01:32:55.856" /><!-- duration: 30ms -->
          <step title="Copying file: &apos;adminportal\CleverSyncSOS.AdminPortal.exe&apos;" date="2025-12-01T01:32:55.917" /><!-- duration: 0ms -->
          <step title="Copying file: &apos;adminportal\CleverSyncSOS.AdminPortal.pdb&apos;" date="2025-12-01T01:32:55.937" /><!-- duration: 11ms -->
          <step title="Copying file: &apos;adminportal\CleverSyncSOS.AdminPortal.runtimeconfig.json&apos;" date="2025-12-01T01:32:55.948" /><!-- duration: 19ms -->
          <step title="Copying file: &apos;adminportal\CleverSyncSOS.AdminPortal.staticwebassets.endpoints.json&apos;" date="2025-12-01T01:32:55.997" /><!-- duration: 0ms -->
          <step title="Copying file: &apos;adminportal\CleverSyncSOS.Core.dll&apos;" date="2025-12-01T01:32:56.011" /><!-- duration: 17ms -->
          <step title="Copying file: &apos;adminportal\CleverSyncSOS.Core.pdb&apos;" date="2025-12-01T01:32:56.047" /><!-- duration: 10ms -->
          <step title="Copying file: &apos;adminportal\FluentValidation.AspNetCore.dll&apos;" date="2025-12-01T01:32:56.261" /><!-- duration: 18ms -->
          <step title="Copying file: &apos;adminportal\FluentValidation.DependencyInjectionExtensions.dll&apos;" date="2025-12-01T01:32:56.329" /><!-- duration: 10ms -->
          <step title="Copying file: &apos;adminportal\FluentValidation.dll&apos;" date="2025-12-01T01:32:56.339" /><!-- duration: 20ms -->
          <step title="Copying file: &apos;adminportal\Microsoft.ApplicationInsights.dll&apos;" date="2025-12-01T01:32:56.370" /><!-- duration: 0ms -->
          <step title="Copying file: &apos;adminportal\Microsoft.AspNetCore.Http.Connections.Client.dll&apos;" date="2025-12-01T01:32:56.389" /><!-- duration: 0ms -->
          <step title="Copying file: &apos;adminportal\Microsoft.AspNetCore.SignalR.Client.Core.dll&apos;" date="2025-12-01T01:32:56.419" /><!-- duration: 0ms -->
          <step title="Copying file: &apos;adminportal\Microsoft.AspNetCore.SignalR.Client.dll&apos;" date="2025-12-01T01:32:56.449" /><!-- duration: 0ms -->
          <step title="Copying file: &apos;adminportal\Microsoft.Bcl.AsyncInterfaces.dll&apos;" date="2025-12-01T01:32:56.479" /><!-- duration: 0ms -->
          <step title="Copying file: &apos;adminportal\Microsoft.Data.SqlClient.dll&apos;" date="2025-12-01T01:32:56.499" /><!-- duration: 0ms -->
          <step title="Copying file: &apos;adminportal\Microsoft.EntityFrameworkCore.Abstractions.dll&apos;" date="2025-12-01T01:32:56.529" /><!-- duration: 0ms -->
          <step title="Copying file: &apos;adminportal\Microsoft.EntityFrameworkCore.dll&apos;" date="2025-12-01T01:32:56.560" /><!-- duration: 0ms -->
          <step title="Copying file: &apos;adminportal\Microsoft.EntityFrameworkCore.Relational.dll&apos;" date="2025-12-01T01:32:56.573" /><!-- duration: 17ms -->
          <step title="Copying file: &apos;adminportal\Microsoft.EntityFrameworkCore.SqlServer.dll&apos;" date="2025-12-01T01:32:56.610" /><!-- duration: 10ms -->
          <step title="Copying file: &apos;adminportal\Microsoft.Extensions.Configuration.Abstractions.dll&apos;" date="2025-12-01T01:32:56.640" /><!-- duration: 0ms -->
          <step title="Copying file: &apos;adminportal\Microsoft.Extensions.Configuration.Binder.dll&apos;" date="2025-12-01T01:32:56.670" /><!-- duration: 12ms -->
          <step title="Copying file: &apos;adminportal\Microsoft.Extensions.Configuration.dll&apos;" date="2025-12-01T01:32:56.761" /><!-- duration: 63ms -->
          <step title="Copying file: &apos;adminportal\Microsoft.Extensions.DependencyInjection.Abstractions.dll&apos;" date="2025-12-01T01:32:56.901" /><!-- duration: 0ms -->
          <step title="Copying file: &apos;adminportal\Microsoft.Extensions.DependencyInjection.dll&apos;" date="2025-12-01T01:32:56.932" /><!-- duration: 19ms -->
          <step title="Copying file: &apos;adminportal\Microsoft.Extensions.Diagnostics.Abstractions.dll&apos;" date="2025-12-01T01:32:56.964" /><!-- duration: 78ms -->
          <step title="Copying file: &apos;adminportal\Microsoft.Extensions.Diagnostics.dll&apos;" date="2025-12-01T01:32:57.263" /><!-- duration: 50ms -->
          <step title="Copying file: &apos;adminportal\Microsoft.Extensions.Diagnostics.HealthChecks.Abstractions.dll&apos;" date="2025-12-01T01:32:57.557" /><!-- duration: 128ms -->
          <step title="Copying file: &apos;adminportal\Microsoft.Extensions.Diagnostics.HealthChecks.dll&apos;" date="2025-12-01T01:32:57.856" /><!-- duration: 30ms -->
          <step title="Copying file: &apos;adminportal\Microsoft.Extensions.FileProviders.Abstractions.dll&apos;" date="2025-12-01T01:32:57.906" /><!-- duration: 10ms -->
          <step title="Copying file: &apos;adminportal\Microsoft.Extensions.Hosting.Abstractions.dll&apos;" date="2025-12-01T01:32:57.948" /><!-- duration: 0ms -->
          <step title="Copying file: &apos;adminportal\Microsoft.Extensions.Http.dll&apos;" date="2025-12-01T01:32:57.964" /><!-- duration: 16ms -->
          <step title="Copying file: &apos;adminportal\Microsoft.Extensions.Http.Polly.dll&apos;" date="2025-12-01T01:32:58.017" /><!-- duration: 10ms -->
          <step title="Omitting next output lines..." date="2025-12-01T01:32:58.089" /><!-- duration: 0ms -->
          <step title="Finished successfully." date="2025-12-01T01:32:58.107" /><!-- duration: 0ms -->
        </step><!-- duration: 10625ms -->
        <step title="Running post deployment command(s)..." date="2025-12-01T01:32:58.218" /><!-- duration: 12ms -->
        <step title="Triggering recycle (preview mode disabled)." date="2025-12-01T01:32:58.370" /><!-- duration: 0ms -->
        <step title="Ignoring FS watcher based recycle request as this is a classic Windows app." date="2025-12-01T01:32:58.389" /><!-- duration: 13ms -->
        <step title="Deployment successful. DEPLOYMENTINFO: deploymentPath = ZipDeploy. Extract zip. , deployer = ZipDeploy, os = windows, sku = Standard, siteName = CleverSyncSOS, siteHostName = cleversyncsos.azurewebsites.net, deploymentStatus = Success" date="2025-12-01T01:32:58.511" /><!-- duration: 0ms -->
        <step title="Purge deployment items" date="2025-12-01T01:32:58.750" >
          <step title="Remove 81b336232, Success, received at 11/30/2025 10:21:59 PM" date="2025-12-01T01:32:58.823" /><!-- duration: 0ms -->
        </step><!-- duration: 91ms -->
      </step><!-- duration: 12130ms -->
    </step><!-- duration: 12859ms -->
    <step title="Cleaning up temp files" date="2025-12-01T01:32:58.901" /><!-- duration: 20ms -->
    <step title="Skip function trigger and logicapp sync because function is not enabled." date="2025-12-01T01:32:58.951" /><!-- duration: 0ms -->
  </step><!-- duration: 17172ms -->
  <step title="LockFile &apos;C:\home\site\locks\deployments.lock&apos; released" date="2025-12-01T01:32:59.012" /><!-- duration: 20ms -->
  <step title="Deleting shutdown sentinel file" date="2025-12-01T01:32:59.042" SemaphoreCount="8" /><!-- duration: 31ms -->
</step><!-- duration: 17531ms -->
