<step title="Incoming Request" date="2025-12-01T00:33:23.891" instance="eef76b" url="/api/publish?type=zip&amp;async=True" method="POST" type="request" pid="15052,2,25" Cache-Control="no-cache" Content-Length="18243518" Content-Type="application/octet-stream" Accept="*/*" Accept-Encoding="gzip, deflate" Authorization="Bas..." Host="cleversyncsos.scm.azurewebsites.net" User-Agent="AZURECLI/2.79.0 (MSI)" x-ms-client-request-id="535767fe-ce4d-11f0-b377-e02e0bc384b1" X-ARR-LOG-ID="535767fe-ce4d-11f0-b377-e02e0bc384b1" CLIENT-IP="208.102.8.31:63275" X-SITE-DEPLOYMENT-ID="CleverSyncSOS" WAS-DEFAULT-HOSTNAME="cleversyncsos.scm.azurewebsites.net" X-Forwarded-Proto="https" X-AppService-Proto="https" X-Forwarded-TlsVersion="1.3" X-WAWS-Unencoded-URL="/api/publish?type=zip&amp;async=True" >
  <step title="Cleanup Xml Logs" date="2025-12-01T00:33:23.907" /><!-- duration: 16ms -->
  <step title="OneDeploy" date="2025-12-01T00:33:24.552" >
    <step title="Starting PushDeployAsync" date="2025-12-01T00:33:24.662" /><!-- duration: 0ms -->
    <step title="Updating shutdown sentinel last write time" date="2025-12-01T00:33:24.987" SemaphoreCount="7" /><!-- duration: 17ms -->
    <step title="LockFile &apos;C:\home\site\locks\deployments.lock&apos; acquired" date="2025-12-01T00:33:25.004" /><!-- duration: 0ms -->
    <step title="Saving request content to C:\local\Temp\zipdeploy\ae0kjjzq.zip" date="2025-12-01T00:33:25.035" >
      <step title="Total 18,243,518 bytes written to C:\local\Temp\zipdeploy\ae0kjjzq.zip" date="2025-12-01T00:33:25.866" /><!-- duration: 12ms -->
    </step><!-- duration: 843ms -->
    <step title="LockFile &apos;C:\home\site\locks\deployments.lock&apos; released" date="2025-12-01T00:33:25.896" /><!-- duration: 0ms -->
    <step title="Deleting shutdown sentinel file" date="2025-12-01T00:33:25.909" SemaphoreCount="8" /><!-- duration: 0ms -->
    <step title="Starting FetchDeploy" date="2025-12-01T00:33:25.926" /><!-- duration: 20ms -->
    <step title="Start deployment in the background" date="2025-12-01T00:33:25.946" /><!-- duration: 323ms -->
  </step><!-- duration: 1732ms -->
  <step title="Outgoing response" date="2025-12-01T00:33:26.317" type="response" statusCode="202" statusText="Accepted" Server="Microsoft-IIS/10.0" x-ms-request-id="535767fe-ce4d-11f0-b377-e02e0bc384b1" Retry-After="30" Cache-Control="private" X-AspNet-Version="4.0.30319" Location="https://cleversyncsos.scm.azurewebsites.net/api/deployments/latest?deployer=OneDeploy&amp;time=2025-12-01_00-33-26Z" /><!-- duration: 0ms -->
</step><!-- duration: 2446ms -->
