<step title="Incoming Request" date="2025-11-30T23:33:27.476" instance="eef76b" url="/api/publish?type=zip&amp;async=True" method="POST" type="request" pid="15560,2,14" Cache-Control="no-cache" Content-Length="18243301" Content-Type="application/octet-stream" Accept="*/*" Accept-Encoding="gzip, deflate" Authorization="Bas..." Host="cleversyncsos.scm.azurewebsites.net" User-Agent="AZURECLI/2.79.0 (MSI)" x-ms-client-request-id="f67fb7cb-ce44-11f0-8cdb-e02e0bc384b1" X-ARR-LOG-ID="f67fb7cb-ce44-11f0-8cdb-e02e0bc384b1" CLIENT-IP="208.102.8.31:62518" X-SITE-DEPLOYMENT-ID="CleverSyncSOS" WAS-DEFAULT-HOSTNAME="cleversyncsos.scm.azurewebsites.net" X-Forwarded-Proto="https" X-AppService-Proto="https" X-Forwarded-TlsVersion="1.3" X-WAWS-Unencoded-URL="/api/publish?type=zip&amp;async=True" >
  <step title="Cleanup Xml Logs" date="2025-11-30T23:33:27.476" /><!-- duration: 13ms -->
  <step title="OneDeploy" date="2025-11-30T23:33:27.739" >
    <step title="Starting PushDeployAsync" date="2025-11-30T23:33:27.880" /><!-- duration: 0ms -->
    <step title="Updating shutdown sentinel last write time" date="2025-11-30T23:33:28.192" SemaphoreCount="7" /><!-- duration: 20ms -->
    <step title="LockFile &apos;C:\home\site\locks\deployments.lock&apos; acquired" date="2025-11-30T23:33:28.223" /><!-- duration: 0ms -->
    <step title="Saving request content to C:\local\Temp\zipdeploy\4azntcek.zip" date="2025-11-30T23:33:28.223" >
      <step title="Total 18,243,301 bytes written to C:\local\Temp\zipdeploy\4azntcek.zip" date="2025-11-30T23:33:28.817" /><!-- duration: 0ms -->
    </step><!-- duration: 625ms -->
    <step title="LockFile &apos;C:\home\site\locks\deployments.lock&apos; released" date="2025-11-30T23:33:28.866" /><!-- duration: 0ms -->
    <step title="Deleting shutdown sentinel file" date="2025-11-30T23:33:28.880" SemaphoreCount="8" /><!-- duration: 0ms -->
    <step title="Starting FetchDeploy" date="2025-11-30T23:33:28.896" /><!-- duration: 0ms -->
    <step title="Start deployment in the background" date="2025-11-30T23:33:28.911" /><!-- duration: 297ms -->
  </step><!-- duration: 1488ms -->
  <step title="Outgoing response" date="2025-11-30T23:33:29.270" type="response" statusCode="202" statusText="Accepted" Server="Microsoft-IIS/10.0" x-ms-request-id="f67fb7cb-ce44-11f0-8cdb-e02e0bc384b1" Retry-After="30" Cache-Control="private" X-AspNet-Version="4.0.30319" Location="https://cleversyncsos.scm.azurewebsites.net/api/deployments/latest?deployer=OneDeploy&amp;time=2025-11-30_23-33-29Z" /><!-- duration: 48ms -->
</step><!-- duration: 1873ms -->
