<step title="Incoming Request" date="2025-12-01T01:32:37.640" instance="eef76b" url="/api/zipdeploy?isAsync=true" method="POST" type="request" pid="11948,2,22" Cache-Control="no-cache" Content-Length="27386222" Content-Type="application/octet-stream" Accept="*/*" Accept-Encoding="gzip, deflate" Authorization="Bas..." Host="cleversyncsos.scm.azurewebsites.net" User-Agent="AZURECLI/2.79.0 (MSI)" x-ms-client-request-id="9bd79149-ce55-11f0-b948-e02e0bc384b1" X-ARR-LOG-ID="9bd79149-ce55-11f0-b948-e02e0bc384b1" CLIENT-IP="208.102.8.31:59686" X-SITE-DEPLOYMENT-ID="CleverSyncSOS" WAS-DEFAULT-HOSTNAME="cleversyncsos.scm.azurewebsites.net" X-Forwarded-Proto="https" X-AppService-Proto="https" X-Forwarded-TlsVersion="1.3" X-WAWS-Unencoded-URL="/api/zipdeploy?isAsync=true" >
  <step title="Cleanup Xml Logs" date="2025-12-01T01:32:37.640" /><!-- duration: 18ms -->
  <step title="ZipPushDeploy" date="2025-12-01T01:32:39.658" >
    <step title="ZipDeploy. Extract zip. " date="2025-12-01T01:32:39.738" /><!-- duration: 0ms -->
    <step title="Starting PushDeployAsync" date="2025-12-01T01:32:39.750" /><!-- duration: 19ms -->
    <step title="Updating shutdown sentinel last write time" date="2025-12-01T01:32:40.031" SemaphoreCount="7" /><!-- duration: 0ms -->
    <step title="LockFile &apos;C:\home\site\locks\deployments.lock&apos; acquired" date="2025-12-01T01:32:40.047" /><!-- duration: 0ms -->
    <step title="Saving request content to C:\local\Temp\zipdeploy\vvflknwi.zip" date="2025-12-01T01:32:40.062" >
      <step title="Total 27,386,222 bytes written to C:\local\Temp\zipdeploy\vvflknwi.zip" date="2025-12-01T01:32:41.481" /><!-- duration: 14ms -->
    </step><!-- duration: 1432ms -->
    <step title="LockFile &apos;C:\home\site\locks\deployments.lock&apos; released" date="2025-12-01T01:32:41.511" /><!-- duration: 0ms -->
    <step title="Deleting shutdown sentinel file" date="2025-12-01T01:32:41.526" SemaphoreCount="8" /><!-- duration: 0ms -->
    <step title="Starting FetchDeploy" date="2025-12-01T01:32:41.542" /><!-- duration: 0ms -->
    <step title="Start deployment in the background" date="2025-12-01T01:32:41.561" /><!-- duration: 250ms -->
  </step><!-- duration: 2165ms -->
  <step title="Outgoing response" date="2025-12-01T01:32:41.964" type="response" statusCode="202" statusText="Accepted" Server="Microsoft-IIS/10.0" x-ms-request-id="9bd79149-ce55-11f0-b948-e02e0bc384b1" Retry-After="30" Cache-Control="private" X-AspNet-Version="4.0.30319" Location="https://cleversyncsos.scm.azurewebsites.net/api/deployments/latest?deployer=ZipDeploy&amp;time=2025-12-01_01-32-41Z" /><!-- duration: 18ms -->
</step><!-- duration: 4371ms -->
