<step title="Incoming Request" date="2025-12-01T00:54:50.675" instance="eef76b" url="/api/publish?type=zip&amp;async=True" method="POST" type="request" pid="12652,2,21" Cache-Control="no-cache" Content-Length="18243580" Content-Type="application/octet-stream" Accept="*/*" Accept-Encoding="gzip, deflate" Authorization="Bas..." Host="cleversyncsos.scm.azurewebsites.net" User-Agent="AZURECLI/2.79.0 (MSI)" x-ms-client-request-id="54067504-ce50-11f0-9fce-e02e0bc384b1" X-ARR-LOG-ID="54067504-ce50-11f0-9fce-e02e0bc384b1" CLIENT-IP="208.102.8.31:53328" X-SITE-DEPLOYMENT-ID="CleverSyncSOS" WAS-DEFAULT-HOSTNAME="cleversyncsos.scm.azurewebsites.net" X-Forwarded-Proto="https" X-AppService-Proto="https" X-Forwarded-TlsVersion="1.3" X-WAWS-Unencoded-URL="/api/publish?type=zip&amp;async=True" >
  <step title="Cleanup Xml Logs" date="2025-12-01T00:54:50.691" /><!-- duration: 16ms -->
  <step title="OneDeploy" date="2025-12-01T00:54:52.878" >
    <step title="Starting PushDeployAsync" date="2025-12-01T00:54:52.976" /><!-- duration: 0ms -->
    <step title="Updating shutdown sentinel last write time" date="2025-12-01T00:54:53.238" SemaphoreCount="7" /><!-- duration: 0ms -->
    <step title="LockFile &apos;C:\home\site\locks\deployments.lock&apos; acquired" date="2025-12-01T00:54:53.253" /><!-- duration: 0ms -->
    <step title="Saving request content to C:\local\Temp\zipdeploy\digjdvom.zip" date="2025-12-01T00:54:53.269" >
      <step title="Total 18,243,580 bytes written to C:\local\Temp\zipdeploy\digjdvom.zip" date="2025-12-01T00:54:53.851" /><!-- duration: 11ms -->
    </step><!-- duration: 594ms -->
    <step title="LockFile &apos;C:\home\site\locks\deployments.lock&apos; released" date="2025-12-01T00:54:53.863" /><!-- duration: 20ms -->
    <step title="Deleting shutdown sentinel file" date="2025-12-01T00:54:53.894" SemaphoreCount="8" /><!-- duration: 19ms -->
    <step title="Starting FetchDeploy" date="2025-12-01T00:54:53.925" /><!-- duration: 0ms -->
    <step title="Start deployment in the background" date="2025-12-01T00:54:53.925" /><!-- duration: 250ms -->
  </step><!-- duration: 1316ms -->
  <step title="Outgoing response" date="2025-12-01T00:54:54.335" type="response" statusCode="202" statusText="Accepted" Server="Microsoft-IIS/10.0" x-ms-request-id="54067504-ce50-11f0-9fce-e02e0bc384b1" Retry-After="30" Cache-Control="private" X-AspNet-Version="4.0.30319" Location="https://cleversyncsos.scm.azurewebsites.net/api/deployments/latest?deployer=OneDeploy&amp;time=2025-12-01_00-54-54Z" /><!-- duration: 30ms -->
</step><!-- duration: 3770ms -->
