﻿<?xml version="1.0" encoding="utf-8"?>
<deployment>
  <id>12206302dab346bcb704454b2cb0c688</id>
  <author>N/A</author>
  <deployer>OneDeploy</deployer>
  <authorEmail>N/A</authorEmail>
  <message>OneDeploy</message>
  <progress></progress>
  <status>Success</status>
  <statusText></statusText>
  <lastSuccessEndTime>2025-11-30T23:13:21.2577541Z</lastSuccessEndTime>
  <receivedTime>2025-11-30T23:13:15.8186433Z</receivedTime>
  <startTime>2025-11-30T23:13:16.0841758Z</startTime>
  <endTime>2025-11-30T23:13:21.2577541Z</endTime>
  <complete>True</complete>
  <is_temp>False</is_temp>
  <is_readonly>True</is_readonly>
  <project_type>OneDeploy</project_type>
  <vsproject_id></vsproject_id>
</deployment>