﻿<?xml version="1.0" encoding="utf-8"?>
<deployment>
  <id>f01b40918fc24817a6568a5b163594ef</id>
  <author>N/A</author>
  <deployer>OneDeploy</deployer>
  <authorEmail>N/A</authorEmail>
  <message>OneDeploy</message>
  <progress></progress>
  <status>Success</status>
  <statusText></statusText>
  <lastSuccessEndTime>2025-12-01T00:55:04.144339Z</lastSuccessEndTime>
  <receivedTime>2025-12-01T00:54:56.8383622Z</receivedTime>
  <startTime>2025-12-01T00:54:57.0817947Z</startTime>
  <endTime>2025-12-01T00:55:04.144339Z</endTime>
  <complete>True</complete>
  <is_temp>False</is_temp>
  <is_readonly>True</is_readonly>
  <project_type>OneDeploy</project_type>
  <vsproject_id></vsproject_id>
</deployment>