{"TimeStamp":"2025-11-30T23:38:54Z","SiteName":"CleverSyncSOS","RequestId":"ab273e52-ce45-11f0-871c-e02e0bc384b1","Kind":"OneDeploy","Status":"Success","Details":"{\"Id\":\"cf33a1b9891146ca9fb10d9660d200e3\",\"Status\":4,\"StatusText\":\"\",\"AuthorEmail\":\"N/A\",\"Author\":\"N/A\",\"Message\":\"OneDeploy\",\"Progress\":\"\",\"Deployer\":\"OneDeploy\",\"ReceivedTime\":\"2025-11-30T23:38:37.9947799Z\",\"StartTime\":\"2025-11-30T23:38:38.2582291Z\",\"EndTime\":\"2025-11-30T23:38:54.2456226Z\",\"LastSuccessEndTime\":\"2025-11-30T23:38:54.2456226Z\",\"Complete\":true,\"IsTemporary\":false,\"IsReadOnly\":true,\"SiteName\":\"CleverSyncSOS\",\"HostName\":\"cleversyncsos.scm.azurewebsites.net\",\"ProjectType\":\"OneDeploy\",\"VsProjectId\":null}"}