<step title="Incoming Request" date="2025-11-28T20:13:40.452" instance="b388ba" url="/api/zipdeploy" method="POST" type="request" pid="7540,2,8" Content-Length="9431041" Content-Type="application/zip" Authorization="Bea..." Host="cleversyncprod-fn.scm.azurewebsites.net" If-Match="*" User-Agent="functions-core-tools/4.4.1" X-ARR-LOG-ID="9cfd136a-37d3-4a5e-a3eb-44901f1628a0" CLIENT-IP="208.102.8.31:64879" X-SITE-DEPLOYMENT-ID="cleversyncprod-fn" WAS-DEFAULT-HOSTNAME="cleversyncprod-fn.scm.azurewebsites.net" X-Forwarded-Proto="https" X-AppService-Proto="https" X-Forwarded-TlsVersion="1.3" X-WAWS-Unencoded-URL="/api/zipdeploy" >
  <step title="ZipPushDeploy" date="2025-11-28T20:13:40.514" >
    <step title="Functions App ZipDeploy. Run from package." date="2025-11-28T20:13:40.561" /><!-- duration: 16ms -->
    <step title="Starting PushDeployAsync" date="2025-11-28T20:13:40.592" /><!-- duration: 16ms -->
    <step title="Updating shutdown sentinel last write time" date="2025-11-28T20:13:40.655" SemaphoreCount="7" /><!-- duration: 16ms -->
    <step title="LockFile &apos;C:\home\site\locks\deployments.lock&apos; acquired" date="2025-11-28T20:13:40.686" /><!-- duration: 16ms -->
    <step title="Deleting outdated zip file C:\home\data\SitePackages\20251119135138.zip" date="2025-11-28T20:13:40.733" /><!-- duration: 31ms -->
    <step title="Saving request content to C:\home\data\SitePackages\20251128201340.zip" date="2025-11-28T20:13:40.780" >
      <step title="Total 9,431,041 bytes written to C:\home\data\SitePackages\20251128201340.zip" date="2025-11-28T20:13:40.936" /><!-- duration: 31ms -->
    </step><!-- duration: 344ms -->
    <step title="LockFile &apos;C:\home\site\locks\deployments.lock&apos; released" date="2025-11-28T20:13:41.155" /><!-- duration: 16ms -->
    <step title="Deleting shutdown sentinel file" date="2025-11-28T20:13:41.202" SemaphoreCount="8" /><!-- duration: 16ms -->
    <step title="Starting FetchDeploy" date="2025-11-28T20:13:41.233" /><!-- duration: 31ms -->
    <step title="Attempting to fetch target branch HEAD" date="2025-11-28T20:13:41.280" /><!-- duration: 16ms -->
    <step title="Updating shutdown sentinel last write time" date="2025-11-28T20:13:41.327" SemaphoreCount="7" /><!-- duration: 16ms -->
    <step title="LockFile &apos;C:\home\site\locks\deployments.lock&apos; acquired" date="2025-11-28T20:13:41.358" /><!-- duration: 16ms -->
    <step title="Performing fetch based deployment" date="2025-11-28T20:13:41.389" >
      <step title="Creating temporary deployment" date="2025-11-28T20:13:41.405" /><!-- duration: 109ms -->
      <step title="Fetching changes." date="2025-11-28T20:13:41.686" /><!-- duration: 16ms -->
      <step title="Starting LocalZipHandler" date="2025-11-28T20:13:41.764" /><!-- duration: 16ms -->
      <step title="Starting ExtractTriggers" date="2025-11-28T20:13:41.827" /><!-- duration: 16ms -->
      <step title="None repository commit" date="2025-11-28T20:13:41.905" >
        <step title="Commit id: a0edd1ee11a546b79a56d74e9c595260" date="2025-11-28T20:13:41.936" Message="Created via a push deployment" AuthorName="N/A" AuthorEmail="N/A" /><!-- duration: 16ms -->
      </step><!-- duration: 63ms -->
      <step title="Before sending BuildRequestReceived status to /api/updatedeploystatus" date="2025-11-28T20:13:42.030" /><!-- duration: 62ms -->
      <step title="DeploymentManager.Deploy(id:a0edd1ee11a546b79a56d74e9c595260)" date="2025-11-28T20:13:42.108" >
        <step title="Collecting changeset information" date="2025-11-28T20:13:42.155" /><!-- duration: 127ms -->
        <step title="Updating submodules" date="2025-11-28T20:13:42.295" >
          <step title="Updating submodules." date="2025-11-28T20:13:42.514" /><!-- duration: 16ms -->
        </step><!-- duration: 266ms -->
        <step title="Preparing deployment for commit id &apos;a0edd1ee11&apos;." date="2025-11-28T20:13:42.733" /><!-- duration: 16ms -->
        <step title="Determining deployment builder" date="2025-11-28T20:13:42.889" >
          <step title="Builder is RunFromZipSiteBuilder" date="2025-11-28T20:13:42.905" /><!-- duration: 31ms -->
        </step><!-- duration: 62ms -->
        <step title="Copying SSH keys" date="2025-11-28T20:13:42.999" /><!-- duration: 31ms -->
        <step title="Building" date="2025-11-28T20:13:43.045" >
          <step title="Skipping build. Project type: Run-From-Zip" date="2025-11-28T20:13:43.186" /><!-- duration: 31ms -->
          <step title="Skipping post build. Project type: Run-From-Zip" date="2025-11-28T20:13:43.436" /><!-- duration: 16ms -->
          <step title="Triggering recycle (preview mode disabled)." date="2025-11-28T20:13:43.624" /><!-- duration: 16ms -->
          <step title="Ignoring FS watcher based recycle request as this is a classic Windows app." date="2025-11-28T20:13:43.687" /><!-- duration: 16ms -->
          <step title="Deployment successful. DEPLOYMENTINFO: deploymentPath = Functions App ZipDeploy. Run from package., deployer = ZipDeploy, os = windows, sku = Dynamic, language = dotnet-isolated, siteName = cleversyncprod-fn, slotName = Production, siteHostName = cleversyncprod-fn.azurewebsites.net, deploymentStatus = Success" date="2025-11-28T20:13:43.843" /><!-- duration: 16ms -->
        </step><!-- duration: 1250ms -->
      </step><!-- duration: 2204ms -->
      <step title="Cleaning up temp files" date="2025-11-28T20:13:44.327" /><!-- duration: 16ms -->
      <step title="Updating C:\home\data\SitePackages\packagename.txt with deployment 20251128201340.zip" date="2025-11-28T20:13:44.374" /><!-- duration: 62ms -->
      <step title="Begin HttpPost https://cleversyncprod-fn.scm.azurewebsites.net/operations/settriggers, x-ms-request-id: 9cfd136a-37d3-4a5e-a3eb-44901f1628a0" date="2025-11-28T20:13:44.468" /><!-- duration: 16ms -->
      <step title="End HttpPost, status: OK" date="2025-11-28T20:13:44.718" /><!-- duration: 47ms -->
      <step title="Scheduling background sync triggers after delay" date="2025-11-28T20:13:44.780" /><!-- duration: 16ms -->
    </step><!-- duration: 3563ms -->
    <step title="LockFile &apos;C:\home\site\locks\deployments.lock&apos; released" date="2025-11-28T20:13:44.983" /><!-- duration: 16ms -->
  </step><!-- duration: 4516ms -->
  <step title="Outgoing response" date="2025-11-28T20:13:45.046" type="response" statusCode="200" statusText="OK" Server="Microsoft-IIS/10.0" x-ms-request-id="9cfd136a-37d3-4a5e-a3eb-44901f1628a0" Cache-Control="private" X-AspNet-Version="4.0.30319" /><!-- duration: 31ms -->
</step><!-- duration: 4641ms -->
