<step title="Incoming Request" date="2025-11-28T20:10:22.282" instance="b388ba" url="/api/zipdeploy" method="POST" type="request" pid="452,2,8" Content-Length="9430949" Content-Type="application/zip" Authorization="Bea..." Host="cleversyncprod-fn.scm.azurewebsites.net" If-Match="*" User-Agent="functions-core-tools/4.4.1" X-ARR-LOG-ID="f7bd36e4-342c-4efa-bae2-51f3eb4e4683" CLIENT-IP="208.102.8.31:58000" X-SITE-DEPLOYMENT-ID="cleversyncprod-fn" WAS-DEFAULT-HOSTNAME="cleversyncprod-fn.scm.azurewebsites.net" X-Forwarded-Proto="https" X-AppService-Proto="https" X-Forwarded-TlsVersion="1.3" X-WAWS-Unencoded-URL="/api/zipdeploy" >
  <step title="ZipPushDeploy" date="2025-11-28T20:10:22.344" >
    <step title="Functions App ZipDeploy. Run from package." date="2025-11-28T20:10:22.391" /><!-- duration: 16ms -->
    <step title="Starting PushDeployAsync" date="2025-11-28T20:10:22.438" /><!-- duration: 16ms -->
    <step title="Updating shutdown sentinel last write time" date="2025-11-28T20:10:22.516" SemaphoreCount="7" /><!-- duration: 16ms -->
    <step title="LockFile &apos;C:\home\site\locks\deployments.lock&apos; acquired" date="2025-11-28T20:10:22.547" /><!-- duration: 16ms -->
    <step title="Deleting outdated zip file C:\home\data\SitePackages\20251119133323.zip" date="2025-11-28T20:10:22.610" /><!-- duration: 31ms -->
    <step title="Saving request content to C:\home\data\SitePackages\20251128201022.zip" date="2025-11-28T20:10:22.657" >
      <step title="Total 9,430,949 bytes written to C:\home\data\SitePackages\20251128201022.zip" date="2025-11-28T20:10:22.860" /><!-- duration: 16ms -->
    </step><!-- duration: 391ms -->
    <step title="LockFile &apos;C:\home\site\locks\deployments.lock&apos; released" date="2025-11-28T20:10:23.079" /><!-- duration: 31ms -->
    <step title="Deleting shutdown sentinel file" date="2025-11-28T20:10:23.172" SemaphoreCount="8" /><!-- duration: 34ms -->
    <step title="Starting FetchDeploy" date="2025-11-28T20:10:23.235" /><!-- duration: 16ms -->
    <step title="Attempting to fetch target branch HEAD" date="2025-11-28T20:10:23.282" /><!-- duration: 16ms -->
    <step title="Updating shutdown sentinel last write time" date="2025-11-28T20:10:23.328" SemaphoreCount="7" /><!-- duration: 31ms -->
    <step title="LockFile &apos;C:\home\site\locks\deployments.lock&apos; acquired" date="2025-11-28T20:10:23.375" /><!-- duration: 16ms -->
    <step title="Performing fetch based deployment" date="2025-11-28T20:10:23.422" >
      <step title="Creating temporary deployment" date="2025-11-28T20:10:23.438" /><!-- duration: 141ms -->
      <step title="Fetching changes." date="2025-11-28T20:10:23.750" /><!-- duration: 31ms -->
      <step title="Starting LocalZipHandler" date="2025-11-28T20:10:23.813" /><!-- duration: 31ms -->
      <step title="Starting ExtractTriggers" date="2025-11-28T20:10:23.860" /><!-- duration: 16ms -->
      <step title="None repository commit" date="2025-11-28T20:10:23.938" >
        <step title="Commit id: bdef2b9ba6ca4ac383727d084ebb5c57" date="2025-11-28T20:10:23.970" Message="Created via a push deployment" AuthorName="N/A" AuthorEmail="N/A" /><!-- duration: 15ms -->
      </step><!-- duration: 63ms -->
      <step title="Before sending BuildRequestReceived status to /api/updatedeploystatus" date="2025-11-28T20:10:24.016" /><!-- duration: 16ms -->
      <step title="DeploymentManager.Deploy(id:bdef2b9ba6ca4ac383727d084ebb5c57)" date="2025-11-28T20:10:24.047" >
        <step title="Collecting changeset information" date="2025-11-28T20:10:24.094" /><!-- duration: 125ms -->
        <step title="Updating submodules" date="2025-11-28T20:10:24.235" >
          <step title="Updating submodules." date="2025-11-28T20:10:24.376" /><!-- duration: 15ms -->
        </step><!-- duration: 203ms -->
        <step title="Preparing deployment for commit id &apos;bdef2b9ba6&apos;." date="2025-11-28T20:10:24.594" /><!-- duration: 16ms -->
        <step title="Determining deployment builder" date="2025-11-28T20:10:24.766" >
          <step title="Builder is RunFromZipSiteBuilder" date="2025-11-28T20:10:24.782" /><!-- duration: 31ms -->
        </step><!-- duration: 62ms -->
        <step title="Copying SSH keys" date="2025-11-28T20:10:24.891" /><!-- duration: 31ms -->
        <step title="Building" date="2025-11-28T20:10:24.938" >
          <step title="Skipping build. Project type: Run-From-Zip" date="2025-11-28T20:10:25.110" /><!-- duration: 16ms -->
          <step title="Skipping post build. Project type: Run-From-Zip" date="2025-11-28T20:10:25.313" /><!-- duration: 16ms -->
          <step title="Triggering recycle (preview mode disabled)." date="2025-11-28T20:10:25.500" /><!-- duration: 16ms -->
          <step title="Ignoring FS watcher based recycle request as this is a classic Windows app." date="2025-11-28T20:10:25.547" /><!-- duration: 16ms -->
          <step title="Deployment successful. DEPLOYMENTINFO: deploymentPath = Functions App ZipDeploy. Run from package., deployer = ZipDeploy, os = windows, sku = Dynamic, language = dotnet-isolated, siteName = cleversyncprod-fn, slotName = Production, siteHostName = cleversyncprod-fn.azurewebsites.net, deploymentStatus = Success" date="2025-11-28T20:10:25.688" /><!-- duration: 16ms -->
        </step><!-- duration: 1203ms -->
      </step><!-- duration: 2109ms -->
      <step title="Cleaning up temp files" date="2025-11-28T20:10:26.172" /><!-- duration: 16ms -->
      <step title="Updating C:\home\data\SitePackages\packagename.txt with deployment 20251128201022.zip" date="2025-11-28T20:10:26.219" /><!-- duration: 47ms -->
      <step title="Begin HttpPost https://cleversyncprod-fn.scm.azurewebsites.net/operations/settriggers, x-ms-request-id: f7bd36e4-342c-4efa-bae2-51f3eb4e4683" date="2025-11-28T20:10:26.344" /><!-- duration: 16ms -->
      <step title="End HttpPost, status: OK" date="2025-11-28T20:10:26.672" /><!-- duration: 16ms -->
      <step title="Scheduling background sync triggers after delay" date="2025-11-28T20:10:26.703" /><!-- duration: 16ms -->
    </step><!-- duration: 3484ms -->
    <step title="LockFile &apos;C:\home\site\locks\deployments.lock&apos; released" date="2025-11-28T20:10:26.922" /><!-- duration: 16ms -->
    <step title="Deleting shutdown sentinel file" date="2025-11-28T20:10:26.969" SemaphoreCount="8" /><!-- duration: 16ms -->
  </step><!-- duration: 4656ms -->
  <step title="Outgoing response" date="2025-11-28T20:10:27.125" type="response" statusCode="200" statusText="OK" Server="Microsoft-IIS/10.0" x-ms-request-id="f7bd36e4-342c-4efa-bae2-51f3eb4e4683" Cache-Control="private" X-AspNet-Version="4.0.30319" /><!-- duration: 31ms -->
</step><!-- duration: 4906ms -->
