<step title="Incoming Request" date="2025-11-28T20:08:48.753" instance="b388ba" url="/api/zipdeploy" method="POST" type="request" pid="7548,2,7" Content-Length="9431041" Content-Type="application/zip" Authorization="Bea..." Host="cleversyncprod-fn.scm.azurewebsites.net" If-Match="*" User-Agent="functions-core-tools/4.4.1" X-ARR-LOG-ID="ff00a997-cab8-4747-b884-767222e0b2bd" CLIENT-IP="208.102.8.31:61827" X-SITE-DEPLOYMENT-ID="cleversyncprod-fn" WAS-DEFAULT-HOSTNAME="cleversyncprod-fn.scm.azurewebsites.net" X-Forwarded-Proto="https" X-AppService-Proto="https" X-Forwarded-TlsVersion="1.3" X-WAWS-Unencoded-URL="/api/zipdeploy" >
  <step title="ZipPushDeploy" date="2025-11-28T20:08:48.831" >
    <step title="Functions App ZipDeploy. Run from package." date="2025-11-28T20:08:48.878" /><!-- duration: 16ms -->
    <step title="Starting PushDeployAsync" date="2025-11-28T20:08:48.909" /><!-- duration: 16ms -->
    <step title="Updating shutdown sentinel last write time" date="2025-11-28T20:08:49.081" SemaphoreCount="7" /><!-- duration: 16ms -->
    <step title="LockFile &apos;C:\home\site\locks\deployments.lock&apos; acquired" date="2025-11-28T20:08:49.128" /><!-- duration: 16ms -->
    <step title="Saving request content to C:\home\data\SitePackages\20251128200848.zip" date="2025-11-28T20:08:49.175" >
      <step title="Total 9,431,041 bytes written to C:\home\data\SitePackages\20251128200848.zip" date="2025-11-28T20:08:49.331" /><!-- duration: 16ms -->
    </step><!-- duration: 359ms -->
    <step title="LockFile &apos;C:\home\site\locks\deployments.lock&apos; released" date="2025-11-28T20:08:49.566" /><!-- duration: 16ms -->
    <step title="Deleting shutdown sentinel file" date="2025-11-28T20:08:49.613" SemaphoreCount="8" /><!-- duration: 16ms -->
    <step title="Starting FetchDeploy" date="2025-11-28T20:08:49.644" /><!-- duration: 16ms -->
    <step title="Attempting to fetch target branch HEAD" date="2025-11-28T20:08:49.675" /><!-- duration: 16ms -->
    <step title="Updating shutdown sentinel last write time" date="2025-11-28T20:08:49.753" SemaphoreCount="7" /><!-- duration: 16ms -->
    <step title="LockFile &apos;C:\home\site\locks\deployments.lock&apos; acquired" date="2025-11-28T20:08:49.784" /><!-- duration: 0ms -->
    <step title="Performing fetch based deployment" date="2025-11-28T20:08:49.816" >
      <step title="Creating temporary deployment" date="2025-11-28T20:08:49.847" /><!-- duration: 141ms -->
      <step title="Fetching changes." date="2025-11-28T20:08:50.191" /><!-- duration: 31ms -->
      <step title="Starting LocalZipHandler" date="2025-11-28T20:08:50.269" /><!-- duration: 16ms -->
      <step title="Starting ExtractTriggers" date="2025-11-28T20:08:50.316" /><!-- duration: 31ms -->
      <step title="None repository commit" date="2025-11-28T20:08:50.409" >
        <step title="Commit id: 53b56f471d9e431ba38d616f810f9ff1" date="2025-11-28T20:08:50.425" Message="Created via a push deployment" AuthorName="N/A" AuthorEmail="N/A" /><!-- duration: 16ms -->
      </step><!-- duration: 47ms -->
      <step title="Before sending BuildRequestReceived status to /api/updatedeploystatus" date="2025-11-28T20:08:50.472" /><!-- duration: 31ms -->
      <step title="DeploymentManager.Deploy(id:53b56f471d9e431ba38d616f810f9ff1)" date="2025-11-28T20:08:50.519" >
        <step title="Collecting changeset information" date="2025-11-28T20:08:50.550" /><!-- duration: 125ms -->
        <step title="Updating submodules" date="2025-11-28T20:08:50.706" >
          <step title="Updating submodules." date="2025-11-28T20:08:50.878" /><!-- duration: 16ms -->
        </step><!-- duration: 234ms -->
        <step title="Preparing deployment for commit id &apos;53b56f471d&apos;." date="2025-11-28T20:08:51.113" /><!-- duration: 16ms -->
        <step title="Determining deployment builder" date="2025-11-28T20:08:51.347" >
          <step title="Builder is RunFromZipSiteBuilder" date="2025-11-28T20:08:51.378" /><!-- duration: 16ms -->
        </step><!-- duration: 62ms -->
        <step title="Copying SSH keys" date="2025-11-28T20:08:51.503" /><!-- duration: 31ms -->
        <step title="Building" date="2025-11-28T20:08:51.550" >
          <step title="Skipping build. Project type: Run-From-Zip" date="2025-11-28T20:08:51.706" /><!-- duration: 16ms -->
          <step title="Skipping post build. Project type: Run-From-Zip" date="2025-11-28T20:08:51.878" /><!-- duration: 16ms -->
          <step title="Triggering recycle (preview mode disabled)." date="2025-11-28T20:08:52.113" /><!-- duration: 31ms -->
          <step title="Ignoring FS watcher based recycle request as this is a classic Windows app." date="2025-11-28T20:08:52.175" /><!-- duration: 31ms -->
          <step title="Deployment successful. DEPLOYMENTINFO: deploymentPath = Functions App ZipDeploy. Run from package., deployer = ZipDeploy, os = windows, sku = Dynamic, language = dotnet-isolated, siteName = cleversyncprod-fn, slotName = Production, siteHostName = cleversyncprod-fn.azurewebsites.net, deploymentStatus = Success" date="2025-11-28T20:08:52.347" /><!-- duration: 16ms -->
        </step><!-- duration: 1234ms -->
      </step><!-- duration: 2281ms -->
      <step title="Cleaning up temp files" date="2025-11-28T20:08:52.816" /><!-- duration: 16ms -->
      <step title="Updating C:\home\data\SitePackages\packagename.txt with deployment 20251128200848.zip" date="2025-11-28T20:08:52.863" /><!-- duration: 47ms -->
      <step title="Begin HttpPost https://cleversyncprod-fn.scm.azurewebsites.net/operations/settriggers, x-ms-request-id: ff00a997-cab8-4747-b884-767222e0b2bd" date="2025-11-28T20:08:52.972" /><!-- duration: 16ms -->
      <step title="End HttpPost, status: OK" date="2025-11-28T20:08:53.378" /><!-- duration: 31ms -->
      <step title="Scheduling background sync triggers after delay" date="2025-11-28T20:08:53.425" /><!-- duration: 16ms -->
    </step><!-- duration: 3797ms -->
    <step title="LockFile &apos;C:\home\site\locks\deployments.lock&apos; released" date="2025-11-28T20:08:53.628" /><!-- duration: 16ms -->
  </step><!-- duration: 4844ms -->
  <step title="Outgoing response" date="2025-11-28T20:08:53.800" type="response" statusCode="200" statusText="OK" Server="Microsoft-IIS/10.0" x-ms-request-id="ff00a997-cab8-4747-b884-767222e0b2bd" Cache-Control="private" X-AspNet-Version="4.0.30319" /><!-- duration: 188ms -->
</step><!-- duration: 5250ms -->
