<step title="Incoming Request" date="2025-11-28T20:23:07.402" instance="b388ba" url="/api/zipdeploy" method="POST" type="request" pid="7028,2,8" Content-Length="9430979" Content-Type="application/zip" Authorization="Bea..." Host="cleversyncprod-fn.scm.azurewebsites.net" If-Match="*" User-Agent="functions-core-tools/4.4.1" X-ARR-LOG-ID="e4ddb258-036c-4d65-bce2-5d8bd65dcfdf" CLIENT-IP="208.102.8.31:49762" X-SITE-DEPLOYMENT-ID="cleversyncprod-fn" WAS-DEFAULT-HOSTNAME="cleversyncprod-fn.scm.azurewebsites.net" X-Forwarded-Proto="https" X-AppService-Proto="https" X-Forwarded-TlsVersion="1.3" X-WAWS-Unencoded-URL="/api/zipdeploy" >
  <step title="ZipPushDeploy" date="2025-11-28T20:23:07.496" >
    <step title="Functions App ZipDeploy. Run from package." date="2025-11-28T20:23:07.527" /><!-- duration: 16ms -->
    <step title="Starting PushDeployAsync" date="2025-11-28T20:23:07.574" /><!-- duration: 16ms -->
    <step title="Updating shutdown sentinel last write time" date="2025-11-28T20:23:07.637" SemaphoreCount="7" /><!-- duration: 16ms -->
    <step title="LockFile &apos;C:\home\site\locks\deployments.lock&apos; acquired" date="2025-11-28T20:23:07.668" /><!-- duration: 16ms -->
    <step title="Deleting outdated zip file C:\home\data\SitePackages\20251128200848.zip" date="2025-11-28T20:23:07.715" /><!-- duration: 31ms -->
    <step title="Saving request content to C:\home\data\SitePackages\20251128202307.zip" date="2025-11-28T20:23:07.761" >
      <step title="Total 9,430,979 bytes written to C:\home\data\SitePackages\20251128202307.zip" date="2025-11-28T20:23:08.121" /><!-- duration: 16ms -->
    </step><!-- duration: 531ms -->
    <step title="LockFile &apos;C:\home\site\locks\deployments.lock&apos; released" date="2025-11-28T20:23:08.324" /><!-- duration: 16ms -->
    <step title="Deleting shutdown sentinel file" date="2025-11-28T20:23:08.371" SemaphoreCount="8" /><!-- duration: 16ms -->
    <step title="Starting FetchDeploy" date="2025-11-28T20:23:08.402" /><!-- duration: 16ms -->
    <step title="Attempting to fetch target branch HEAD" date="2025-11-28T20:23:08.433" /><!-- duration: 16ms -->
    <step title="Updating shutdown sentinel last write time" date="2025-11-28T20:23:08.511" SemaphoreCount="7" /><!-- duration: 16ms -->
    <step title="LockFile &apos;C:\home\site\locks\deployments.lock&apos; acquired" date="2025-11-28T20:23:08.543" /><!-- duration: 17ms -->
    <step title="Performing fetch based deployment" date="2025-11-28T20:23:08.590" >
      <step title="Creating temporary deployment" date="2025-11-28T20:23:08.636" /><!-- duration: 94ms -->
      <step title="Fetching changes." date="2025-11-28T20:23:08.902" /><!-- duration: 16ms -->
      <step title="Starting LocalZipHandler" date="2025-11-28T20:23:08.965" /><!-- duration: 16ms -->
      <step title="Starting ExtractTriggers" date="2025-11-28T20:23:08.996" /><!-- duration: 16ms -->
      <step title="None repository commit" date="2025-11-28T20:23:09.074" >
        <step title="Commit id: 18d28cde931843e2b8944e23ead578d6" date="2025-11-28T20:23:09.090" Message="Created via a push deployment" AuthorName="N/A" AuthorEmail="N/A" /><!-- duration: 31ms -->
      </step><!-- duration: 62ms -->
      <step title="Before sending BuildRequestReceived status to /api/updatedeploystatus" date="2025-11-28T20:23:09.152" /><!-- duration: 16ms -->
      <step title="DeploymentManager.Deploy(id:18d28cde931843e2b8944e23ead578d6)" date="2025-11-28T20:23:09.183" >
        <step title="Collecting changeset information" date="2025-11-28T20:23:09.215" /><!-- duration: 125ms -->
        <step title="Updating submodules" date="2025-11-28T20:23:09.355" >
          <step title="Updating submodules." date="2025-11-28T20:23:09.511" /><!-- duration: 16ms -->
        </step><!-- duration: 203ms -->
        <step title="Preparing deployment for commit id &apos;18d28cde93&apos;." date="2025-11-28T20:23:09.715" /><!-- duration: 16ms -->
        <step title="Determining deployment builder" date="2025-11-28T20:23:09.886" >
          <step title="Builder is RunFromZipSiteBuilder" date="2025-11-28T20:23:09.918" /><!-- duration: 16ms -->
        </step><!-- duration: 63ms -->
        <step title="Copying SSH keys" date="2025-11-28T20:23:10.011" /><!-- duration: 31ms -->
        <step title="Building" date="2025-11-28T20:23:10.060" >
          <step title="Skipping build. Project type: Run-From-Zip" date="2025-11-28T20:23:10.246" /><!-- duration: 16ms -->
          <step title="Skipping post build. Project type: Run-From-Zip" date="2025-11-28T20:23:10.418" /><!-- duration: 15ms -->
          <step title="Triggering recycle (preview mode disabled)." date="2025-11-28T20:23:10.605" /><!-- duration: 16ms -->
          <step title="Ignoring FS watcher based recycle request as this is a classic Windows app." date="2025-11-28T20:23:10.652" /><!-- duration: 32ms -->
          <step title="Deployment successful. DEPLOYMENTINFO: deploymentPath = Functions App ZipDeploy. Run from package., deployer = ZipDeploy, os = windows, sku = Dynamic, language = dotnet-isolated, siteName = cleversyncprod-fn, slotName = Production, siteHostName = cleversyncprod-fn.azurewebsites.net, deploymentStatus = Success" date="2025-11-28T20:23:10.824" /><!-- duration: 47ms -->
        </step><!-- duration: 1296ms -->
      </step><!-- duration: 2187ms -->
      <step title="Cleaning up temp files" date="2025-11-28T20:23:11.386" /><!-- duration: 16ms -->
      <step title="Updating C:\home\data\SitePackages\packagename.txt with deployment 20251128202307.zip" date="2025-11-28T20:23:11.433" /><!-- duration: 48ms -->
      <step title="Begin HttpPost https://cleversyncprod-fn.scm.azurewebsites.net/operations/settriggers, x-ms-request-id: e4ddb258-036c-4d65-bce2-5d8bd65dcfdf" date="2025-11-28T20:23:11.527" /><!-- duration: 16ms -->
      <step title="End HttpPost, status: OK" date="2025-11-28T20:23:11.761" /><!-- duration: 31ms -->
      <step title="Scheduling background sync triggers after delay" date="2025-11-28T20:23:11.808" /><!-- duration: 16ms -->
    </step><!-- duration: 3375ms -->
    <step title="LockFile &apos;C:\home\site\locks\deployments.lock&apos; released" date="2025-11-28T20:23:11.996" /><!-- duration: 16ms -->
  </step><!-- duration: 4547ms -->
  <step title="Outgoing response" date="2025-11-28T20:23:12.058" type="response" statusCode="200" statusText="OK" Server="Microsoft-IIS/10.0" x-ms-request-id="e4ddb258-036c-4d65-bce2-5d8bd65dcfdf" Cache-Control="private" X-AspNet-Version="4.0.30319" /><!-- duration: 16ms -->
</step><!-- duration: 4687ms -->
