<step title="Incoming Request" date="2025-11-19T13:51:37.933" instance="1cb216" url="/api/zipdeploy" method="POST" type="request" pid="7084,2,7" Content-Length="9418278" Content-Type="application/zip" Authorization="Bea..." Host="cleversyncprod-fn.scm.azurewebsites.net" If-Match="*" User-Agent="functions-core-tools/4.4.1" X-ARR-LOG-ID="0307cd57-16d9-4508-82d8-a65814a37483" CLIENT-IP="208.102.8.31:62126" X-SITE-DEPLOYMENT-ID="cleversyncprod-fn" WAS-DEFAULT-HOSTNAME="cleversyncprod-fn.scm.azurewebsites.net" X-Forwarded-Proto="https" X-AppService-Proto="https" X-Forwarded-TlsVersion="1.3" X-WAWS-Unencoded-URL="/api/zipdeploy" >
  <step title="ZipPushDeploy" date="2025-11-19T13:51:38.012" >
    <step title="Functions App ZipDeploy. Run from package." date="2025-11-19T13:51:38.059" /><!-- duration: 15ms -->
    <step title="Starting PushDeployAsync" date="2025-11-19T13:51:38.090" /><!-- duration: 16ms -->
    <step title="Updating shutdown sentinel last write time" date="2025-11-19T13:51:38.278" SemaphoreCount="7" /><!-- duration: 31ms -->
    <step title="LockFile &apos;C:\home\site\locks\deployments.lock&apos; acquired" date="2025-11-19T13:51:38.326" /><!-- duration: 15ms -->
    <step title="Saving request content to C:\home\data\SitePackages\20251119135138.zip" date="2025-11-19T13:51:38.372" >
      <step title="Total 9,418,278 bytes written to C:\home\data\SitePackages\20251119135138.zip" date="2025-11-19T13:51:38.576" /><!-- duration: 16ms -->
    </step><!-- duration: 408ms -->
    <step title="LockFile &apos;C:\home\site\locks\deployments.lock&apos; released" date="2025-11-19T13:51:38.811" /><!-- duration: 16ms -->
    <step title="Deleting shutdown sentinel file" date="2025-11-19T13:51:38.858" SemaphoreCount="8" /><!-- duration: 16ms -->
    <step title="Starting FetchDeploy" date="2025-11-19T13:51:38.889" /><!-- duration: 16ms -->
    <step title="Attempting to fetch target branch HEAD" date="2025-11-19T13:51:38.921" /><!-- duration: 16ms -->
    <step title="Updating shutdown sentinel last write time" date="2025-11-19T13:51:38.983" SemaphoreCount="7" /><!-- duration: 16ms -->
    <step title="LockFile &apos;C:\home\site\locks\deployments.lock&apos; acquired" date="2025-11-19T13:51:39.014" /><!-- duration: 16ms -->
    <step title="Performing fetch based deployment" date="2025-11-19T13:51:39.067" >
      <step title="Creating temporary deployment" date="2025-11-19T13:51:39.078" /><!-- duration: 155ms -->
      <step title="Fetching changes." date="2025-11-19T13:51:39.421" /><!-- duration: 16ms -->
      <step title="Starting LocalZipHandler" date="2025-11-19T13:51:39.483" /><!-- duration: 16ms -->
      <step title="Starting ExtractTriggers" date="2025-11-19T13:51:39.530" /><!-- duration: 16ms -->
      <step title="None repository commit" date="2025-11-19T13:51:39.608" >
        <step title="Commit id: 9d99442d0a45401495cf03929f40e6e8" date="2025-11-19T13:51:39.639" Message="Created via a push deployment" AuthorName="N/A" AuthorEmail="N/A" /><!-- duration: 16ms -->
      </step><!-- duration: 62ms -->
      <step title="Before sending BuildRequestReceived status to /api/updatedeploystatus" date="2025-11-19T13:51:39.686" /><!-- duration: 16ms -->
      <step title="DeploymentManager.Deploy(id:9d99442d0a45401495cf03929f40e6e8)" date="2025-11-19T13:51:39.717" >
        <step title="Collecting changeset information" date="2025-11-19T13:51:39.749" /><!-- duration: 156ms -->
        <step title="Updating submodules" date="2025-11-19T13:51:39.936" >
          <step title="Updating submodules." date="2025-11-19T13:51:40.077" /><!-- duration: 16ms -->
        </step><!-- duration: 187ms -->
        <step title="Preparing deployment for commit id &apos;9d99442d0a&apos;." date="2025-11-19T13:51:40.264" /><!-- duration: 16ms -->
        <step title="Determining deployment builder" date="2025-11-19T13:51:40.436" >
          <step title="Builder is RunFromZipSiteBuilder" date="2025-11-19T13:51:40.452" /><!-- duration: 16ms -->
        </step><!-- duration: 47ms -->
        <step title="Copying SSH keys" date="2025-11-19T13:51:40.546" /><!-- duration: 31ms -->
        <step title="Building" date="2025-11-19T13:51:40.577" >
          <step title="Skipping build. Project type: Run-From-Zip" date="2025-11-19T13:51:40.733" /><!-- duration: 15ms -->
          <step title="Skipping post build. Project type: Run-From-Zip" date="2025-11-19T13:51:40.921" /><!-- duration: 16ms -->
          <step title="Triggering recycle (preview mode disabled)." date="2025-11-19T13:51:41.108" /><!-- duration: 16ms -->
          <step title="Ignoring FS watcher based recycle request as this is a classic Windows app." date="2025-11-19T13:51:41.155" /><!-- duration: 15ms -->
          <step title="Deployment successful. DEPLOYMENTINFO: deploymentPath = Functions App ZipDeploy. Run from package., deployer = ZipDeploy, os = windows, sku = Dynamic, language = dotnet-isolated, siteName = cleversyncprod-fn, slotName = Production, siteHostName = cleversyncprod-fn.azurewebsites.net, deploymentStatus = Success" date="2025-11-19T13:51:41.327" /><!-- duration: 16ms -->
        </step><!-- duration: 1156ms -->
      </step><!-- duration: 2031ms -->
      <step title="Cleaning up temp files" date="2025-11-19T13:51:41.764" /><!-- duration: 31ms -->
      <step title="Updating C:\home\data\SitePackages\packagename.txt with deployment 20251119135138.zip" date="2025-11-19T13:51:41.812" /><!-- duration: 46ms -->
      <step title="Begin HttpPost https://cleversyncprod-fn.scm.azurewebsites.net/operations/settriggers, x-ms-request-id: 0307cd57-16d9-4508-82d8-a65814a37483" date="2025-11-19T13:51:41.952" /><!-- duration: 16ms -->
      <step title="End HttpPost, status: OK" date="2025-11-19T13:51:42.389" /><!-- duration: 31ms -->
      <step title="Scheduling background sync triggers after delay" date="2025-11-19T13:51:42.436" /><!-- duration: 16ms -->
    </step><!-- duration: 3510ms -->
    <step title="LockFile &apos;C:\home\site\locks\deployments.lock&apos; released" date="2025-11-19T13:51:42.608" /><!-- duration: 16ms -->
  </step><!-- duration: 4643ms -->
  <step title="Outgoing response" date="2025-11-19T13:51:42.702" type="response" statusCode="200" statusText="OK" Server="Microsoft-IIS/10.0" x-ms-request-id="0307cd57-16d9-4508-82d8-a65814a37483" Cache-Control="private" X-AspNet-Version="4.0.30319" /><!-- duration: 16ms -->
</step><!-- duration: 4800ms -->
