<step title="Incoming Request" date="2025-11-30T00:54:09.132" instance="c1f1fa" url="/api/zipdeploy" method="POST" type="request" pid="4428,2,8" Content-Length="9438371" Content-Type="application/zip" Authorization="Bea..." Host="cleversyncprod-fn.scm.azurewebsites.net" If-Match="*" User-Agent="functions-core-tools/4.4.1" X-ARR-LOG-ID="36ab22e7-bbc2-484b-b0c2-2956c740851f" CLIENT-IP="208.102.8.31:60122" X-SITE-DEPLOYMENT-ID="cleversyncprod-fn" WAS-DEFAULT-HOSTNAME="cleversyncprod-fn.scm.azurewebsites.net" X-Forwarded-Proto="https" X-AppService-Proto="https" X-Forwarded-TlsVersion="1.3" X-WAWS-Unencoded-URL="/api/zipdeploy" >
  <step title="ZipPushDeploy" date="2025-11-30T00:54:09.226" >
    <step title="Functions App ZipDeploy. Run from package." date="2025-11-30T00:54:09.257" /><!-- duration: 16ms -->
    <step title="Starting PushDeployAsync" date="2025-11-30T00:54:09.304" /><!-- duration: 16ms -->
    <step title="Updating shutdown sentinel last write time" date="2025-11-30T00:54:09.445" SemaphoreCount="7" /><!-- duration: 16ms -->
    <step title="LockFile &apos;C:\home\site\locks\deployments.lock&apos; acquired" date="2025-11-30T00:54:09.476" /><!-- duration: 16ms -->
    <step title="Deleting outdated zip file C:\home\data\SitePackages\20251128201022.zip" date="2025-11-30T00:54:09.523" /><!-- duration: 31ms -->
    <step title="Saving request content to C:\home\data\SitePackages\20251130005409.zip" date="2025-11-30T00:54:09.570" >
      <step title="Total 9,438,371 bytes written to C:\home\data\SitePackages\20251130005409.zip" date="2025-11-30T00:54:09.757" /><!-- duration: 0ms -->
    </step><!-- duration: 406ms -->
    <step title="LockFile &apos;C:\home\site\locks\deployments.lock&apos; released" date="2025-11-30T00:54:09.991" /><!-- duration: 16ms -->
    <step title="Deleting shutdown sentinel file" date="2025-11-30T00:54:10.038" SemaphoreCount="8" /><!-- duration: 16ms -->
    <step title="Starting FetchDeploy" date="2025-11-30T00:54:10.085" /><!-- duration: 16ms -->
    <step title="Attempting to fetch target branch HEAD" date="2025-11-30T00:54:10.116" /><!-- duration: 16ms -->
    <step title="Updating shutdown sentinel last write time" date="2025-11-30T00:54:10.163" SemaphoreCount="7" /><!-- duration: 16ms -->
    <step title="LockFile &apos;C:\home\site\locks\deployments.lock&apos; acquired" date="2025-11-30T00:54:10.194" /><!-- duration: 16ms -->
    <step title="Performing fetch based deployment" date="2025-11-30T00:54:10.226" >
      <step title="Creating temporary deployment" date="2025-11-30T00:54:10.241" /><!-- duration: 141ms -->
      <step title="Fetching changes." date="2025-11-30T00:54:10.538" /><!-- duration: 16ms -->
      <step title="Starting LocalZipHandler" date="2025-11-30T00:54:10.585" /><!-- duration: 16ms -->
      <step title="Starting ExtractTriggers" date="2025-11-30T00:54:10.632" /><!-- duration: 16ms -->
      <step title="None repository commit" date="2025-11-30T00:54:10.741" >
        <step title="Commit id: 5b3204af57334888b8cc1a5a2495b06d" date="2025-11-30T00:54:10.757" Message="Created via a push deployment" AuthorName="N/A" AuthorEmail="N/A" /><!-- duration: 0ms -->
      </step><!-- duration: 31ms -->
      <step title="Before sending BuildRequestReceived status to /api/updatedeploystatus" date="2025-11-30T00:54:10.788" /><!-- duration: 16ms -->
      <step title="DeploymentManager.Deploy(id:5b3204af57334888b8cc1a5a2495b06d)" date="2025-11-30T00:54:10.819" >
        <step title="Collecting changeset information" date="2025-11-30T00:54:10.851" /><!-- duration: 109ms -->
        <step title="Updating submodules" date="2025-11-30T00:54:10.976" >
          <step title="Updating submodules." date="2025-11-30T00:54:11.101" /><!-- duration: 15ms -->
        </step><!-- duration: 172ms -->
        <step title="Preparing deployment for commit id &apos;5b3204af57&apos;." date="2025-11-30T00:54:11.288" /><!-- duration: 17ms -->
        <step title="Determining deployment builder" date="2025-11-30T00:54:11.444" >
          <step title="Builder is RunFromZipSiteBuilder" date="2025-11-30T00:54:11.460" /><!-- duration: 16ms -->
        </step><!-- duration: 47ms -->
        <step title="Copying SSH keys" date="2025-11-30T00:54:11.554" /><!-- duration: 31ms -->
        <step title="Building" date="2025-11-30T00:54:11.601" >
          <step title="Skipping build. Project type: Run-From-Zip" date="2025-11-30T00:54:11.726" /><!-- duration: 32ms -->
          <step title="Skipping post build. Project type: Run-From-Zip" date="2025-11-30T00:54:11.898" /><!-- duration: 16ms -->
          <step title="Triggering recycle (preview mode disabled)." date="2025-11-30T00:54:12.074" /><!-- duration: 12ms -->
          <step title="Ignoring FS watcher based recycle request as this is a classic Windows app." date="2025-11-30T00:54:12.117" /><!-- duration: 15ms -->
          <step title="Deployment successful. DEPLOYMENTINFO: deploymentPath = Functions App ZipDeploy. Run from package., deployer = ZipDeploy, os = windows, sku = Dynamic, language = dotnet-isolated, siteName = cleversyncprod-fn, slotName = Production, siteHostName = cleversyncprod-fn.azurewebsites.net, deploymentStatus = Success" date="2025-11-30T00:54:12.257" /><!-- duration: 16ms -->
        </step><!-- duration: 1266ms -->
      </step><!-- duration: 2063ms -->
      <step title="Cleaning up temp files" date="2025-11-30T00:54:12.898" /><!-- duration: 31ms -->
      <step title="Updating C:\home\data\SitePackages\packagename.txt with deployment 20251130005409.zip" date="2025-11-30T00:54:12.944" /><!-- duration: 47ms -->
      <step title="Begin HttpPost https://cleversyncprod-fn.scm.azurewebsites.net/operations/settriggers, x-ms-request-id: 36ab22e7-bbc2-484b-b0c2-2956c740851f" date="2025-11-30T00:54:13.132" /><!-- duration: 19ms -->
      <step title="End HttpPost, status: OK" date="2025-11-30T00:54:13.648" /><!-- duration: 16ms -->
      <step title="Scheduling background sync triggers after delay" date="2025-11-30T00:54:13.679" /><!-- duration: 0ms -->
    </step><!-- duration: 3594ms -->
    <step title="LockFile &apos;C:\home\site\locks\deployments.lock&apos; released" date="2025-11-30T00:54:13.853" /><!-- duration: 13ms -->
  </step><!-- duration: 4672ms -->
  <step title="Outgoing response" date="2025-11-30T00:54:13.913" type="response" statusCode="200" statusText="OK" Server="Microsoft-IIS/10.0" x-ms-request-id="36ab22e7-bbc2-484b-b0c2-2956c740851f" Cache-Control="private" X-AspNet-Version="4.0.30319" /><!-- duration: 16ms -->
</step><!-- duration: 4797ms -->
