﻿<?xml version="1.0" encoding="utf-8"?>
<deployment>
  <id>5b3204af57334888b8cc1a5a2495b06d</id>
  <author>N/A</author>
  <deployer>ZipDeploy</deployer>
  <authorEmail>N/A</authorEmail>
  <message>Created via a push deployment</message>
  <progress></progress>
  <status>Success</status>
  <statusText></statusText>
  <lastSuccessEndTime>2025-11-30T00:54:12.3356261Z</lastSuccessEndTime>
  <receivedTime>2025-11-30T00:54:10.8981064Z</receivedTime>
  <startTime>2025-11-30T00:54:11.3668834Z</startTime>
  <endTime>2025-11-30T00:54:12.3356261Z</endTime>
  <complete>True</complete>
  <is_temp>False</is_temp>
  <is_readonly>True</is_readonly>
  <project_type>Run-From-Zip</project_type>
  <vsproject_id></vsproject_id>
</deployment>