﻿<?xml version="1.0" encoding="utf-8"?>
<deployment>
  <id>81b336232eed46fc9fd3e2c2797b4160</id>
  <author>N/A</author>
  <deployer>OneDeploy</deployer>
  <authorEmail>N/A</authorEmail>
  <message>OneDeploy</message>
  <progress></progress>
  <status>Success</status>
  <statusText></statusText>
  <lastSuccessEndTime>2025-11-30T22:22:03.9449912Z</lastSuccessEndTime>
  <receivedTime>2025-11-30T22:21:59.6477536Z</receivedTime>
  <startTime>2025-11-30T22:21:59.7883908Z</startTime>
  <endTime>2025-11-30T22:22:03.9449912Z</endTime>
  <complete>True</complete>
  <is_temp>False</is_temp>
  <is_readonly>True</is_readonly>
  <project_type>OneDeploy</project_type>
  <vsproject_id></vsproject_id>
</deployment>