<step title="Incoming Request" date="2025-11-29T14:11:28.494" instance="eef76b" url="/api/publish?type=zip" method="POST" type="request" pid="8604,2,17" Cache-Control="no-cache" Content-Length="8836934" Content-Type="application/octet-stream" Accept="*/*" Accept-Encoding="gzip, deflate" Authorization="Bas..." Host="cleversyncsos.scm.azurewebsites.net" User-Agent="AZURECLI/2.79.0 (MSI)" x-ms-client-request-id="49c5a370-cd2d-11f0-a5fd-e02e0bc384b1" X-ARR-LOG-ID="49c5a370-cd2d-11f0-a5fd-e02e0bc384b1" CLIENT-IP="208.102.8.31:52805" X-SITE-DEPLOYMENT-ID="CleverSyncSOS" WAS-DEFAULT-HOSTNAME="cleversyncsos.scm.azurewebsites.net" X-Forwarded-Proto="https" X-AppService-Proto="https" X-Forwarded-TlsVersion="1.3" X-WAWS-Unencoded-URL="/api/publish?type=zip" >
  <step title="Cleanup Xml Logs" date="2025-11-29T14:11:28.510" /><!-- duration: 0ms -->
  <step title="OneDeploy" date="2025-11-29T14:11:28.573" >
    <step title="Starting PushDeployAsync" date="2025-11-29T14:11:28.588" /><!-- duration: 0ms -->
    <step title="Updating shutdown sentinel last write time" date="2025-11-29T14:11:28.700" SemaphoreCount="7" /><!-- duration: 16ms -->
    <step title="LockFile &apos;C:\home\site\locks\deployments.lock&apos; acquired" date="2025-11-29T14:11:28.716" /><!-- duration: 16ms -->
    <step title="Saving request content to C:\local\Temp\zipdeploy\t5j42diq.zip" date="2025-11-29T14:11:28.731" >
      <step title="Total 8,836,934 bytes written to C:\local\Temp\zipdeploy\t5j42diq.zip" date="2025-11-29T14:11:28.950" /><!-- duration: 20ms -->
    </step><!-- duration: 239ms -->
    <step title="LockFile &apos;C:\home\site\locks\deployments.lock&apos; released" date="2025-11-29T14:11:28.981" /><!-- duration: 0ms -->
    <step title="Deleting shutdown sentinel file" date="2025-11-29T14:11:28.997" SemaphoreCount="8" /><!-- duration: 0ms -->
    <step title="Starting FetchDeploy" date="2025-11-29T14:11:28.997" /><!-- duration: 0ms -->
    <step title="Attempting to fetch target branch HEAD" date="2025-11-29T14:11:29.013" /><!-- duration: 0ms -->
    <step title="Updating shutdown sentinel last write time" date="2025-11-29T14:11:29.044" SemaphoreCount="7" /><!-- duration: 0ms -->
    <step title="LockFile &apos;C:\home\site\locks\deployments.lock&apos; acquired" date="2025-11-29T14:11:29.122" /><!-- duration: 0ms -->
    <step title="Performing fetch based deployment" date="2025-11-29T14:11:29.122" >
      <step title="Creating temporary deployment" date="2025-11-29T14:11:29.138" /><!-- duration: 47ms -->
      <step title="Fetching changes." date="2025-11-29T14:11:29.231" /><!-- duration: 51ms -->
      <step title="Starting LocalZipHandler" date="2025-11-29T14:11:29.294" /><!-- duration: 0ms -->
      <step title="Starting LocalZipFetch" date="2025-11-29T14:11:29.294" /><!-- duration: 0ms -->
      <step title="Cleaning up temp folders from previous zip deployments and extracting pushed zip file C:\local\Temp\zipdeploy\t5j42diq.zip (8.43 MB) to C:\local\Temp\zipdeploy\extracted" date="2025-11-29T14:11:29.294" /><!-- duration: 0ms -->
      <step title="Cleaning up temp folders from previous zip deployments and extracting pushed zip file C:\local\Temp\zipdeploy\t5j42diq.zip (8.43 MB) to C:\local\Temp\zipdeploy\extracted" date="2025-11-29T14:11:29.310" >
        <step title="Renaming extractTargetDirectory(C:\local\Temp\zipdeploy\extracted) to tempDirectory(C:\local\Temp\zipdeploy\mlww5yac.w0s)" date="2025-11-29T14:11:29.325" /><!-- duration: 18ms -->
        <step title="Extracting 206 entries to C:\local\Temp\zipdeploy\extracted directory" date="2025-11-29T14:11:29.373" >
          <step title="Extracting to C:\local\Temp\zipdeploy\extracted\publish\appsettings.Development.json ..." date="2025-11-29T14:11:29.497" /><!-- duration: 78ms -->
          <step title="Extracting to C:\local\Temp\zipdeploy\extracted\publish\appsettings.json ..." date="2025-11-29T14:11:29.575" /><!-- duration: 19ms -->
          <step title="Extracting to C:\local\Temp\zipdeploy\extracted\publish\appsettings.Production.json ..." date="2025-11-29T14:11:29.606" /><!-- duration: 18ms -->
          <step title="Extracting to C:\local\Temp\zipdeploy\extracted\publish\CleverSyncSOS.AdminPortal.deps.json ..." date="2025-11-29T14:11:29.624" /><!-- duration: 30ms -->
          <step title="Extracting to C:\local\Temp\zipdeploy\extracted\publish\CleverSyncSOS.AdminPortal.runtimeconfig.json ..." date="2025-11-29T14:11:29.675" /><!-- duration: 10ms -->
          <step title="Omitting extracting file traces ..." date="2025-11-29T14:11:29.705" /><!-- duration: 11ms -->
        </step><!-- duration: 2252ms -->
      </step><!-- duration: 2328ms -->
      <step title="None repository commit" date="2025-11-29T14:11:31.655" >
        <step title="Commit id: d892fe1de9134ad0931b383fe0d45e1f" date="2025-11-29T14:11:31.685" Message="OneDeploy" AuthorName="N/A" AuthorEmail="N/A" /><!-- duration: 0ms -->
      </step><!-- duration: 50ms -->
      <step title="Before sending BuildRequestReceived status to /api/updatedeploystatus" date="2025-11-29T14:11:31.705" /><!-- duration: 11ms -->
      <step title="DeploymentManager.Deploy(id:d892fe1de9134ad0931b383fe0d45e1f)" date="2025-11-29T14:11:31.716" >
        <step title="Collecting changeset information" date="2025-11-29T14:11:31.716" /><!-- duration: 62ms -->
        <step title="Updating submodules" date="2025-11-29T14:11:31.794" >
          <step title="Updating submodules." date="2025-11-29T14:11:31.856" /><!-- duration: 0ms -->
        </step><!-- duration: 78ms -->
        <step title="Preparing deployment for commit id &apos;d892fe1de9&apos;." date="2025-11-29T14:11:32.017" /><!-- duration: 12ms -->
        <step title="Determining deployment builder" date="2025-11-29T14:11:32.107" >
          <step title="Builder is OneDeployBuilder" date="2025-11-29T14:11:32.122" /><!-- duration: 0ms -->
        </step><!-- duration: 31ms -->
        <step title="Copying SSH keys" date="2025-11-29T14:11:32.138" /><!-- duration: 0ms -->
        <step title="Building" date="2025-11-29T14:11:32.153" >
          <step title="Running build. Project type: OneDeploy" date="2025-11-29T14:11:32.389" /><!-- duration: 0ms -->
          <step title="Copying the manifest" date="2025-11-29T14:11:32.469" /><!-- duration: 12ms -->
          <step title="Clean deploying to C:\home\site\wwwroot" date="2025-11-29T14:11:32.549" /><!-- duration: 10ms -->
          <step title="Generating deployment script." date="2025-11-29T14:11:32.622" /><!-- duration: 0ms -->
          <step title="Generating deployment script" date="2025-11-29T14:11:32.638" >
            <step title="Using cached version of the deployment script for command: -y --no-dot-deployment -r &quot;C:\local\Temp\zipdeploy\extracted&quot; -o &quot;C:\home\site\deployments\tools&quot; --basic --sitePath &quot;C:\local\Temp\zipdeploy\extracted&quot;" date="2025-11-29T14:11:32.731" /><!-- duration: 0ms -->
            <step title="Using cached version of deployment script (command: &apos;azure -y --no-dot-deployment -r &quot;C:\local\Temp\zipdeploy\extracted&quot; -o &quot;C:\home\site\deployments\tools&quot; --basic --sitePath &quot;C:\local\Temp\zipdeploy\extracted&quot;&apos;)." date="2025-11-29T14:11:32.763" /><!-- duration: 0ms -->
          </step><!-- duration: 141ms -->
          <step title="Running deployment command..." date="2025-11-29T14:11:32.810" /><!-- duration: 19ms -->
          <step title="Command: &quot;C:\home\site\deployments\tools\deploy.cmd&quot;" date="2025-11-29T14:11:32.829" /><!-- duration: 0ms -->
          <step title="Executing external process" date="2025-11-29T14:11:32.841" type="process" path="starter.cmd" arguments="&quot;C:\home\site\deployments\tools\deploy.cmd&quot;" >
            <step title="Handling Basic Web Site deployment." date="2025-11-29T14:11:33.794" /><!-- duration: 0ms -->
            <step title="Creating app_offline.htm" date="2025-11-29T14:11:35.862" /><!-- duration: 10ms -->
            <step title="KuduSync.NET from: &apos;C:\local\Temp\zipdeploy\extracted&apos; to: &apos;C:\home\site\wwwroot&apos;" date="2025-11-29T14:11:35.903" /><!-- duration: 0ms -->
            <step title="Copying file: &apos;CleverSyncSOS.AdminPortal.dll&apos;" date="2025-11-29T14:11:35.935" /><!-- duration: 48ms -->
            <step title="Copying file: &apos;CleverSyncSOS.AdminPortal.exe&apos;" date="2025-11-29T14:11:36.044" /><!-- duration: 0ms -->
            <step title="Copying file: &apos;CleverSyncSOS.AdminPortal.pdb&apos;" date="2025-11-29T14:11:36.122" /><!-- duration: 31ms -->
            <step title="Copying file: &apos;CleverSyncSOS.AdminPortal.staticwebassets.endpoints.json&apos;" date="2025-11-29T14:11:36.313" /><!-- duration: 140ms -->
            <step title="Copying file: &apos;publish\publish\publish\publish\publish\publish\publish\publish\publish\publish\publish\publish\appsettings.Development.json&apos;" date="2025-11-29T14:11:36.497" /><!-- duration: 17ms -->
            <step title="Copying file: &apos;publish\publish\publish\publish\publish\publish\publish\publish\publish\publish\publish\publish\appsettings.json&apos;" date="2025-11-29T14:11:36.514" /><!-- duration: 14ms -->
            <step title="Copying file: &apos;publish\publish\publish\publish\publish\publish\publish\publish\publish\publish\publish\publish\appsettings.Production.json&apos;" date="2025-11-29T14:11:36.544" /><!-- duration: 0ms -->
            <step title="Copying file: &apos;publish\publish\publish\publish\publish\publish\publish\publish\publish\publish\publish\publish\CleverSyncSOS.AdminPortal.deps.json&apos;" date="2025-11-29T14:11:36.575" /><!-- duration: 0ms -->
            <step title="Copying file: &apos;publish\publish\publish\publish\publish\publish\publish\publish\publish\publish\publish\publish\CleverSyncSOS.AdminPortal.runtimeconfig.json&apos;" date="2025-11-29T14:11:36.591" /><!-- duration: 0ms -->
            <step title="Copying file: &apos;publish\publish\publish\publish\publish\publish\publish\publish\publish\publish\publish\publish\CleverSyncSOS.AdminPortal.staticwebassets.endpoints.json&apos;" date="2025-11-29T14:11:36.606" /><!-- duration: 18ms -->
            <step title="Copying file: &apos;wwwroot\favicon.png&apos;" date="2025-11-29T14:11:36.624" /><!-- duration: 13ms -->
            <step title="Copying file: &apos;wwwroot\faviconOld.png&apos;" date="2025-11-29T14:11:36.638" /><!-- duration: 17ms -->
            <step title="Copying file: &apos;publish\publish\publish\publish\publish\publish\publish\publish\publish\publish\publish\publish\web.config&apos;" date="2025-11-29T14:11:36.654" /><!-- duration: 15ms -->
            <step title="Deleting app_offline.htm" date="2025-11-29T14:11:36.685" /><!-- duration: 20ms -->
            <step title="Finished successfully." date="2025-11-29T14:11:36.747" /><!-- duration: 0ms -->
          </step><!-- duration: 3938ms -->
          <step title="Build completed succesfully." date="2025-11-29T14:11:36.845" /><!-- duration: 11ms -->
          <step title="Running post deployment command(s)..." date="2025-11-29T14:11:37.186" /><!-- duration: 61ms -->
          <step title="Requesting site restart" date="2025-11-29T14:11:37.377" /><!-- duration: 11ms -->
          <step title="Requesting site restart" date="2025-11-29T14:11:37.468" /><!-- duration: 30ms -->
          <step title="Requesting site restart. Attempt #1" date="2025-11-29T14:11:37.669" /><!-- duration: 0ms -->
          <step title="Requesting site restart. Attempt #1" date="2025-11-29T14:11:37.700" /><!-- duration: 0ms -->
          <step title="Successfully requested a restart. Attempt #1" date="2025-11-29T14:11:38.281" /><!-- duration: 13ms -->
          <step title="Successfully requested a restart. Attempt #1" date="2025-11-29T14:11:38.311" /><!-- duration: 30ms -->
          <step title="Deployment successful. DEPLOYMENTINFO: deploymentPath = OneDeploy, deployer = OneDeploy, os = windows, sku = Standard, siteName = CleverSyncSOS, siteHostName = cleversyncsos.azurewebsites.net, deploymentStatus = Success" date="2025-11-29T14:11:38.452" /><!-- duration: 0ms -->
          <step title="Purge deployment items" date="2025-11-29T14:11:39.138" >
            <step title="Remove 42baf6735, Success, received at 11/29/2025 2:36:13 AM" date="2025-11-29T14:11:39.359" /><!-- duration: 50ms -->
          </step><!-- duration: 282ms -->
        </step><!-- duration: 7407ms -->
      </step><!-- duration: 7864ms -->
      <step title="Cleaning up temp files" date="2025-11-29T14:11:39.609" /><!-- duration: 0ms -->
      <step title="Skip function trigger and logicapp sync because function is not enabled." date="2025-11-29T14:11:39.622" /><!-- duration: 17ms -->
    </step><!-- duration: 10609ms -->
    <step title="LockFile &apos;C:\home\site\locks\deployments.lock&apos; released" date="2025-11-29T14:11:39.780" /><!-- duration: 30ms -->
    <step title="Deleting shutdown sentinel file" date="2025-11-29T14:11:39.841" SemaphoreCount="8" /><!-- duration: 0ms -->
  </step><!-- duration: 11268ms -->
  <step title="Outgoing response" date="2025-11-29T14:11:39.903" type="response" statusCode="200" statusText="OK" Server="Microsoft-IIS/10.0" x-ms-request-id="49c5a370-cd2d-11f0-a5fd-e02e0bc384b1" Cache-Control="private" X-AspNet-Version="4.0.30319" /><!-- duration: 109ms -->
</step><!-- duration: 11597ms -->
