<step title="Incoming Request" date="2025-11-30T01:45:06.905" instance="eef76b" url="/api/publish?type=zip&amp;restart=True" method="POST" type="request" pid="4188,2,19" Cache-Control="no-cache" Content-Length="8666890" Content-Type="application/octet-stream" Accept="*/*" Accept-Encoding="gzip, deflate" Authorization="Bas..." Host="cleversyncsos.scm.azurewebsites.net" User-Agent="AZURECLI/2.79.0 (MSI)" x-ms-client-request-id="2eef9a84-cd8e-11f0-a6af-e02e0bc384b1" X-ARR-LOG-ID="2eef9a84-cd8e-11f0-a6af-e02e0bc384b1" CLIENT-IP="208.102.8.31:61446" X-SITE-DEPLOYMENT-ID="CleverSyncSOS" WAS-DEFAULT-HOSTNAME="cleversyncsos.scm.azurewebsites.net" X-Forwarded-Proto="https" X-AppService-Proto="https" X-Forwarded-TlsVersion="1.3" X-WAWS-Unencoded-URL="/api/publish?type=zip&amp;restart=True" >
  <step title="Cleanup Xml Logs" date="2025-11-30T01:45:06.925" /><!-- duration: 10ms -->
  <step title="OneDeploy" date="2025-11-30T01:45:08.184" >
    <step title="Starting PushDeployAsync" date="2025-11-30T01:45:08.403" /><!-- duration: 0ms -->
    <step title="Updating shutdown sentinel last write time" date="2025-11-30T01:45:08.715" SemaphoreCount="7" /><!-- duration: 0ms -->
    <step title="LockFile &apos;C:\home\site\locks\deployments.lock&apos; acquired" date="2025-11-30T01:45:08.762" /><!-- duration: 0ms -->
    <step title="Saving request content to C:\local\Temp\zipdeploy\fuhhlamy.zip" date="2025-11-30T01:45:08.778" >
      <step title="Total 8,666,890 bytes written to C:\local\Temp\zipdeploy\fuhhlamy.zip" date="2025-11-30T01:45:09.247" /><!-- duration: 0ms -->
    </step><!-- duration: 500ms -->
    <step title="LockFile &apos;C:\home\site\locks\deployments.lock&apos; released" date="2025-11-30T01:45:09.278" /><!-- duration: 19ms -->
    <step title="Deleting shutdown sentinel file" date="2025-11-30T01:45:09.309" SemaphoreCount="8" /><!-- duration: 0ms -->
    <step title="Starting FetchDeploy" date="2025-11-30T01:45:09.327" /><!-- duration: 0ms -->
    <step title="Attempting to fetch target branch HEAD" date="2025-11-30T01:45:09.340" /><!-- duration: 17ms -->
    <step title="Updating shutdown sentinel last write time" date="2025-11-30T01:45:09.403" SemaphoreCount="7" /><!-- duration: 0ms -->
    <step title="LockFile &apos;C:\home\site\locks\deployments.lock&apos; acquired" date="2025-11-30T01:45:09.418" /><!-- duration: 0ms -->
    <step title="Performing fetch based deployment" date="2025-11-30T01:45:09.449" >
      <step title="Creating temporary deployment" date="2025-11-30T01:45:09.468" /><!-- duration: 250ms -->
      <step title="Fetching changes." date="2025-11-30T01:45:09.981" /><!-- duration: 0ms -->
      <step title="Starting LocalZipHandler" date="2025-11-30T01:45:10.012" /><!-- duration: 0ms -->
      <step title="Starting LocalZipFetch" date="2025-11-30T01:45:10.030" /><!-- duration: 20ms -->
      <step title="Cleaning up temp folders from previous zip deployments and extracting pushed zip file C:\local\Temp\zipdeploy\fuhhlamy.zip (8.27 MB) to C:\local\Temp\zipdeploy\extracted" date="2025-11-30T01:45:10.060" /><!-- duration: 0ms -->
      <step title="Cleaning up temp folders from previous zip deployments and extracting pushed zip file C:\local\Temp\zipdeploy\fuhhlamy.zip (8.27 MB) to C:\local\Temp\zipdeploy\extracted" date="2025-11-30T01:45:10.090" >
        <step title="Extracting 122 entries to C:\local\Temp\zipdeploy\extracted directory" date="2025-11-30T01:45:10.200" >
          <step title="Extracting to C:\local\Temp\zipdeploy\extracted\runtimes\unix\lib\net6.0\Microsoft.Data.SqlClient.dll ..." date="2025-11-30T01:45:10.231" /><!-- duration: 141ms -->
          <step title="Extracting to C:\local\Temp\zipdeploy\extracted\runtimes\unix\lib\net6.0\System.Drawing.Common.dll ..." date="2025-11-30T01:45:10.391" /><!-- duration: 30ms -->
          <step title="Extracting to C:\local\Temp\zipdeploy\extracted\runtimes\win\lib\net6.0\Microsoft.Data.SqlClient.dll ..." date="2025-11-30T01:45:10.434" /><!-- duration: 78ms -->
          <step title="Extracting to C:\local\Temp\zipdeploy\extracted\runtimes\win\lib\net6.0\Microsoft.Win32.SystemEvents.dll ..." date="2025-11-30T01:45:10.532" /><!-- duration: 12ms -->
          <step title="Extracting to C:\local\Temp\zipdeploy\extracted\runtimes\win\lib\net6.0\System.Drawing.Common.dll ..." date="2025-11-30T01:45:10.543" /><!-- duration: 49ms -->
          <step title="Omitting extracting file traces ..." date="2025-11-30T01:45:10.612" /><!-- duration: 10ms -->
        </step><!-- duration: 2129ms -->
      </step><!-- duration: 2250ms -->
      <step title="None repository commit" date="2025-11-30T01:45:12.371" >
        <step title="Commit id: 6b3f97c27fd14f6ea6a640c037100ffe" date="2025-11-30T01:45:12.371" Message="OneDeploy" AuthorName="N/A" AuthorEmail="N/A" /><!-- duration: 18ms -->
      </step><!-- duration: 18ms -->
      <step title="Before sending BuildRequestReceived status to /api/updatedeploystatus" date="2025-11-30T01:45:12.389" /><!-- duration: 13ms -->
      <step title="DeploymentManager.Deploy(id:6b3f97c27fd14f6ea6a640c037100ffe)" date="2025-11-30T01:45:12.419" >
        <step title="Collecting changeset information" date="2025-11-30T01:45:12.439" /><!-- duration: 59ms -->
        <step title="Updating submodules" date="2025-11-30T01:45:12.498" >
          <step title="Updating submodules." date="2025-11-30T01:45:12.608" /><!-- duration: 0ms -->
        </step><!-- duration: 141ms -->
        <step title="Preparing deployment for commit id &apos;6b3f97c27f&apos;." date="2025-11-30T01:45:12.762" /><!-- duration: 0ms -->
        <step title="Determining deployment builder" date="2025-11-30T01:45:13.031" >
          <step title="Builder is OneDeployBuilder" date="2025-11-30T01:45:13.043" /><!-- duration: 0ms -->
        </step><!-- duration: 30ms -->
        <step title="Copying SSH keys" date="2025-11-30T01:45:13.106" /><!-- duration: 16ms -->
        <step title="Building" date="2025-11-30T01:45:13.121" >
          <step title="Running build. Project type: OneDeploy" date="2025-11-30T01:45:13.172" /><!-- duration: 12ms -->
          <step title="Copying the manifest" date="2025-11-30T01:45:13.262" /><!-- duration: 0ms -->
          <step title="Clean deploying to C:\home\site\wwwroot" date="2025-11-30T01:45:13.423" /><!-- duration: 0ms -->
          <step title="Generating deployment script." date="2025-11-30T01:45:13.563" /><!-- duration: 11ms -->
          <step title="Generating deployment script" date="2025-11-30T01:45:13.594" >
            <step title="Using cached version of the deployment script for command: -y --no-dot-deployment -r &quot;C:\local\Temp\zipdeploy\extracted&quot; -o &quot;C:\home\site\deployments\tools&quot; --basic --sitePath &quot;C:\local\Temp\zipdeploy\extracted&quot;" date="2025-11-30T01:45:13.845" /><!-- duration: 11ms -->
            <step title="Using cached version of deployment script (command: &apos;azure -y --no-dot-deployment -r &quot;C:\local\Temp\zipdeploy\extracted&quot; -o &quot;C:\home\site\deployments\tools&quot; --basic --sitePath &quot;C:\local\Temp\zipdeploy\extracted&quot;&apos;)." date="2025-11-30T01:45:13.875" /><!-- duration: 12ms -->
          </step><!-- duration: 342ms -->
          <step title="Running deployment command..." date="2025-11-30T01:45:14.016" /><!-- duration: 0ms -->
          <step title="Command: &quot;C:\home\site\deployments\tools\deploy.cmd&quot;" date="2025-11-30T01:45:14.046" /><!-- duration: 0ms -->
          <step title="Executing external process" date="2025-11-30T01:45:14.106" type="process" path="starter.cmd" arguments="&quot;C:\home\site\deployments\tools\deploy.cmd&quot;" >
            <step title="Handling Basic Web Site deployment." date="2025-11-30T01:45:14.934" /><!-- duration: 17ms -->
            <step title="Creating app_offline.htm" date="2025-11-30T01:45:16.889" /><!-- duration: 0ms -->
            <step title="KuduSync.NET from: &apos;C:\local\Temp\zipdeploy\extracted&apos; to: &apos;C:\home\site\wwwroot&apos;" date="2025-11-30T01:45:16.920" /><!-- duration: 0ms -->
            <step title="Copying file: &apos;CleverSyncSOS.AdminPortal.dll&apos;" date="2025-11-30T01:45:16.950" /><!-- duration: 0ms -->
            <step title="Copying file: &apos;CleverSyncSOS.AdminPortal.exe&apos;" date="2025-11-30T01:45:16.981" /><!-- duration: 0ms -->
            <step title="Copying file: &apos;CleverSyncSOS.AdminPortal.pdb&apos;" date="2025-11-30T01:45:17.012" /><!-- duration: 0ms -->
            <step title="Copying file: &apos;CleverSyncSOS.Core.dll&apos;" date="2025-11-30T01:45:17.030" /><!-- duration: 13ms -->
            <step title="Copying file: &apos;CleverSyncSOS.Core.pdb&apos;" date="2025-11-30T01:45:17.060" /><!-- duration: 20ms -->
            <step title="Deleting app_offline.htm" date="2025-11-30T01:45:17.111" /><!-- duration: 0ms -->
            <step title="Finished successfully." date="2025-11-30T01:45:17.141" /><!-- duration: 0ms -->
          </step><!-- duration: 3065ms -->
          <step title="Build completed succesfully." date="2025-11-30T01:45:17.215" /><!-- duration: 16ms -->
          <step title="Running post deployment command(s)..." date="2025-11-30T01:45:17.293" /><!-- duration: 0ms -->
          <step title="Requesting site restart" date="2025-11-30T01:45:17.470" /><!-- duration: 11ms -->
          <step title="Requesting site restart" date="2025-11-30T01:45:17.481" /><!-- duration: 19ms -->
          <step title="Requesting site restart. Attempt #1" date="2025-11-30T01:45:17.560" /><!-- duration: 20ms -->
          <step title="Requesting site restart. Attempt #1" date="2025-11-30T01:45:17.590" /><!-- duration: 0ms -->
          <step title="Successfully requested a restart. Attempt #1" date="2025-11-30T01:45:19.387" /><!-- duration: 0ms -->
          <step title="Successfully requested a restart. Attempt #1" date="2025-11-30T01:45:19.407" /><!-- duration: 0ms -->
          <step title="Deployment successful. DEPLOYMENTINFO: deploymentPath = OneDeploy, deployer = OneDeploy, os = windows, sku = Standard, siteName = CleverSyncSOS, siteHostName = cleversyncsos.azurewebsites.net, deploymentStatus = Success" date="2025-11-30T01:45:19.481" /><!-- duration: 17ms -->
          <step title="Purge deployment items" date="2025-11-30T01:45:19.809" >
            <step title="Remove cc0c91835, Success, received at 11/29/2025 1:21:39 PM" date="2025-11-30T01:45:19.920" /><!-- duration: 0ms -->
          </step><!-- duration: 131ms -->
        </step><!-- duration: 6859ms -->
      </step><!-- duration: 7581ms -->
      <step title="Cleaning up temp files" date="2025-11-30T01:45:20.012" /><!-- duration: 0ms -->
      <step title="Skip function trigger and logicapp sync because function is not enabled." date="2025-11-30T01:45:20.043" /><!-- duration: 17ms -->
    </step><!-- duration: 10703ms -->
    <step title="LockFile &apos;C:\home\site\locks\deployments.lock&apos; released" date="2025-11-30T01:45:20.171" /><!-- duration: 0ms -->
    <step title="Deleting shutdown sentinel file" date="2025-11-30T01:45:20.184" SemaphoreCount="8" /><!-- duration: 17ms -->
  </step><!-- duration: 12017ms -->
  <step title="Outgoing response" date="2025-11-30T01:45:20.231" type="response" statusCode="200" statusText="OK" Server="Microsoft-IIS/10.0" x-ms-request-id="2eef9a84-cd8e-11f0-a6af-e02e0bc384b1" Cache-Control="private" X-AspNet-Version="4.0.30319" /><!-- duration: 31ms -->
</step><!-- duration: 13436ms -->
