<step title="Incoming Request" date="2025-11-29T13:04:36.125" instance="eef76b" url="/api/publish?type=zip" method="POST" type="request" pid="8604,2,59" Cache-Control="no-cache" Content-Length="7941923" Content-Type="application/octet-stream" Accept="*/*" Accept-Encoding="gzip, deflate" Authorization="Bas..." Host="cleversyncsos.scm.azurewebsites.net" User-Agent="AZURECLI/2.79.0 (MSI)" x-ms-client-request-id="f22716dd-cd23-11f0-85ba-e02e0bc384b1" X-ARR-LOG-ID="f22716dd-cd23-11f0-85ba-e02e0bc384b1" CLIENT-IP="208.102.8.31:53722" X-SITE-DEPLOYMENT-ID="CleverSyncSOS" WAS-DEFAULT-HOSTNAME="cleversyncsos.scm.azurewebsites.net" X-Forwarded-Proto="https" X-AppService-Proto="https" X-Forwarded-TlsVersion="1.3" X-WAWS-Unencoded-URL="/api/publish?type=zip" >
  <step title="Cleanup Xml Logs" date="2025-11-29T13:04:36.125" /><!-- duration: 0ms -->
  <step title="OneDeploy" date="2025-11-29T13:04:36.160" >
    <step title="Starting PushDeployAsync" date="2025-11-29T13:04:36.172" /><!-- duration: 0ms -->
    <step title="Updating shutdown sentinel last write time" date="2025-11-29T13:04:36.203" SemaphoreCount="7" /><!-- duration: 0ms -->
    <step title="LockFile &apos;C:\home\site\locks\deployments.lock&apos; acquired" date="2025-11-29T13:04:36.220" /><!-- duration: 14ms -->
    <step title="Saving request content to C:\local\Temp\zipdeploy\055hctv4.zip" date="2025-11-29T13:04:36.234" >
      <step title="Total 7,941,923 bytes written to C:\local\Temp\zipdeploy\055hctv4.zip" date="2025-11-29T13:04:36.422" /><!-- duration: 0ms -->
    </step><!-- duration: 207ms -->
    <step title="LockFile &apos;C:\home\site\locks\deployments.lock&apos; released" date="2025-11-29T13:04:36.441" /><!-- duration: 12ms -->
    <step title="Deleting shutdown sentinel file" date="2025-11-29T13:04:36.453" SemaphoreCount="8" /><!-- duration: 0ms -->
    <step title="Starting FetchDeploy" date="2025-11-29T13:04:36.453" /><!-- duration: 0ms -->
    <step title="Attempting to fetch target branch HEAD" date="2025-11-29T13:04:36.453" /><!-- duration: 16ms -->
    <step title="Updating shutdown sentinel last write time" date="2025-11-29T13:04:36.468" SemaphoreCount="7" /><!-- duration: 0ms -->
    <step title="LockFile &apos;C:\home\site\locks\deployments.lock&apos; acquired" date="2025-11-29T13:04:36.484" /><!-- duration: 16ms -->
    <step title="Performing fetch based deployment" date="2025-11-29T13:04:36.500" >
      <step title="Creating temporary deployment" date="2025-11-29T13:04:36.515" /><!-- duration: 47ms -->
      <step title="Fetching changes." date="2025-11-29T13:04:36.734" /><!-- duration: 0ms -->
      <step title="Starting LocalZipHandler" date="2025-11-29T13:04:36.750" /><!-- duration: 0ms -->
      <step title="Starting LocalZipFetch" date="2025-11-29T13:04:36.750" /><!-- duration: 0ms -->
      <step title="Cleaning up temp folders from previous zip deployments and extracting pushed zip file C:\local\Temp\zipdeploy\055hctv4.zip (7.57 MB) to C:\local\Temp\zipdeploy\extracted" date="2025-11-29T13:04:36.765" /><!-- duration: 0ms -->
      <step title="Cleaning up temp folders from previous zip deployments and extracting pushed zip file C:\local\Temp\zipdeploy\055hctv4.zip (7.57 MB) to C:\local\Temp\zipdeploy\extracted" date="2025-11-29T13:04:36.782" >
        <step title="Renaming extractTargetDirectory(C:\local\Temp\zipdeploy\extracted) to tempDirectory(C:\local\Temp\zipdeploy\pdgldxx3.sae)" date="2025-11-29T13:04:36.782" /><!-- duration: 0ms -->
        <step title="Extracting 156 entries to C:\local\Temp\zipdeploy\extracted directory" date="2025-11-29T13:04:36.984" >
          <step title="Extracting to C:\local\Temp\zipdeploy\extracted\publish\appsettings.Development.json ..." date="2025-11-29T13:04:37.004" /><!-- duration: 12ms -->
          <step title="Extracting to C:\local\Temp\zipdeploy\extracted\publish\appsettings.json ..." date="2025-11-29T13:04:37.015" /><!-- duration: 18ms -->
          <step title="Extracting to C:\local\Temp\zipdeploy\extracted\publish\appsettings.Production.json ..." date="2025-11-29T13:04:37.034" /><!-- duration: 13ms -->
          <step title="Extracting to C:\local\Temp\zipdeploy\extracted\publish\CleverSyncSOS.AdminPortal.deps.json ..." date="2025-11-29T13:04:37.047" /><!-- duration: 17ms -->
          <step title="Extracting to C:\local\Temp\zipdeploy\extracted\publish\CleverSyncSOS.AdminPortal.runtimeconfig.json ..." date="2025-11-29T13:04:37.084" /><!-- duration: 10ms -->
          <step title="Omitting extracting file traces ..." date="2025-11-29T13:04:37.094" /><!-- duration: 20ms -->
        </step><!-- duration: 1708ms -->
      </step><!-- duration: 1940ms -->
      <step title="None repository commit" date="2025-11-29T13:04:38.734" >
        <step title="Commit id: 83ae9e91a1bf4753afc215941def93a0" date="2025-11-29T13:04:38.753" Message="OneDeploy" AuthorName="N/A" AuthorEmail="N/A" /><!-- duration: 0ms -->
      </step><!-- duration: 19ms -->
      <step title="Before sending BuildRequestReceived status to /api/updatedeploystatus" date="2025-11-29T13:04:38.771" /><!-- duration: 10ms -->
      <step title="DeploymentManager.Deploy(id:83ae9e91a1bf4753afc215941def93a0)" date="2025-11-29T13:04:38.781" >
        <step title="Collecting changeset information" date="2025-11-29T13:04:38.797" /><!-- duration: 47ms -->
        <step title="Updating submodules" date="2025-11-29T13:04:38.859" >
          <step title="Updating submodules." date="2025-11-29T13:04:38.922" /><!-- duration: 16ms -->
        </step><!-- duration: 78ms -->
        <step title="Preparing deployment for commit id &apos;83ae9e91a1&apos;." date="2025-11-29T13:04:39.031" /><!-- duration: 0ms -->
        <step title="Determining deployment builder" date="2025-11-29T13:04:39.172" >
          <step title="Builder is OneDeployBuilder" date="2025-11-29T13:04:39.203" /><!-- duration: 19ms -->
        </step><!-- duration: 50ms -->
        <step title="Copying SSH keys" date="2025-11-29T13:04:39.234" /><!-- duration: 0ms -->
        <step title="Building" date="2025-11-29T13:04:39.250" >
          <step title="Running build. Project type: OneDeploy" date="2025-11-29T13:04:39.332" /><!-- duration: 0ms -->
          <step title="Copying the manifest" date="2025-11-29T13:04:39.443" /><!-- duration: 10ms -->
          <step title="Clean deploying to C:\home\site\wwwroot" date="2025-11-29T13:04:39.594" /><!-- duration: 62ms -->
          <step title="Generating deployment script." date="2025-11-29T13:04:39.750" /><!-- duration: 0ms -->
          <step title="Generating deployment script" date="2025-11-29T13:04:39.750" >
            <step title="Using cached version of the deployment script for command: -y --no-dot-deployment -r &quot;C:\local\Temp\zipdeploy\extracted&quot; -o &quot;C:\home\site\deployments\tools&quot; --basic --sitePath &quot;C:\local\Temp\zipdeploy\extracted&quot;" date="2025-11-29T13:04:39.786" /><!-- duration: 11ms -->
            <step title="Using cached version of deployment script (command: &apos;azure -y --no-dot-deployment -r &quot;C:\local\Temp\zipdeploy\extracted&quot; -o &quot;C:\home\site\deployments\tools&quot; --basic --sitePath &quot;C:\local\Temp\zipdeploy\extracted&quot;&apos;)." date="2025-11-29T13:04:39.812" /><!-- duration: 0ms -->
          </step><!-- duration: 94ms -->
          <step title="Running deployment command..." date="2025-11-29T13:04:39.875" /><!-- duration: 0ms -->
          <step title="Command: &quot;C:\home\site\deployments\tools\deploy.cmd&quot;" date="2025-11-29T13:04:39.894" /><!-- duration: 0ms -->
          <step title="Executing external process" date="2025-11-29T13:04:39.924" type="process" path="starter.cmd" arguments="&quot;C:\home\site\deployments\tools\deploy.cmd&quot;" >
            <step title="Handling Basic Web Site deployment." date="2025-11-29T13:04:40.500" /><!-- duration: 0ms -->
            <step title="Creating app_offline.htm" date="2025-11-29T13:04:42.019" /><!-- duration: 0ms -->
            <step title="KuduSync.NET from: &apos;C:\local\Temp\zipdeploy\extracted&apos; to: &apos;C:\home\site\wwwroot&apos;" date="2025-11-29T13:04:42.049" /><!-- duration: 0ms -->
            <step title="Copying file: &apos;CleverSyncSOS.AdminPortal.dll&apos;" date="2025-11-29T13:04:42.079" /><!-- duration: 20ms -->
            <step title="Copying file: &apos;CleverSyncSOS.AdminPortal.exe&apos;" date="2025-11-29T13:04:42.109" /><!-- duration: 0ms -->
            <step title="Copying file: &apos;CleverSyncSOS.AdminPortal.pdb&apos;" date="2025-11-29T13:04:42.140" /><!-- duration: 0ms -->
            <step title="Copying file: &apos;publish\publish\publish\publish\publish\appsettings.Development.json&apos;" date="2025-11-29T13:04:42.172" /><!-- duration: 0ms -->
            <step title="Copying file: &apos;publish\publish\publish\publish\publish\appsettings.json&apos;" date="2025-11-29T13:04:42.190" /><!-- duration: 13ms -->
            <step title="Copying file: &apos;publish\publish\publish\publish\publish\appsettings.Production.json&apos;" date="2025-11-29T13:04:42.240" /><!-- duration: 0ms -->
            <step title="Copying file: &apos;publish\publish\publish\publish\publish\CleverSyncSOS.AdminPortal.deps.json&apos;" date="2025-11-29T13:04:42.250" /><!-- duration: 20ms -->
            <step title="Copying file: &apos;publish\publish\publish\publish\publish\CleverSyncSOS.AdminPortal.runtimeconfig.json&apos;" date="2025-11-29T13:04:42.281" /><!-- duration: 31ms -->
            <step title="Copying file: &apos;publish\publish\publish\publish\publish\CleverSyncSOS.AdminPortal.staticwebassets.endpoints.json&apos;" date="2025-11-29T13:04:42.343" /><!-- duration: 0ms -->
            <step title="Copying file: &apos;publish\publish\publish\publish\publish\web.config&apos;" date="2025-11-29T13:04:42.360" /><!-- duration: 20ms -->
            <step title="Deleting app_offline.htm" date="2025-11-29T13:04:42.390" /><!-- duration: 0ms -->
            <step title="Finished successfully." date="2025-11-29T13:04:42.441" /><!-- duration: 0ms -->
          </step><!-- duration: 2577ms -->
          <step title="Build completed succesfully." date="2025-11-29T13:04:42.625" /><!-- duration: 17ms -->
          <step title="Running post deployment command(s)..." date="2025-11-29T13:04:42.875" /><!-- duration: 0ms -->
          <step title="Requesting site restart" date="2025-11-29T13:04:42.984" /><!-- duration: 0ms -->
          <step title="Requesting site restart" date="2025-11-29T13:04:43.004" /><!-- duration: 12ms -->
          <step title="Requesting site restart. Attempt #1" date="2025-11-29T13:04:43.156" /><!-- duration: 0ms -->
          <step title="Requesting site restart. Attempt #1" date="2025-11-29T13:04:43.175" /><!-- duration: 13ms -->
          <step title="Successfully requested a restart. Attempt #1" date="2025-11-29T13:04:43.468" /><!-- duration: 0ms -->
          <step title="Successfully requested a restart. Attempt #1" date="2025-11-29T13:04:43.486" /><!-- duration: 0ms -->
          <step title="Deployment successful. DEPLOYMENTINFO: deploymentPath = OneDeploy, deployer = OneDeploy, os = windows, sku = Standard, siteName = CleverSyncSOS, siteHostName = cleversyncsos.azurewebsites.net, deploymentStatus = Success" date="2025-11-29T13:04:43.597" /><!-- duration: 12ms -->
        </step><!-- duration: 4598ms -->
      </step><!-- duration: 5078ms -->
      <step title="Cleaning up temp files" date="2025-11-29T13:04:43.859" /><!-- duration: 19ms -->
      <step title="Skip function trigger and logicapp sync because function is not enabled." date="2025-11-29T13:04:43.890" /><!-- duration: 0ms -->
    </step><!-- duration: 7500ms -->
    <step title="LockFile &apos;C:\home\site\locks\deployments.lock&apos; released" date="2025-11-29T13:04:44.031" /><!-- duration: 0ms -->
    <step title="Deleting shutdown sentinel file" date="2025-11-29T13:04:44.049" SemaphoreCount="8" /><!-- duration: 0ms -->
  </step><!-- duration: 7920ms -->
  <step title="Outgoing response" date="2025-11-29T13:04:44.129" type="response" statusCode="200" statusText="OK" Server="Microsoft-IIS/10.0" x-ms-request-id="f22716dd-cd23-11f0-85ba-e02e0bc384b1" Cache-Control="private" X-AspNet-Version="4.0.30319" /><!-- duration: 73ms -->
</step><!-- duration: 8256ms -->
