<step title="Incoming Request" date="2025-11-30T22:49:22.194" instance="eef76b" url="/api/publish?type=zip" method="POST" type="request" pid="15916,2,9" Cache-Control="no-cache" Content-Length="9140075" Content-Type="application/octet-stream" Accept="*/*" Accept-Encoding="gzip, deflate" Authorization="Bas..." Host="cleversyncsos.scm.azurewebsites.net" User-Agent="AZURECLI/2.79.0 (MSI)" x-ms-client-request-id="cdb00d12-ce3e-11f0-84e4-e02e0bc384b1" X-ARR-LOG-ID="cdb00d12-ce3e-11f0-84e4-e02e0bc384b1" CLIENT-IP="208.102.8.31:50308" X-SITE-DEPLOYMENT-ID="CleverSyncSOS" WAS-DEFAULT-HOSTNAME="cleversyncsos.scm.azurewebsites.net" X-Forwarded-Proto="https" X-AppService-Proto="https" X-Forwarded-TlsVersion="1.3" X-WAWS-Unencoded-URL="/api/publish?type=zip" >
  <step title="Cleanup Xml Logs" date="2025-11-30T22:49:22.209" /><!-- duration: 0ms -->
  <step title="OneDeploy" date="2025-11-30T22:49:22.272" >
    <step title="Starting PushDeployAsync" date="2025-11-30T22:49:22.288" /><!-- duration: 0ms -->
    <step title="Updating shutdown sentinel last write time" date="2025-11-30T22:49:22.381" SemaphoreCount="7" /><!-- duration: 0ms -->
    <step title="LockFile &apos;C:\home\site\locks\deployments.lock&apos; acquired" date="2025-11-30T22:49:22.428" /><!-- duration: 0ms -->
    <step title="Saving request content to C:\local\Temp\zipdeploy\sasv4nep.zip" date="2025-11-30T22:49:22.444" >
      <step title="Total 9,140,075 bytes written to C:\local\Temp\zipdeploy\sasv4nep.zip" date="2025-11-30T22:49:22.649" /><!-- duration: 14ms -->
    </step><!-- duration: 219ms -->
    <step title="LockFile &apos;C:\home\site\locks\deployments.lock&apos; released" date="2025-11-30T22:49:22.662" /><!-- duration: 0ms -->
    <step title="Deleting shutdown sentinel file" date="2025-11-30T22:49:22.662" SemaphoreCount="8" /><!-- duration: 16ms -->
    <step title="Starting FetchDeploy" date="2025-11-30T22:49:22.678" /><!-- duration: 16ms -->
    <step title="Attempting to fetch target branch HEAD" date="2025-11-30T22:49:22.694" /><!-- duration: 16ms -->
    <step title="Updating shutdown sentinel last write time" date="2025-11-30T22:49:22.760" SemaphoreCount="7" /><!-- duration: 12ms -->
    <step title="LockFile &apos;C:\home\site\locks\deployments.lock&apos; acquired" date="2025-11-30T22:49:22.790" /><!-- duration: 0ms -->
    <step title="Performing fetch based deployment" date="2025-11-30T22:49:22.820" >
      <step title="Creating temporary deployment" date="2025-11-30T22:49:22.840" /><!-- duration: 213ms -->
      <step title="Fetching changes." date="2025-11-30T22:49:23.462" /><!-- duration: 0ms -->
      <step title="Starting LocalZipHandler" date="2025-11-30T22:49:23.462" /><!-- duration: 0ms -->
      <step title="Starting LocalZipFetch" date="2025-11-30T22:49:23.475" /><!-- duration: 0ms -->
      <step title="Cleaning up temp folders from previous zip deployments and extracting pushed zip file C:\local\Temp\zipdeploy\sasv4nep.zip (8.72 MB) to C:\local\Temp\zipdeploy\extracted" date="2025-11-30T22:49:23.475" /><!-- duration: 0ms -->
      <step title="Cleaning up temp folders from previous zip deployments and extracting pushed zip file C:\local\Temp\zipdeploy\sasv4nep.zip (8.72 MB) to C:\local\Temp\zipdeploy\extracted" date="2025-11-30T22:49:23.491" >
        <step title="Renaming extractTargetDirectory(C:\local\Temp\zipdeploy\extracted) to tempDirectory(C:\local\Temp\zipdeploy\p00vkmly.2b1)" date="2025-11-30T22:49:23.491" /><!-- duration: 22ms -->
        <step title="Extracting 136 entries to C:\local\Temp\zipdeploy\extracted directory" date="2025-11-30T22:49:23.522" >
          <step title="Extracting to C:\local\Temp\zipdeploy\extracted\publish-output\appsettings.Development.json ..." date="2025-11-30T22:49:23.756" /><!-- duration: 17ms -->
          <step title="Extracting to C:\local\Temp\zipdeploy\extracted\publish-output\appsettings.json ..." date="2025-11-30T22:49:23.788" /><!-- duration: 0ms -->
          <step title="Extracting to C:\local\Temp\zipdeploy\extracted\publish-output\appsettings.Production.json ..." date="2025-11-30T22:49:23.788" /><!-- duration: 16ms -->
          <step title="Extracting to C:\local\Temp\zipdeploy\extracted\publish-output\CleverSyncSOS.AdminPortal.deps.json ..." date="2025-11-30T22:49:23.804" /><!-- duration: 0ms -->
          <step title="Extracting to C:\local\Temp\zipdeploy\extracted\publish-output\CleverSyncSOS.AdminPortal.runtimeconfig.json ..." date="2025-11-30T22:49:23.804" /><!-- duration: 15ms -->
          <step title="Omitting extracting file traces ..." date="2025-11-30T22:49:23.834" /><!-- duration: 0ms -->
        </step><!-- duration: 2850ms -->
      </step><!-- duration: 2972ms -->
      <step title="None repository commit" date="2025-11-30T22:49:26.512" >
        <step title="Commit id: fd5475ee3fcd4a2db66f1803761c52d7" date="2025-11-30T22:49:26.553" Message="OneDeploy" AuthorName="N/A" AuthorEmail="N/A" /><!-- duration: 20ms -->
      </step><!-- duration: 72ms -->
      <step title="Before sending BuildRequestReceived status to /api/updatedeploystatus" date="2025-11-30T22:49:26.603" /><!-- duration: 13ms -->
      <step title="DeploymentManager.Deploy(id:fd5475ee3fcd4a2db66f1803761c52d7)" date="2025-11-30T22:49:26.633" >
        <step title="Collecting changeset information" date="2025-11-30T22:49:26.663" /><!-- duration: 111ms -->
        <step title="Updating submodules" date="2025-11-30T22:49:26.804" >
          <step title="Updating submodules." date="2025-11-30T22:49:26.897" /><!-- duration: 18ms -->
        </step><!-- duration: 124ms -->
        <step title="Preparing deployment for commit id &apos;fd5475ee3f&apos;." date="2025-11-30T22:49:27.288" /><!-- duration: 0ms -->
        <step title="Determining deployment builder" date="2025-11-30T22:49:27.397" >
          <step title="Builder is OneDeployBuilder" date="2025-11-30T22:49:27.397" /><!-- duration: 31ms -->
        </step><!-- duration: 31ms -->
        <step title="Copying SSH keys" date="2025-11-30T22:49:27.678" /><!-- duration: 20ms -->
        <step title="Building" date="2025-11-30T22:49:27.698" >
          <step title="Running build. Project type: OneDeploy" date="2025-11-30T22:49:28.914" /><!-- duration: 0ms -->
          <step title="Copying the manifest" date="2025-11-30T22:49:29.196" /><!-- duration: 0ms -->
          <step title="Clean deploying to C:\home\site\wwwroot" date="2025-11-30T22:49:29.319" /><!-- duration: 18ms -->
          <step title="Generating deployment script." date="2025-11-30T22:49:29.528" /><!-- duration: 10ms -->
          <step title="Generating deployment script" date="2025-11-30T22:49:29.538" >
            <step title="Using cached version of the deployment script for command: -y --no-dot-deployment -r &quot;C:\local\Temp\zipdeploy\extracted&quot; -o &quot;C:\home\site\deployments\tools&quot; --basic --sitePath &quot;C:\local\Temp\zipdeploy\extracted&quot;" date="2025-11-30T22:49:29.648" /><!-- duration: 0ms -->
            <step title="Using cached version of deployment script (command: &apos;azure -y --no-dot-deployment -r &quot;C:\local\Temp\zipdeploy\extracted&quot; -o &quot;C:\home\site\deployments\tools&quot; --basic --sitePath &quot;C:\local\Temp\zipdeploy\extracted&quot;&apos;)." date="2025-11-30T22:49:29.678" /><!-- duration: 0ms -->
          </step><!-- duration: 172ms -->
          <step title="Running deployment command..." date="2025-11-30T22:49:30.351" /><!-- duration: 50ms -->
          <step title="Command: &quot;C:\home\site\deployments\tools\deploy.cmd&quot;" date="2025-11-30T22:49:30.432" /><!-- duration: 12ms -->
          <step title="Executing external process" date="2025-11-30T22:49:30.492" type="process" path="starter.cmd" arguments="&quot;C:\home\site\deployments\tools\deploy.cmd&quot;" >
            <step title="Handling Basic Web Site deployment." date="2025-11-30T22:49:32.262" /><!-- duration: 10ms -->
            <step title="Creating app_offline.htm" date="2025-11-30T22:49:33.165" /><!-- duration: 0ms -->
            <step title="KuduSync.NET from: &apos;C:\local\Temp\zipdeploy\extracted&apos; to: &apos;C:\home\site\wwwroot&apos;" date="2025-11-30T22:49:33.178" /><!-- duration: 0ms -->
            <step title="Copying file: &apos;CleverSyncSOS.AdminPortal.dll&apos;" date="2025-11-30T22:49:33.216" /><!-- duration: 10ms -->
            <step title="Copying file: &apos;CleverSyncSOS.AdminPortal.exe&apos;" date="2025-11-30T22:49:33.246" /><!-- duration: 0ms -->
            <step title="Copying file: &apos;CleverSyncSOS.AdminPortal.pdb&apos;" date="2025-11-30T22:49:33.256" /><!-- duration: 20ms -->
            <step title="Copying file: &apos;CleverSyncSOS.Core.dll&apos;" date="2025-11-30T22:49:33.276" /><!-- duration: 12ms -->
            <step title="Copying file: &apos;CleverSyncSOS.Core.pdb&apos;" date="2025-11-30T22:49:33.288" /><!-- duration: 0ms -->
            <step title="Deleting app_offline.htm" date="2025-11-30T22:49:33.288" /><!-- duration: 16ms -->
            <step title="Finished successfully." date="2025-11-30T22:49:33.303" /><!-- duration: 0ms -->
          </step><!-- duration: 2827ms -->
          <step title="Build completed succesfully." date="2025-11-30T22:49:33.366" /><!-- duration: 0ms -->
          <step title="Running post deployment command(s)..." date="2025-11-30T22:49:33.413" /><!-- duration: 0ms -->
          <step title="Requesting site restart" date="2025-11-30T22:49:33.444" /><!-- duration: 0ms -->
          <step title="Requesting site restart" date="2025-11-30T22:49:33.460" /><!-- duration: 0ms -->
          <step title="Requesting site restart. Attempt #1" date="2025-11-30T22:49:33.508" /><!-- duration: 0ms -->
          <step title="Requesting site restart. Attempt #1" date="2025-11-30T22:49:33.508" /><!-- duration: 0ms -->
          <step title="Successfully requested a restart. Attempt #1" date="2025-11-30T22:49:33.710" /><!-- duration: 0ms -->
          <step title="Successfully requested a restart. Attempt #1" date="2025-11-30T22:49:33.725" /><!-- duration: 32ms -->
          <step title="Deployment successful. DEPLOYMENTINFO: deploymentPath = OneDeploy, deployer = OneDeploy, os = windows, sku = Standard, siteName = CleverSyncSOS, siteHostName = cleversyncsos.azurewebsites.net, deploymentStatus = Success" date="2025-11-30T22:49:33.866" /><!-- duration: 0ms -->
          <step title="Purge deployment items" date="2025-11-30T22:49:33.975" >
            <step title="Remove 9810bca96, Success, received at 11/30/2025 8:13:50 PM" date="2025-11-30T22:49:34.006" /><!-- duration: 16ms -->
          </step><!-- duration: 47ms -->
        </step><!-- duration: 6386ms -->
      </step><!-- duration: 7452ms -->
      <step title="Cleaning up temp files" date="2025-11-30T22:49:34.105" /><!-- duration: 11ms -->
      <step title="Skip function trigger and logicapp sync because function is not enabled." date="2025-11-30T22:49:34.147" /><!-- duration: 0ms -->
    </step><!-- duration: 11405ms -->
    <step title="LockFile &apos;C:\home\site\locks\deployments.lock&apos; released" date="2025-11-30T22:49:34.245" /><!-- duration: 0ms -->
    <step title="Deleting shutdown sentinel file" date="2025-11-30T22:49:34.256" SemaphoreCount="8" /><!-- duration: 19ms -->
  </step><!-- duration: 12004ms -->
  <step title="Outgoing response" date="2025-11-30T22:49:34.288" type="response" statusCode="200" statusText="OK" Server="Microsoft-IIS/10.0" x-ms-request-id="cdb00d12-ce3e-11f0-84e4-e02e0bc384b1" Cache-Control="private" X-AspNet-Version="4.0.30319" /><!-- duration: 18ms -->
</step><!-- duration: 12125ms -->
