﻿<?xml version="1.0" encoding="utf-8"?>
<deployment>
  <id>a0edd1ee11a546b79a56d74e9c595260</id>
  <author>N/A</author>
  <deployer>ZipDeploy</deployer>
  <authorEmail>N/A</authorEmail>
  <message>Created via a push deployment</message>
  <progress></progress>
  <status>Success</status>
  <statusText></statusText>
  <lastSuccessEndTime>2025-11-28T20:13:43.9369989Z</lastSuccessEndTime>
  <receivedTime>2025-11-28T20:13:42.2178126Z</receivedTime>
  <startTime>2025-11-28T20:13:42.8274878Z</startTime>
  <endTime>2025-11-28T20:13:43.9369989Z</endTime>
  <complete>True</complete>
  <is_temp>False</is_temp>
  <is_readonly>True</is_readonly>
  <project_type>Run-From-Zip</project_type>
  <vsproject_id></vsproject_id>
</deployment>