﻿<?xml version="1.0" encoding="utf-8"?>
<deployment>
  <id>9810bca965674da18c940a0d9cdca3b8</id>
  <author>N/A</author>
  <deployer>ZipDeploy</deployer>
  <authorEmail>N/A</authorEmail>
  <message>Created via a push deployment</message>
  <progress></progress>
  <status>Success</status>
  <statusText></statusText>
  <lastSuccessEndTime>2025-11-30T20:14:03.3024341Z</lastSuccessEndTime>
  <receivedTime>2025-11-30T20:13:50.5845525Z</receivedTime>
  <startTime>2025-11-30T20:13:51.7398485Z</startTime>
  <endTime>2025-11-30T20:14:03.3024341Z</endTime>
  <complete>True</complete>
  <is_temp>False</is_temp>
  <is_readonly>True</is_readonly>
  <project_type>BASIC</project_type>
  <vsproject_id></vsproject_id>
</deployment>