﻿<?xml version="1.0" encoding="utf-8"?>
<deployment>
  <id>cf33a1b9891146ca9fb10d9660d200e3</id>
  <author>N/A</author>
  <deployer>OneDeploy</deployer>
  <authorEmail>N/A</authorEmail>
  <message>OneDeploy</message>
  <progress></progress>
  <status>Success</status>
  <statusText></statusText>
  <lastSuccessEndTime>2025-11-30T23:38:54.2456226Z</lastSuccessEndTime>
  <receivedTime>2025-11-30T23:38:37.9947799Z</receivedTime>
  <startTime>2025-11-30T23:38:38.2582291Z</startTime>
  <endTime>2025-11-30T23:38:54.2456226Z</endTime>
  <complete>True</complete>
  <is_temp>False</is_temp>
  <is_readonly>True</is_readonly>
  <project_type>OneDeploy</project_type>
  <vsproject_id></vsproject_id>
</deployment>