<step title="Incoming Request" date="2025-11-29T13:21:36.538" instance="eef76b" url="/api/publish?type=zip" method="POST" type="request" pid="8604,2,61" Cache-Control="no-cache" Content-Length="7974468" Content-Type="application/octet-stream" Accept="*/*" Accept-Encoding="gzip, deflate" Authorization="Bas..." Host="cleversyncsos.scm.azurewebsites.net" User-Agent="AZURECLI/2.79.0 (MSI)" x-ms-client-request-id="524bd3fb-cd26-11f0-b2e6-e02e0bc384b1" X-ARR-LOG-ID="524bd3fb-cd26-11f0-b2e6-e02e0bc384b1" CLIENT-IP="208.102.8.31:57716" X-SITE-DEPLOYMENT-ID="CleverSyncSOS" WAS-DEFAULT-HOSTNAME="cleversyncsos.scm.azurewebsites.net" X-Forwarded-Proto="https" X-AppService-Proto="https" X-Forwarded-TlsVersion="1.3" X-WAWS-Unencoded-URL="/api/publish?type=zip" >
  <step title="Cleanup Xml Logs" date="2025-11-29T13:21:36.538" /><!-- duration: 0ms -->
  <step title="OneDeploy" date="2025-11-29T13:21:36.568" >
    <step title="Starting PushDeployAsync" date="2025-11-29T13:21:36.568" /><!-- duration: 0ms -->
    <step title="Updating shutdown sentinel last write time" date="2025-11-29T13:21:36.598" SemaphoreCount="7" /><!-- duration: 0ms -->
    <step title="LockFile &apos;C:\home\site\locks\deployments.lock&apos; acquired" date="2025-11-29T13:21:36.613" /><!-- duration: 0ms -->
    <step title="Saving request content to C:\local\Temp\zipdeploy\l0yt0rda.zip" date="2025-11-29T13:21:36.628" >
      <step title="Total 7,974,468 bytes written to C:\local\Temp\zipdeploy\l0yt0rda.zip" date="2025-11-29T13:21:36.800" /><!-- duration: 0ms -->
    </step><!-- duration: 172ms -->
    <step title="LockFile &apos;C:\home\site\locks\deployments.lock&apos; released" date="2025-11-29T13:21:36.816" /><!-- duration: 0ms -->
    <step title="Deleting shutdown sentinel file" date="2025-11-29T13:21:36.816" SemaphoreCount="8" /><!-- duration: 0ms -->
    <step title="Starting FetchDeploy" date="2025-11-29T13:21:36.832" /><!-- duration: 0ms -->
    <step title="Attempting to fetch target branch HEAD" date="2025-11-29T13:21:36.832" /><!-- duration: 0ms -->
    <step title="Updating shutdown sentinel last write time" date="2025-11-29T13:21:36.849" SemaphoreCount="7" /><!-- duration: 0ms -->
    <step title="LockFile &apos;C:\home\site\locks\deployments.lock&apos; acquired" date="2025-11-29T13:21:36.863" /><!-- duration: 0ms -->
    <step title="Performing fetch based deployment" date="2025-11-29T13:21:36.878" >
      <step title="Creating temporary deployment" date="2025-11-29T13:21:36.878" /><!-- duration: 31ms -->
      <step title="Fetching changes." date="2025-11-29T13:21:37.003" /><!-- duration: 32ms -->
      <step title="Starting LocalZipHandler" date="2025-11-29T13:21:37.116" /><!-- duration: 0ms -->
      <step title="Starting LocalZipFetch" date="2025-11-29T13:21:37.116" /><!-- duration: 0ms -->
      <step title="Cleaning up temp folders from previous zip deployments and extracting pushed zip file C:\local\Temp\zipdeploy\l0yt0rda.zip (7.61 MB) to C:\local\Temp\zipdeploy\extracted" date="2025-11-29T13:21:37.128" /><!-- duration: 0ms -->
      <step title="Cleaning up temp folders from previous zip deployments and extracting pushed zip file C:\local\Temp\zipdeploy\l0yt0rda.zip (7.61 MB) to C:\local\Temp\zipdeploy\extracted" date="2025-11-29T13:21:37.128" >
        <step title="Renaming extractTargetDirectory(C:\local\Temp\zipdeploy\extracted) to tempDirectory(C:\local\Temp\zipdeploy\xa5ylrks.h2y)" date="2025-11-29T13:21:37.128" /><!-- duration: 0ms -->
        <step title="Extracting 177 entries to C:\local\Temp\zipdeploy\extracted directory" date="2025-11-29T13:21:37.347" >
          <step title="Extracting to C:\local\Temp\zipdeploy\extracted\publish\appsettings.Development.json ..." date="2025-11-29T13:21:37.410" /><!-- duration: 18ms -->
          <step title="Extracting to C:\local\Temp\zipdeploy\extracted\publish\appsettings.json ..." date="2025-11-29T13:21:37.427" /><!-- duration: 14ms -->
          <step title="Extracting to C:\local\Temp\zipdeploy\extracted\publish\appsettings.Production.json ..." date="2025-11-29T13:21:37.441" /><!-- duration: 0ms -->
          <step title="Extracting to C:\local\Temp\zipdeploy\extracted\publish\CleverSyncSOS.AdminPortal.deps.json ..." date="2025-11-29T13:21:37.441" /><!-- duration: 17ms -->
          <step title="Extracting to C:\local\Temp\zipdeploy\extracted\publish\CleverSyncSOS.AdminPortal.runtimeconfig.json ..." date="2025-11-29T13:21:37.457" /><!-- duration: 0ms -->
          <step title="Omitting extracting file traces ..." date="2025-11-29T13:21:37.457" /><!-- duration: 15ms -->
        </step><!-- duration: 1703ms -->
      </step><!-- duration: 1922ms -->
      <step title="None repository commit" date="2025-11-29T13:21:39.050" >
        <step title="Commit id: cc0c91835e2146c999fcae1187636df2" date="2025-11-29T13:21:39.113" Message="OneDeploy" AuthorName="N/A" AuthorEmail="N/A" /><!-- duration: 47ms -->
      </step><!-- duration: 129ms -->
      <step title="Before sending BuildRequestReceived status to /api/updatedeploystatus" date="2025-11-29T13:21:39.191" /><!-- duration: 0ms -->
      <step title="DeploymentManager.Deploy(id:cc0c91835e2146c999fcae1187636df2)" date="2025-11-29T13:21:39.209" >
        <step title="Collecting changeset information" date="2025-11-29T13:21:39.222" /><!-- duration: 31ms -->
        <step title="Updating submodules" date="2025-11-29T13:21:39.270" >
          <step title="Updating submodules." date="2025-11-29T13:21:39.378" /><!-- duration: 0ms -->
        </step><!-- duration: 109ms -->
        <step title="Preparing deployment for commit id &apos;cc0c91835e&apos;." date="2025-11-29T13:21:39.597" /><!-- duration: 0ms -->
        <step title="Determining deployment builder" date="2025-11-29T13:21:39.660" >
          <step title="Builder is OneDeployBuilder" date="2025-11-29T13:21:39.660" /><!-- duration: 0ms -->
        </step><!-- duration: 0ms -->
        <step title="Copying SSH keys" date="2025-11-29T13:21:39.677" /><!-- duration: 0ms -->
        <step title="Building" date="2025-11-29T13:21:39.691" >
          <step title="Running build. Project type: OneDeploy" date="2025-11-29T13:21:39.769" /><!-- duration: 69ms -->
          <step title="Copying the manifest" date="2025-11-29T13:21:39.957" /><!-- duration: 0ms -->
          <step title="Clean deploying to C:\home\site\wwwroot" date="2025-11-29T13:21:40.019" /><!-- duration: 0ms -->
          <step title="Generating deployment script." date="2025-11-29T13:21:40.253" /><!-- duration: 17ms -->
          <step title="Generating deployment script" date="2025-11-29T13:21:40.270" >
            <step title="Using cached version of the deployment script for command: -y --no-dot-deployment -r &quot;C:\local\Temp\zipdeploy\extracted&quot; -o &quot;C:\home\site\deployments\tools&quot; --basic --sitePath &quot;C:\local\Temp\zipdeploy\extracted&quot;" date="2025-11-29T13:21:40.320" /><!-- duration: 11ms -->
            <step title="Using cached version of deployment script (command: &apos;azure -y --no-dot-deployment -r &quot;C:\local\Temp\zipdeploy\extracted&quot; -o &quot;C:\home\site\deployments\tools&quot; --basic --sitePath &quot;C:\local\Temp\zipdeploy\extracted&quot;&apos;)." date="2025-11-29T13:21:40.363" /><!-- duration: 0ms -->
          </step><!-- duration: 124ms -->
          <step title="Running deployment command..." date="2025-11-29T13:21:40.425" /><!-- duration: 0ms -->
          <step title="Command: &quot;C:\home\site\deployments\tools\deploy.cmd&quot;" date="2025-11-29T13:21:40.444" /><!-- duration: 13ms -->
          <step title="Executing external process" date="2025-11-29T13:21:40.474" type="process" path="starter.cmd" arguments="&quot;C:\home\site\deployments\tools\deploy.cmd&quot;" >
            <step title="Handling Basic Web Site deployment." date="2025-11-29T13:21:41.128" /><!-- duration: 0ms -->
            <step title="Creating app_offline.htm" date="2025-11-29T13:21:43.301" /><!-- duration: 0ms -->
            <step title="KuduSync.NET from: &apos;C:\local\Temp\zipdeploy\extracted&apos; to: &apos;C:\home\site\wwwroot&apos;" date="2025-11-29T13:21:43.321" /><!-- duration: 11ms -->
            <step title="Copying file: &apos;CleverSyncSOS.AdminPortal.dll&apos;" date="2025-11-29T13:21:43.351" /><!-- duration: 30ms -->
            <step title="Copying file: &apos;CleverSyncSOS.AdminPortal.exe&apos;" date="2025-11-29T13:21:43.412" /><!-- duration: 0ms -->
            <step title="Copying file: &apos;CleverSyncSOS.AdminPortal.pdb&apos;" date="2025-11-29T13:21:43.442" /><!-- duration: 20ms -->
            <step title="Copying file: &apos;CleverSyncSOS.Core.dll&apos;" date="2025-11-29T13:21:43.504" /><!-- duration: 31ms -->
            <step title="Copying file: &apos;CleverSyncSOS.Core.pdb&apos;" date="2025-11-29T13:21:43.598" /><!-- duration: 0ms -->
            <step title="Copying file: &apos;publish\publish\publish\publish\publish\publish\publish\publish\appsettings.Development.json&apos;" date="2025-11-29T13:21:43.598" /><!-- duration: 0ms -->
            <step title="Copying file: &apos;publish\publish\publish\publish\publish\publish\publish\publish\appsettings.json&apos;" date="2025-11-29T13:21:43.613" /><!-- duration: 0ms -->
            <step title="Copying file: &apos;publish\publish\publish\publish\publish\publish\publish\publish\appsettings.Production.json&apos;" date="2025-11-29T13:21:43.629" /><!-- duration: 0ms -->
            <step title="Copying file: &apos;publish\publish\publish\publish\publish\publish\publish\publish\CleverSyncSOS.AdminPortal.deps.json&apos;" date="2025-11-29T13:21:43.644" /><!-- duration: 0ms -->
            <step title="Copying file: &apos;publish\publish\publish\publish\publish\publish\publish\publish\CleverSyncSOS.AdminPortal.runtimeconfig.json&apos;" date="2025-11-29T13:21:43.660" /><!-- duration: 0ms -->
            <step title="Copying file: &apos;publish\publish\publish\publish\publish\publish\publish\publish\CleverSyncSOS.AdminPortal.staticwebassets.endpoints.json&apos;" date="2025-11-29T13:21:47.071" /><!-- duration: 20ms -->
            <step title="Copying file: &apos;publish\publish\publish\publish\publish\publish\publish\publish\web.config&apos;" date="2025-11-29T13:21:47.122" /><!-- duration: 0ms -->
            <step title="Deleting app_offline.htm" date="2025-11-29T13:21:47.152" /><!-- duration: 0ms -->
            <step title="Finished successfully." date="2025-11-29T13:21:47.353" /><!-- duration: 20ms -->
          </step><!-- duration: 6941ms -->
          <step title="Build completed succesfully." date="2025-11-29T13:21:48.029" /><!-- duration: 0ms -->
          <step title="Running post deployment command(s)..." date="2025-11-29T13:21:48.310" /><!-- duration: 10ms -->
          <step title="Requesting site restart" date="2025-11-29T13:21:48.790" /><!-- duration: 109ms -->
          <step title="Requesting site restart" date="2025-11-29T13:21:49.180" /><!-- duration: 38ms -->
          <step title="Requesting site restart. Attempt #1" date="2025-11-29T13:21:50.415" /><!-- duration: 0ms -->
          <step title="Requesting site restart. Attempt #1" date="2025-11-29T13:21:50.493" /><!-- duration: 0ms -->
          <step title="Successfully requested a restart. Attempt #1" date="2025-11-29T13:21:50.794" /><!-- duration: 11ms -->
          <step title="Successfully requested a restart. Attempt #1" date="2025-11-29T13:21:50.805" /><!-- duration: 19ms -->
          <step title="Deployment successful. DEPLOYMENTINFO: deploymentPath = OneDeploy, deployer = OneDeploy, os = windows, sku = Standard, siteName = CleverSyncSOS, siteHostName = cleversyncsos.azurewebsites.net, deploymentStatus = Success" date="2025-11-29T13:21:51.477" /><!-- duration: 20ms -->
        </step><!-- duration: 12008ms -->
      </step><!-- duration: 12489ms -->
      <step title="Cleaning up temp files" date="2025-11-29T13:21:51.712" /><!-- duration: 0ms -->
      <step title="Skip function trigger and logicapp sync because function is not enabled." date="2025-11-29T13:21:51.728" /><!-- duration: 0ms -->
    </step><!-- duration: 14931ms -->
    <step title="LockFile &apos;C:\home\site\locks\deployments.lock&apos; released" date="2025-11-29T13:21:51.821" /><!-- duration: 0ms -->
    <step title="Deleting shutdown sentinel file" date="2025-11-29T13:21:51.839" SemaphoreCount="8" /><!-- duration: 0ms -->
  </step><!-- duration: 15285ms -->
  <step title="Outgoing response" date="2025-11-29T13:21:51.869" type="response" statusCode="200" statusText="OK" Server="Microsoft-IIS/10.0" x-ms-request-id="524bd3fb-cd26-11f0-b2e6-e02e0bc384b1" Cache-Control="private" X-AspNet-Version="4.0.30319" /><!-- duration: 0ms -->
</step><!-- duration: 15332ms -->
