<step title="Incoming Request" date="2025-11-29T13:28:36.254" instance="eef76b" url="/api/publish?type=zip" method="POST" type="request" pid="8604,2,58" Cache-Control="no-cache" Content-Length="8006091" Content-Type="application/octet-stream" Accept="*/*" Accept-Encoding="gzip, deflate" Authorization="Bas..." Host="cleversyncsos.scm.azurewebsites.net" User-Agent="AZURECLI/2.79.0 (MSI)" x-ms-client-request-id="4d72b53a-cd27-11f0-adcf-e02e0bc384b1" X-ARR-LOG-ID="4d72b53a-cd27-11f0-adcf-e02e0bc384b1" CLIENT-IP="208.102.8.31:52407" X-SITE-DEPLOYMENT-ID="CleverSyncSOS" WAS-DEFAULT-HOSTNAME="cleversyncsos.scm.azurewebsites.net" X-Forwarded-Proto="https" X-AppService-Proto="https" X-Forwarded-TlsVersion="1.3" X-WAWS-Unencoded-URL="/api/publish?type=zip" >
  <step title="Cleanup Xml Logs" date="2025-11-29T13:28:36.254" /><!-- duration: 16ms -->
  <step title="OneDeploy" date="2025-11-29T13:28:36.285" >
    <step title="Starting PushDeployAsync" date="2025-11-29T13:28:36.285" /><!-- duration: 0ms -->
    <step title="Updating shutdown sentinel last write time" date="2025-11-29T13:28:36.304" SemaphoreCount="7" /><!-- duration: 0ms -->
    <step title="LockFile &apos;C:\home\site\locks\deployments.lock&apos; acquired" date="2025-11-29T13:28:36.316" /><!-- duration: 0ms -->
    <step title="Saving request content to C:\local\Temp\zipdeploy\rrojd5vh.zip" date="2025-11-29T13:28:36.316" >
      <step title="Total 8,006,091 bytes written to C:\local\Temp\zipdeploy\rrojd5vh.zip" date="2025-11-29T13:28:36.504" /><!-- duration: 16ms -->
    </step><!-- duration: 203ms -->
    <step title="LockFile &apos;C:\home\site\locks\deployments.lock&apos; released" date="2025-11-29T13:28:36.520" /><!-- duration: 17ms -->
    <step title="Deleting shutdown sentinel file" date="2025-11-29T13:28:36.536" SemaphoreCount="8" /><!-- duration: 0ms -->
    <step title="Starting FetchDeploy" date="2025-11-29T13:28:36.536" /><!-- duration: 0ms -->
    <step title="Attempting to fetch target branch HEAD" date="2025-11-29T13:28:36.551" /><!-- duration: 0ms -->
    <step title="Updating shutdown sentinel last write time" date="2025-11-29T13:28:36.551" SemaphoreCount="7" /><!-- duration: 0ms -->
    <step title="LockFile &apos;C:\home\site\locks\deployments.lock&apos; acquired" date="2025-11-29T13:28:36.613" /><!-- duration: 0ms -->
    <step title="Performing fetch based deployment" date="2025-11-29T13:28:36.613" >
      <step title="Creating temporary deployment" date="2025-11-29T13:28:36.629" /><!-- duration: 16ms -->
      <step title="Fetching changes." date="2025-11-29T13:28:36.692" /><!-- duration: 0ms -->
      <step title="Starting LocalZipHandler" date="2025-11-29T13:28:36.692" /><!-- duration: 15ms -->
      <step title="Starting LocalZipFetch" date="2025-11-29T13:28:36.723" /><!-- duration: 18ms -->
      <step title="Cleaning up temp folders from previous zip deployments and extracting pushed zip file C:\local\Temp\zipdeploy\rrojd5vh.zip (7.64 MB) to C:\local\Temp\zipdeploy\extracted" date="2025-11-29T13:28:36.741" /><!-- duration: 13ms -->
      <step title="Cleaning up temp folders from previous zip deployments and extracting pushed zip file C:\local\Temp\zipdeploy\rrojd5vh.zip (7.64 MB) to C:\local\Temp\zipdeploy\extracted" date="2025-11-29T13:28:36.771" >
        <step title="Renaming extractTargetDirectory(C:\local\Temp\zipdeploy\extracted) to tempDirectory(C:\local\Temp\zipdeploy\bu1tsoid.zme)" date="2025-11-29T13:28:36.771" /><!-- duration: 30ms -->
        <step title="Extracting 191 entries to C:\local\Temp\zipdeploy\extracted directory" date="2025-11-29T13:28:37.004" >
          <step title="Extracting to C:\local\Temp\zipdeploy\extracted\publish\appsettings.Development.json ..." date="2025-11-29T13:28:37.102" /><!-- duration: 11ms -->
          <step title="Extracting to C:\local\Temp\zipdeploy\extracted\publish\appsettings.json ..." date="2025-11-29T13:28:37.113" /><!-- duration: 19ms -->
          <step title="Extracting to C:\local\Temp\zipdeploy\extracted\publish\appsettings.Production.json ..." date="2025-11-29T13:28:37.162" /><!-- duration: 30ms -->
          <step title="Extracting to C:\local\Temp\zipdeploy\extracted\publish\CleverSyncSOS.AdminPortal.deps.json ..." date="2025-11-29T13:28:37.192" /><!-- duration: 20ms -->
          <step title="Extracting to C:\local\Temp\zipdeploy\extracted\publish\CleverSyncSOS.AdminPortal.runtimeconfig.json ..." date="2025-11-29T13:28:37.213" /><!-- duration: 10ms -->
          <step title="Omitting extracting file traces ..." date="2025-11-29T13:28:37.223" /><!-- duration: 0ms -->
        </step><!-- duration: 1846ms -->
      </step><!-- duration: 2079ms -->
      <step title="None repository commit" date="2025-11-29T13:28:38.880" >
        <step title="Commit id: 026afbbf8b3b49ee9c0db6e55402e4c8" date="2025-11-29T13:28:38.880" Message="OneDeploy" AuthorName="N/A" AuthorEmail="N/A" /><!-- duration: 20ms -->
      </step><!-- duration: 20ms -->
      <step title="Before sending BuildRequestReceived status to /api/updatedeploystatus" date="2025-11-29T13:28:38.910" /><!-- duration: 0ms -->
      <step title="DeploymentManager.Deploy(id:026afbbf8b3b49ee9c0db6e55402e4c8)" date="2025-11-29T13:28:38.910" >
        <step title="Collecting changeset information" date="2025-11-29T13:28:38.910" /><!-- duration: 80ms -->
        <step title="Updating submodules" date="2025-11-29T13:28:39.004" >
          <step title="Updating submodules." date="2025-11-29T13:28:39.067" /><!-- duration: 16ms -->
        </step><!-- duration: 78ms -->
        <step title="Preparing deployment for commit id &apos;026afbbf8b&apos;." date="2025-11-29T13:28:39.176" /><!-- duration: 0ms -->
        <step title="Determining deployment builder" date="2025-11-29T13:28:39.272" >
          <step title="Builder is OneDeployBuilder" date="2025-11-29T13:28:39.272" /><!-- duration: 0ms -->
        </step><!-- duration: 13ms -->
        <step title="Copying SSH keys" date="2025-11-29T13:28:39.285" /><!-- duration: 0ms -->
        <step title="Building" date="2025-11-29T13:28:39.301" >
          <step title="Running build. Project type: OneDeploy" date="2025-11-29T13:28:39.348" /><!-- duration: 16ms -->
          <step title="Copying the manifest" date="2025-11-29T13:28:39.507" /><!-- duration: 13ms -->
          <step title="Clean deploying to C:\home\site\wwwroot" date="2025-11-29T13:28:39.598" /><!-- duration: 0ms -->
          <step title="Generating deployment script." date="2025-11-29T13:28:39.660" /><!-- duration: 17ms -->
          <step title="Generating deployment script" date="2025-11-29T13:28:39.692" >
            <step title="Using cached version of the deployment script for command: -y --no-dot-deployment -r &quot;C:\local\Temp\zipdeploy\extracted&quot; -o &quot;C:\home\site\deployments\tools&quot; --basic --sitePath &quot;C:\local\Temp\zipdeploy\extracted&quot;" date="2025-11-29T13:28:39.708" /><!-- duration: 0ms -->
            <step title="Using cached version of deployment script (command: &apos;azure -y --no-dot-deployment -r &quot;C:\local\Temp\zipdeploy\extracted&quot; -o &quot;C:\home\site\deployments\tools&quot; --basic --sitePath &quot;C:\local\Temp\zipdeploy\extracted&quot;&apos;)." date="2025-11-29T13:28:39.788" /><!-- duration: 13ms -->
          </step><!-- duration: 177ms -->
          <step title="Running deployment command..." date="2025-11-29T13:28:39.929" /><!-- duration: 13ms -->
          <step title="Command: &quot;C:\home\site\deployments\tools\deploy.cmd&quot;" date="2025-11-29T13:28:39.959" /><!-- duration: 0ms -->
          <step title="Executing external process" date="2025-11-29T13:28:39.989" type="process" path="starter.cmd" arguments="&quot;C:\home\site\deployments\tools\deploy.cmd&quot;" >
            <step title="Handling Basic Web Site deployment." date="2025-11-29T13:28:40.713" /><!-- duration: 10ms -->
            <step title="Creating app_offline.htm" date="2025-11-29T13:28:41.754" /><!-- duration: 16ms -->
            <step title="KuduSync.NET from: &apos;C:\local\Temp\zipdeploy\extracted&apos; to: &apos;C:\home\site\wwwroot&apos;" date="2025-11-29T13:28:41.785" /><!-- duration: 18ms -->
            <step title="Copying file: &apos;CleverSyncSOS.AdminPortal.dll&apos;" date="2025-11-29T13:28:41.817" /><!-- duration: 17ms -->
            <step title="Copying file: &apos;CleverSyncSOS.AdminPortal.exe&apos;" date="2025-11-29T13:28:41.864" /><!-- duration: 0ms -->
            <step title="Copying file: &apos;CleverSyncSOS.AdminPortal.pdb&apos;" date="2025-11-29T13:28:41.884" /><!-- duration: 11ms -->
            <step title="Copying file: &apos;publish\publish\publish\publish\publish\publish\publish\publish\publish\publish\appsettings.Development.json&apos;" date="2025-11-29T13:28:41.926" /><!-- duration: 18ms -->
            <step title="Copying file: &apos;publish\publish\publish\publish\publish\publish\publish\publish\publish\publish\appsettings.json&apos;" date="2025-11-29T13:28:41.957" /><!-- duration: 0ms -->
            <step title="Copying file: &apos;publish\publish\publish\publish\publish\publish\publish\publish\publish\publish\appsettings.Production.json&apos;" date="2025-11-29T13:28:41.988" /><!-- duration: 0ms -->
            <step title="Copying file: &apos;publish\publish\publish\publish\publish\publish\publish\publish\publish\publish\CleverSyncSOS.AdminPortal.deps.json&apos;" date="2025-11-29T13:28:42.005" /><!-- duration: 0ms -->
            <step title="Copying file: &apos;publish\publish\publish\publish\publish\publish\publish\publish\publish\publish\CleverSyncSOS.AdminPortal.runtimeconfig.json&apos;" date="2025-11-29T13:28:42.082" /><!-- duration: 67ms -->
            <step title="Copying file: &apos;publish\publish\publish\publish\publish\publish\publish\publish\publish\publish\CleverSyncSOS.AdminPortal.staticwebassets.endpoints.json&apos;" date="2025-11-29T13:28:42.192" /><!-- duration: 0ms -->
            <step title="Copying file: &apos;publish\publish\publish\publish\publish\publish\publish\publish\publish\publish\web.config&apos;" date="2025-11-29T13:28:42.210" /><!-- duration: 0ms -->
            <step title="Deleting app_offline.htm" date="2025-11-29T13:28:42.223" /><!-- duration: 0ms -->
            <step title="Finished successfully." date="2025-11-29T13:28:42.223" /><!-- duration: 0ms -->
          </step><!-- duration: 2234ms -->
          <step title="Build completed succesfully." date="2025-11-29T13:28:42.301" /><!-- duration: 19ms -->
          <step title="Running post deployment command(s)..." date="2025-11-29T13:28:42.411" /><!-- duration: 0ms -->
          <step title="Requesting site restart" date="2025-11-29T13:28:42.461" /><!-- duration: 12ms -->
          <step title="Requesting site restart" date="2025-11-29T13:28:42.473" /><!-- duration: 0ms -->
          <step title="Requesting site restart. Attempt #1" date="2025-11-29T13:28:42.521" /><!-- duration: 0ms -->
          <step title="Requesting site restart. Attempt #1" date="2025-11-29T13:28:42.582" /><!-- duration: 0ms -->
          <step title="Successfully requested a restart. Attempt #1" date="2025-11-29T13:28:42.676" /><!-- duration: 15ms -->
          <step title="Successfully requested a restart. Attempt #1" date="2025-11-29T13:28:42.692" /><!-- duration: 16ms -->
          <step title="Deployment successful. DEPLOYMENTINFO: deploymentPath = OneDeploy, deployer = OneDeploy, os = windows, sku = Standard, siteName = CleverSyncSOS, siteHostName = cleversyncsos.azurewebsites.net, deploymentStatus = Success" date="2025-11-29T13:28:42.757" /><!-- duration: 0ms -->
        </step><!-- duration: 3677ms -->
      </step><!-- duration: 4078ms -->
      <step title="Cleaning up temp files" date="2025-11-29T13:28:42.988" /><!-- duration: 0ms -->
      <step title="Skip function trigger and logicapp sync because function is not enabled." date="2025-11-29T13:28:43.038" /><!-- duration: 13ms -->
    </step><!-- duration: 6516ms -->
    <step title="LockFile &apos;C:\home\site\locks\deployments.lock&apos; released" date="2025-11-29T13:28:43.149" /><!-- duration: 0ms -->
    <step title="Deleting shutdown sentinel file" date="2025-11-29T13:28:43.160" SemaphoreCount="8" /><!-- duration: 0ms -->
  </step><!-- duration: 6894ms -->
  <step title="Outgoing response" date="2025-11-29T13:28:43.192" type="response" statusCode="200" statusText="OK" Server="Microsoft-IIS/10.0" x-ms-request-id="4d72b53a-cd27-11f0-adcf-e02e0bc384b1" Cache-Control="private" X-AspNet-Version="4.0.30319" /><!-- duration: 0ms -->
</step><!-- duration: 6955ms -->
