<step title="Incoming Request" date="2025-11-29T13:09:55.993" instance="eef76b" url="/api/publish?type=zip" method="POST" type="request" pid="8604,2,59" Cache-Control="no-cache" Content-Length="7956127" Content-Type="application/octet-stream" Accept="*/*" Accept-Encoding="gzip, deflate" Authorization="Bas..." Host="cleversyncsos.scm.azurewebsites.net" User-Agent="AZURECLI/2.79.0 (MSI)" x-ms-client-request-id="b1631db1-cd24-11f0-9e75-e02e0bc384b1" X-ARR-LOG-ID="b1631db1-cd24-11f0-9e75-e02e0bc384b1" CLIENT-IP="208.102.8.31:60072" X-SITE-DEPLOYMENT-ID="CleverSyncSOS" WAS-DEFAULT-HOSTNAME="cleversyncsos.scm.azurewebsites.net" X-Forwarded-Proto="https" X-AppService-Proto="https" X-Forwarded-TlsVersion="1.3" X-WAWS-Unencoded-URL="/api/publish?type=zip" >
  <step title="Cleanup Xml Logs" date="2025-11-29T13:09:55.993" /><!-- duration: 16ms -->
  <step title="OneDeploy" date="2025-11-29T13:09:56.008" >
    <step title="Starting PushDeployAsync" date="2025-11-29T13:09:56.024" /><!-- duration: 0ms -->
    <step title="Updating shutdown sentinel last write time" date="2025-11-29T13:09:56.040" SemaphoreCount="7" /><!-- duration: 0ms -->
    <step title="LockFile &apos;C:\home\site\locks\deployments.lock&apos; acquired" date="2025-11-29T13:09:56.059" /><!-- duration: 0ms -->
    <step title="Saving request content to C:\local\Temp\zipdeploy\qqlvn22k.zip" date="2025-11-29T13:09:56.071" >
      <step title="Total 7,956,127 bytes written to C:\local\Temp\zipdeploy\qqlvn22k.zip" date="2025-11-29T13:09:56.321" /><!-- duration: 0ms -->
    </step><!-- duration: 250ms -->
    <step title="LockFile &apos;C:\home\site\locks\deployments.lock&apos; released" date="2025-11-29T13:09:56.336" /><!-- duration: 0ms -->
    <step title="Deleting shutdown sentinel file" date="2025-11-29T13:09:56.336" SemaphoreCount="8" /><!-- duration: 0ms -->
    <step title="Starting FetchDeploy" date="2025-11-29T13:09:56.336" /><!-- duration: 0ms -->
    <step title="Attempting to fetch target branch HEAD" date="2025-11-29T13:09:56.352" /><!-- duration: 0ms -->
    <step title="Updating shutdown sentinel last write time" date="2025-11-29T13:09:56.370" SemaphoreCount="7" /><!-- duration: 0ms -->
    <step title="LockFile &apos;C:\home\site\locks\deployments.lock&apos; acquired" date="2025-11-29T13:09:56.383" /><!-- duration: 0ms -->
    <step title="Performing fetch based deployment" date="2025-11-29T13:09:56.400" >
      <step title="Creating temporary deployment" date="2025-11-29T13:09:56.400" /><!-- duration: 30ms -->
      <step title="Fetching changes." date="2025-11-29T13:09:56.493" /><!-- duration: 0ms -->
      <step title="Starting LocalZipHandler" date="2025-11-29T13:09:56.511" /><!-- duration: 0ms -->
      <step title="Starting LocalZipFetch" date="2025-11-29T13:09:56.524" /><!-- duration: 0ms -->
      <step title="Cleaning up temp folders from previous zip deployments and extracting pushed zip file C:\local\Temp\zipdeploy\qqlvn22k.zip (7.59 MB) to C:\local\Temp\zipdeploy\extracted" date="2025-11-29T13:09:56.541" /><!-- duration: 14ms -->
      <step title="Cleaning up temp folders from previous zip deployments and extracting pushed zip file C:\local\Temp\zipdeploy\qqlvn22k.zip (7.59 MB) to C:\local\Temp\zipdeploy\extracted" date="2025-11-29T13:09:56.555" >
        <step title="Renaming extractTargetDirectory(C:\local\Temp\zipdeploy\extracted) to tempDirectory(C:\local\Temp\zipdeploy\hxbgvpgq.pel)" date="2025-11-29T13:09:56.555" /><!-- duration: 0ms -->
        <step title="Extracting 170 entries to C:\local\Temp\zipdeploy\extracted directory" date="2025-11-29T13:09:56.571" >
          <step title="Extracting to C:\local\Temp\zipdeploy\extracted\publish\appsettings.Development.json ..." date="2025-11-29T13:09:56.774" /><!-- duration: 0ms -->
          <step title="Extracting to C:\local\Temp\zipdeploy\extracted\publish\appsettings.json ..." date="2025-11-29T13:09:56.793" /><!-- duration: 30ms -->
          <step title="Extracting to C:\local\Temp\zipdeploy\extracted\publish\appsettings.Production.json ..." date="2025-11-29T13:09:56.823" /><!-- duration: 20ms -->
          <step title="Extracting to C:\local\Temp\zipdeploy\extracted\publish\CleverSyncSOS.AdminPortal.deps.json ..." date="2025-11-29T13:09:56.853" /><!-- duration: 20ms -->
          <step title="Extracting to C:\local\Temp\zipdeploy\extracted\publish\CleverSyncSOS.AdminPortal.runtimeconfig.json ..." date="2025-11-29T13:09:56.883" /><!-- duration: 0ms -->
          <step title="Omitting extracting file traces ..." date="2025-11-29T13:09:56.915" /><!-- duration: 0ms -->
        </step><!-- duration: 2000ms -->
      </step><!-- duration: 2047ms -->
      <step title="None repository commit" date="2025-11-29T13:09:58.602" >
        <step title="Commit id: 66be77f08f374b88b39502dbcce1a0cc" date="2025-11-29T13:09:58.602" Message="OneDeploy" AuthorName="N/A" AuthorEmail="N/A" /><!-- duration: 20ms -->
      </step><!-- duration: 20ms -->
      <step title="Before sending BuildRequestReceived status to /api/updatedeploystatus" date="2025-11-29T13:09:58.622" /><!-- duration: 11ms -->
      <step title="DeploymentManager.Deploy(id:66be77f08f374b88b39502dbcce1a0cc)" date="2025-11-29T13:09:58.633" >
        <step title="Collecting changeset information" date="2025-11-29T13:09:58.665" /><!-- duration: 109ms -->
        <step title="Updating submodules" date="2025-11-29T13:09:58.774" >
          <step title="Updating submodules." date="2025-11-29T13:09:58.836" /><!-- duration: 0ms -->
        </step><!-- duration: 78ms -->
        <step title="Preparing deployment for commit id &apos;66be77f08f&apos;." date="2025-11-29T13:09:58.961" /><!-- duration: 0ms -->
        <step title="Determining deployment builder" date="2025-11-29T13:09:59.041" >
          <step title="Builder is OneDeployBuilder" date="2025-11-29T13:09:59.041" /><!-- duration: 14ms -->
        </step><!-- duration: 14ms -->
        <step title="Copying SSH keys" date="2025-11-29T13:09:59.102" /><!-- duration: 0ms -->
        <step title="Building" date="2025-11-29T13:09:59.102" >
          <step title="Running build. Project type: OneDeploy" date="2025-11-29T13:09:59.149" /><!-- duration: 0ms -->
          <step title="Copying the manifest" date="2025-11-29T13:09:59.243" /><!-- duration: 0ms -->
          <step title="Clean deploying to C:\home\site\wwwroot" date="2025-11-29T13:09:59.371" /><!-- duration: 0ms -->
          <step title="Generating deployment script." date="2025-11-29T13:09:59.512" /><!-- duration: 12ms -->
          <step title="Generating deployment script" date="2025-11-29T13:09:59.542" >
            <step title="Using cached version of the deployment script for command: -y --no-dot-deployment -r &quot;C:\local\Temp\zipdeploy\extracted&quot; -o &quot;C:\home\site\deployments\tools&quot; --basic --sitePath &quot;C:\local\Temp\zipdeploy\extracted&quot;" date="2025-11-29T13:09:59.572" /><!-- duration: 20ms -->
            <step title="Using cached version of deployment script (command: &apos;azure -y --no-dot-deployment -r &quot;C:\local\Temp\zipdeploy\extracted&quot; -o &quot;C:\home\site\deployments\tools&quot; --basic --sitePath &quot;C:\local\Temp\zipdeploy\extracted&quot;&apos;)." date="2025-11-29T13:09:59.622" /><!-- duration: 11ms -->
          </step><!-- duration: 154ms -->
          <step title="Running deployment command..." date="2025-11-29T13:10:00.024" /><!-- duration: 94ms -->
          <step title="Command: &quot;C:\home\site\deployments\tools\deploy.cmd&quot;" date="2025-11-29T13:10:00.165" /><!-- duration: 31ms -->
          <step title="Executing external process" date="2025-11-29T13:10:00.276" type="process" path="starter.cmd" arguments="&quot;C:\home\site\deployments\tools\deploy.cmd&quot;" >
            <step title="Handling Basic Web Site deployment." date="2025-11-29T13:10:00.839" /><!-- duration: 0ms -->
            <step title="Creating app_offline.htm" date="2025-11-29T13:10:02.433" /><!-- duration: 13ms -->
            <step title="KuduSync.NET from: &apos;C:\local\Temp\zipdeploy\extracted&apos; to: &apos;C:\home\site\wwwroot&apos;" date="2025-11-29T13:10:02.463" /><!-- duration: 30ms -->
            <step title="Copying file: &apos;CleverSyncSOS.AdminPortal.dll&apos;" date="2025-11-29T13:10:02.935" /><!-- duration: 91ms -->
            <step title="Copying file: &apos;CleverSyncSOS.AdminPortal.exe&apos;" date="2025-11-29T13:10:03.307" /><!-- duration: 20ms -->
            <step title="Copying file: &apos;CleverSyncSOS.AdminPortal.pdb&apos;" date="2025-11-29T13:10:03.357" /><!-- duration: 10ms -->
            <step title="Copying file: &apos;publish\publish\publish\publish\publish\publish\publish\appsettings.Development.json&apos;" date="2025-11-29T13:10:03.387" /><!-- duration: 12ms -->
            <step title="Copying file: &apos;publish\publish\publish\publish\publish\publish\publish\appsettings.json&apos;" date="2025-11-29T13:10:03.418" /><!-- duration: 13ms -->
            <step title="Copying file: &apos;publish\publish\publish\publish\publish\publish\publish\appsettings.Production.json&apos;" date="2025-11-29T13:10:03.448" /><!-- duration: 50ms -->
            <step title="Copying file: &apos;publish\publish\publish\publish\publish\publish\publish\CleverSyncSOS.AdminPortal.deps.json&apos;" date="2025-11-29T13:10:03.508" /><!-- duration: 16ms -->
            <step title="Copying file: &apos;publish\publish\publish\publish\publish\publish\publish\CleverSyncSOS.AdminPortal.runtimeconfig.json&apos;" date="2025-11-29T13:10:03.540" /><!-- duration: 0ms -->
            <step title="Copying file: &apos;publish\publish\publish\publish\publish\publish\publish\CleverSyncSOS.AdminPortal.staticwebassets.endpoints.json&apos;" date="2025-11-29T13:10:03.743" /><!-- duration: 127ms -->
            <step title="Copying file: &apos;publish\publish\publish\publish\publish\publish\publish\web.config&apos;" date="2025-11-29T13:10:04.964" /><!-- duration: 501ms -->
            <step title="Deleting app_offline.htm" date="2025-11-29T13:10:05.477" /><!-- duration: 18ms -->
            <step title="Finished successfully." date="2025-11-29T13:10:05.496" /><!-- duration: 13ms -->
          </step><!-- duration: 5268ms -->
          <step title="Build completed succesfully." date="2025-11-29T13:10:05.905" /><!-- duration: 10ms -->
          <step title="Running post deployment command(s)..." date="2025-11-29T13:10:06.105" /><!-- duration: 13ms -->
          <step title="Requesting site restart" date="2025-11-29T13:10:06.165" /><!-- duration: 221ms -->
          <step title="Requesting site restart" date="2025-11-29T13:10:06.417" /><!-- duration: 0ms -->
          <step title="Requesting site restart. Attempt #1" date="2025-11-29T13:10:06.497" /><!-- duration: 11ms -->
          <step title="Requesting site restart. Attempt #1" date="2025-11-29T13:10:06.527" /><!-- duration: 0ms -->
          <step title="Successfully requested a restart. Attempt #1" date="2025-11-29T13:10:10.337" /><!-- duration: 110ms -->
          <step title="Successfully requested a restart. Attempt #1" date="2025-11-29T13:10:11.280" /><!-- duration: 90ms -->
          <step title="Deployment successful. DEPLOYMENTINFO: deploymentPath = OneDeploy, deployer = OneDeploy, os = windows, sku = Standard, siteName = CleverSyncSOS, siteHostName = cleversyncsos.azurewebsites.net, deploymentStatus = Success" date="2025-11-29T13:10:11.446" /><!-- duration: 16ms -->
        </step><!-- duration: 12625ms -->
      </step><!-- duration: 13111ms -->
      <step title="Cleaning up temp files" date="2025-11-29T13:10:11.744" /><!-- duration: 0ms -->
      <step title="Skip function trigger and logicapp sync because function is not enabled." date="2025-11-29T13:10:11.774" /><!-- duration: 0ms -->
    </step><!-- duration: 15454ms -->
    <step title="LockFile &apos;C:\home\site\locks\deployments.lock&apos; released" date="2025-11-29T13:10:11.885" /><!-- duration: 0ms -->
    <step title="Deleting shutdown sentinel file" date="2025-11-29T13:10:11.946" SemaphoreCount="8" /><!-- duration: 19ms -->
  </step><!-- duration: 15957ms -->
  <step title="Outgoing response" date="2025-11-29T13:10:11.977" type="response" statusCode="200" statusText="OK" Server="Microsoft-IIS/10.0" x-ms-request-id="b1631db1-cd24-11f0-9e75-e02e0bc384b1" Cache-Control="private" X-AspNet-Version="4.0.30319" /><!-- duration: 0ms -->
</step><!-- duration: 15985ms -->
