<step title="Incoming Request" date="2025-11-30T20:29:17.462" instance="eef76b" url="/api/zipdeploy?isAsync=true" method="POST" type="request" pid="13064,2,7" Cache-Control="no-cache" Content-Length="9138801" Content-Type="application/octet-stream" Accept="*/*" Accept-Encoding="gzip, deflate" Authorization="Bas..." Host="cleversyncsos.scm.azurewebsites.net" User-Agent="AZURECLI/2.79.0 (MSI)" x-ms-client-request-id="3c9a8a68-ce2b-11f0-811c-e02e0bc384b1" X-ARR-LOG-ID="3c9a8a68-ce2b-11f0-811c-e02e0bc384b1" CLIENT-IP="208.102.8.31:53496" X-SITE-DEPLOYMENT-ID="CleverSyncSOS" WAS-DEFAULT-HOSTNAME="cleversyncsos.scm.azurewebsites.net" X-Forwarded-Proto="https" X-AppService-Proto="https" X-Forwarded-TlsVersion="1.3" X-WAWS-Unencoded-URL="/api/zipdeploy?isAsync=true" >
  <step title="Cleanup Xml Logs" date="2025-11-30T20:29:17.476" /><!-- duration: 0ms -->
  <step title="ZipPushDeploy" date="2025-11-30T20:29:17.746" >
    <step title="ZipDeploy. Extract zip. " date="2025-11-30T20:29:17.776" /><!-- duration: 12ms -->
    <step title="Starting PushDeployAsync" date="2025-11-30T20:29:17.856" /><!-- duration: 0ms -->
    <step title="Updating shutdown sentinel last write time" date="2025-11-30T20:29:17.917" SemaphoreCount="7" /><!-- duration: 12ms -->
    <step title="LockFile &apos;C:\home\site\locks\deployments.lock&apos; acquired" date="2025-11-30T20:29:17.929" /><!-- duration: 0ms -->
    <step title="Saving request content to C:\local\Temp\zipdeploy\wzhhno1l.zip" date="2025-11-30T20:29:17.960" >
      <step title="Total 9,138,801 bytes written to C:\local\Temp\zipdeploy\wzhhno1l.zip" date="2025-11-30T20:29:18.429" /><!-- duration: 0ms -->
    </step><!-- duration: 489ms -->
    <step title="LockFile &apos;C:\home\site\locks\deployments.lock&apos; released" date="2025-11-30T20:29:18.460" /><!-- duration: 0ms -->
    <step title="Deleting shutdown sentinel file" date="2025-11-30T20:29:18.460" SemaphoreCount="8" /><!-- duration: 0ms -->
    <step title="Starting FetchDeploy" date="2025-11-30T20:29:18.480" /><!-- duration: 12ms -->
    <step title="Start deployment in the background" date="2025-11-30T20:29:18.491" /><!-- duration: 239ms -->
  </step><!-- duration: 996ms -->
  <step title="Outgoing response" date="2025-11-30T20:29:18.761" type="response" statusCode="202" statusText="Accepted" Server="Microsoft-IIS/10.0" x-ms-request-id="3c9a8a68-ce2b-11f0-811c-e02e0bc384b1" Retry-After="30" Cache-Control="private" X-AspNet-Version="4.0.30319" Location="https://cleversyncsos.scm.azurewebsites.net/api/deployments/latest?deployer=ZipDeploy&amp;time=2025-11-30_20-29-18Z" /><!-- duration: 60ms -->
</step><!-- duration: 1409ms -->
