<step title="Incoming Request" date="2025-11-30T22:57:41.881" instance="eef76b" url="/api/publish?type=zip" method="POST" type="request" pid="15916,2,18" Cache-Control="no-cache" Content-Length="9140088" Content-Type="application/octet-stream" Accept="*/*" Accept-Encoding="gzip, deflate" Authorization="Bas..." Host="cleversyncsos.scm.azurewebsites.net" User-Agent="AZURECLI/2.79.0 (MSI)" x-ms-client-request-id="f7c092ee-ce3f-11f0-ab85-e02e0bc384b1" X-ARR-LOG-ID="f7c092ee-ce3f-11f0-ab85-e02e0bc384b1" CLIENT-IP="208.102.8.31:49511" X-SITE-DEPLOYMENT-ID="CleverSyncSOS" WAS-DEFAULT-HOSTNAME="cleversyncsos.scm.azurewebsites.net" X-Forwarded-Proto="https" X-AppService-Proto="https" X-Forwarded-TlsVersion="1.3" X-WAWS-Unencoded-URL="/api/publish?type=zip" >
  <step title="Cleanup Xml Logs" date="2025-11-30T22:57:41.881" /><!-- duration: 16ms -->
  <step title="OneDeploy" date="2025-11-30T22:57:41.912" >
    <step title="Starting PushDeployAsync" date="2025-11-30T22:57:41.930" /><!-- duration: 0ms -->
    <step title="Updating shutdown sentinel last write time" date="2025-11-30T22:57:41.943" SemaphoreCount="7" /><!-- duration: 17ms -->
    <step title="LockFile &apos;C:\home\site\locks\deployments.lock&apos; acquired" date="2025-11-30T22:57:41.980" /><!-- duration: 10ms -->
    <step title="Saving request content to C:\local\Temp\zipdeploy\ad55fmni.zip" date="2025-11-30T22:57:41.990" >
      <step title="Total 9,140,088 bytes written to C:\local\Temp\zipdeploy\ad55fmni.zip" date="2025-11-30T22:57:42.211" /><!-- duration: 0ms -->
    </step><!-- duration: 221ms -->
    <step title="LockFile &apos;C:\home\site\locks\deployments.lock&apos; released" date="2025-11-30T22:57:42.225" /><!-- duration: 0ms -->
    <step title="Deleting shutdown sentinel file" date="2025-11-30T22:57:42.225" SemaphoreCount="8" /><!-- duration: 0ms -->
    <step title="Starting FetchDeploy" date="2025-11-30T22:57:42.240" /><!-- duration: 0ms -->
    <step title="Attempting to fetch target branch HEAD" date="2025-11-30T22:57:42.240" /><!-- duration: 0ms -->
    <step title="Updating shutdown sentinel last write time" date="2025-11-30T22:57:42.256" SemaphoreCount="7" /><!-- duration: 0ms -->
    <step title="LockFile &apos;C:\home\site\locks\deployments.lock&apos; acquired" date="2025-11-30T22:57:42.256" /><!-- duration: 17ms -->
    <step title="Performing fetch based deployment" date="2025-11-30T22:57:42.273" >
      <step title="Creating temporary deployment" date="2025-11-30T22:57:42.273" /><!-- duration: 30ms -->
      <step title="Fetching changes." date="2025-11-30T22:57:42.396" /><!-- duration: 17ms -->
      <step title="Starting LocalZipHandler" date="2025-11-30T22:57:42.413" /><!-- duration: 14ms -->
      <step title="Starting LocalZipFetch" date="2025-11-30T22:57:42.428" /><!-- duration: 0ms -->
      <step title="Cleaning up temp folders from previous zip deployments and extracting pushed zip file C:\local\Temp\zipdeploy\ad55fmni.zip (8.72 MB) to C:\local\Temp\zipdeploy\extracted" date="2025-11-30T22:57:42.428" /><!-- duration: 0ms -->
      <step title="Cleaning up temp folders from previous zip deployments and extracting pushed zip file C:\local\Temp\zipdeploy\ad55fmni.zip (8.72 MB) to C:\local\Temp\zipdeploy\extracted" date="2025-11-30T22:57:42.443" >
        <step title="Renaming extractTargetDirectory(C:\local\Temp\zipdeploy\extracted) to tempDirectory(C:\local\Temp\zipdeploy\njpt23ob.eal)" date="2025-11-30T22:57:42.443" /><!-- duration: 0ms -->
        <step title="Extracting 136 entries to C:\local\Temp\zipdeploy\extracted directory" date="2025-11-30T22:57:42.463" >
          <step title="Extracting to C:\local\Temp\zipdeploy\extracted\publish-output\appsettings.Development.json ..." date="2025-11-30T22:57:42.615" /><!-- duration: 19ms -->
          <step title="Extracting to C:\local\Temp\zipdeploy\extracted\publish-output\appsettings.json ..." date="2025-11-30T22:57:42.646" /><!-- duration: 18ms -->
          <step title="Extracting to C:\local\Temp\zipdeploy\extracted\publish-output\appsettings.Production.json ..." date="2025-11-30T22:57:42.664" /><!-- duration: 13ms -->
          <step title="Extracting to C:\local\Temp\zipdeploy\extracted\publish-output\CleverSyncSOS.AdminPortal.deps.json ..." date="2025-11-30T22:57:42.678" /><!-- duration: 17ms -->
          <step title="Extracting to C:\local\Temp\zipdeploy\extracted\publish-output\CleverSyncSOS.AdminPortal.runtimeconfig.json ..." date="2025-11-30T22:57:42.695" /><!-- duration: 0ms -->
          <step title="Omitting extracting file traces ..." date="2025-11-30T22:57:42.695" /><!-- duration: 14ms -->
        </step><!-- duration: 1839ms -->
      </step><!-- duration: 1880ms -->
      <step title="None repository commit" date="2025-11-30T22:57:44.323" >
        <step title="Commit id: 7372ba5bc8f04aeea3f3d042a88fe6ce" date="2025-11-30T22:57:44.334" Message="OneDeploy" AuthorName="N/A" AuthorEmail="N/A" /><!-- duration: 0ms -->
      </step><!-- duration: 30ms -->
      <step title="Before sending BuildRequestReceived status to /api/updatedeploystatus" date="2025-11-30T22:57:44.353" /><!-- duration: 12ms -->
      <step title="DeploymentManager.Deploy(id:7372ba5bc8f04aeea3f3d042a88fe6ce)" date="2025-11-30T22:57:44.365" >
        <step title="Collecting changeset information" date="2025-11-30T22:57:44.383" /><!-- duration: 45ms -->
        <step title="Updating submodules" date="2025-11-30T22:57:44.428" >
          <step title="Updating submodules." date="2025-11-30T22:57:44.494" /><!-- duration: 0ms -->
        </step><!-- duration: 78ms -->
        <step title="Preparing deployment for commit id &apos;7372ba5bc8&apos;." date="2025-11-30T22:57:44.651" /><!-- duration: 0ms -->
        <step title="Determining deployment builder" date="2025-11-30T22:57:44.693" >
          <step title="Builder is OneDeployBuilder" date="2025-11-30T22:57:44.693" /><!-- duration: 0ms -->
        </step><!-- duration: 16ms -->
        <step title="Copying SSH keys" date="2025-11-30T22:57:44.772" /><!-- duration: 20ms -->
        <step title="Building" date="2025-11-30T22:57:44.792" >
          <step title="Running build. Project type: OneDeploy" date="2025-11-30T22:57:44.834" /><!-- duration: 0ms -->
          <step title="Copying the manifest" date="2025-11-30T22:57:44.881" /><!-- duration: 0ms -->
          <step title="Clean deploying to C:\home\site\wwwroot" date="2025-11-30T22:57:44.962" /><!-- duration: 0ms -->
          <step title="Generating deployment script." date="2025-11-30T22:57:45.043" /><!-- duration: 10ms -->
          <step title="Generating deployment script" date="2025-11-30T22:57:45.053" >
            <step title="Using cached version of the deployment script for command: -y --no-dot-deployment -r &quot;C:\local\Temp\zipdeploy\extracted&quot; -o &quot;C:\home\site\deployments\tools&quot; --basic --sitePath &quot;C:\local\Temp\zipdeploy\extracted&quot;" date="2025-11-30T22:57:45.084" /><!-- duration: 19ms -->
            <step title="Using cached version of deployment script (command: &apos;azure -y --no-dot-deployment -r &quot;C:\local\Temp\zipdeploy\extracted&quot; -o &quot;C:\home\site\deployments\tools&quot; --basic --sitePath &quot;C:\local\Temp\zipdeploy\extracted&quot;&apos;)." date="2025-11-30T22:57:45.115" /><!-- duration: 0ms -->
          </step><!-- duration: 78ms -->
          <step title="Running deployment command..." date="2025-11-30T22:57:45.181" /><!-- duration: 0ms -->
          <step title="Command: &quot;C:\home\site\deployments\tools\deploy.cmd&quot;" date="2025-11-30T22:57:45.193" /><!-- duration: 0ms -->
          <step title="Executing external process" date="2025-11-30T22:57:45.193" type="process" path="starter.cmd" arguments="&quot;C:\home\site\deployments\tools\deploy.cmd&quot;" >
            <step title="Handling Basic Web Site deployment." date="2025-11-30T22:57:45.865" /><!-- duration: 0ms -->
            <step title="Creating app_offline.htm" date="2025-11-30T22:57:47.615" /><!-- duration: 18ms -->
            <step title="KuduSync.NET from: &apos;C:\local\Temp\zipdeploy\extracted&apos; to: &apos;C:\home\site\wwwroot&apos;" date="2025-11-30T22:57:47.647" /><!-- duration: 17ms -->
            <step title="Copying file: &apos;CleverSyncSOS.Core.dll&apos;" date="2025-11-30T22:57:47.683" /><!-- duration: 10ms -->
            <step title="Copying file: &apos;CleverSyncSOS.Core.pdb&apos;" date="2025-11-30T22:57:47.725" /><!-- duration: 0ms -->
            <step title="Deleting app_offline.htm" date="2025-11-30T22:57:47.756" /><!-- duration: 18ms -->
            <step title="Finished successfully." date="2025-11-30T22:57:47.865" /><!-- duration: 19ms -->
          </step><!-- duration: 2721ms -->
          <step title="Build completed succesfully." date="2025-11-30T22:57:48.055" /><!-- duration: 0ms -->
          <step title="Running post deployment command(s)..." date="2025-11-30T22:57:48.256" /><!-- duration: 19ms -->
          <step title="Requesting site restart" date="2025-11-30T22:57:48.466" /><!-- duration: 10ms -->
          <step title="Requesting site restart" date="2025-11-30T22:57:48.496" /><!-- duration: 10ms -->
          <step title="Requesting site restart. Attempt #1" date="2025-11-30T22:57:48.586" /><!-- duration: 0ms -->
          <step title="Requesting site restart. Attempt #1" date="2025-11-30T22:57:48.600" /><!-- duration: 17ms -->
          <step title="Successfully requested a restart. Attempt #1" date="2025-11-30T22:57:50.318" /><!-- duration: 0ms -->
          <step title="Successfully requested a restart. Attempt #1" date="2025-11-30T22:57:50.397" /><!-- duration: 0ms -->
          <step title="Deployment successful. DEPLOYMENTINFO: deploymentPath = OneDeploy, deployer = OneDeploy, os = windows, sku = Standard, siteName = CleverSyncSOS, siteHostName = cleversyncsos.azurewebsites.net, deploymentStatus = Success" date="2025-11-30T22:57:50.497" /><!-- duration: 10ms -->
          <step title="Purge deployment items" date="2025-11-30T22:57:50.990" >
            <step title="Remove 0b23e02c1, Success, received at 11/30/2025 8:29:20 PM" date="2025-11-30T22:57:51.069" /><!-- duration: 20ms -->
          </step><!-- duration: 99ms -->
        </step><!-- duration: 6328ms -->
      </step><!-- duration: 6766ms -->
      <step title="Cleaning up temp files" date="2025-11-30T22:57:51.131" /><!-- duration: 19ms -->
      <step title="Skip function trigger and logicapp sync because function is not enabled." date="2025-11-30T22:57:51.150" /><!-- duration: 12ms -->
    </step><!-- duration: 8958ms -->
    <step title="LockFile &apos;C:\home\site\locks\deployments.lock&apos; released" date="2025-11-30T22:57:51.240" /><!-- duration: 0ms -->
    <step title="Deleting shutdown sentinel file" date="2025-11-30T22:57:51.240" SemaphoreCount="8" /><!-- duration: 20ms -->
  </step><!-- duration: 9359ms -->
  <step title="Outgoing response" date="2025-11-30T22:57:51.321" type="response" statusCode="200" statusText="OK" Server="Microsoft-IIS/10.0" x-ms-request-id="f7c092ee-ce3f-11f0-ab85-e02e0bc384b1" Cache-Control="private" X-AspNet-Version="4.0.30319" /><!-- duration: 362ms -->
</step><!-- duration: 9984ms -->
