<step title="Incoming Request" date="2025-11-30T20:40:34.241" instance="eef76b" url="/api/zipdeploy?isAsync=true" method="POST" type="request" pid="13064,2,34" Cache-Control="no-cache" Content-Length="9139141" Content-Type="application/octet-stream" Accept="*/*" Accept-Encoding="gzip, deflate" Authorization="Bas..." Host="cleversyncsos.scm.azurewebsites.net" User-Agent="AZURECLI/2.79.0 (MSI)" x-ms-client-request-id="cfd8d192-ce2c-11f0-b690-e02e0bc384b1" X-ARR-LOG-ID="cfd8d192-ce2c-11f0-b690-e02e0bc384b1" CLIENT-IP="208.102.8.31:51313" X-SITE-DEPLOYMENT-ID="CleverSyncSOS" WAS-DEFAULT-HOSTNAME="cleversyncsos.scm.azurewebsites.net" X-Forwarded-Proto="https" X-AppService-Proto="https" X-Forwarded-TlsVersion="1.3" X-WAWS-Unencoded-URL="/api/zipdeploy?isAsync=true" >
  <step title="Cleanup Xml Logs" date="2025-11-30T20:40:34.257" /><!-- duration: 0ms -->
  <step title="ZipPushDeploy" date="2025-11-30T20:40:34.291" >
    <step title="ZipDeploy. Extract zip. " date="2025-11-30T20:40:34.303" /><!-- duration: 0ms -->
    <step title="Starting PushDeployAsync" date="2025-11-30T20:40:34.303" /><!-- duration: 0ms -->
    <step title="Updating shutdown sentinel last write time" date="2025-11-30T20:40:34.321" SemaphoreCount="7" /><!-- duration: 13ms -->
    <step title="LockFile &apos;C:\home\site\locks\deployments.lock&apos; acquired" date="2025-11-30T20:40:34.382" /><!-- duration: 0ms -->
    <step title="Saving request content to C:\local\Temp\zipdeploy\b4eawoml.zip" date="2025-11-30T20:40:34.382" >
      <step title="Total 9,139,141 bytes written to C:\local\Temp\zipdeploy\b4eawoml.zip" date="2025-11-30T20:40:35.283" /><!-- duration: 0ms -->
    </step><!-- duration: 901ms -->
    <step title="LockFile &apos;C:\home\site\locks\deployments.lock&apos; released" date="2025-11-30T20:40:35.314" /><!-- duration: 0ms -->
    <step title="Deleting shutdown sentinel file" date="2025-11-30T20:40:35.314" SemaphoreCount="8" /><!-- duration: 0ms -->
    <step title="Starting FetchDeploy" date="2025-11-30T20:40:35.314" /><!-- duration: 16ms -->
    <step title="Start deployment in the background" date="2025-11-30T20:40:35.350" /><!-- duration: 74ms -->
  </step><!-- duration: 1150ms -->
  <step title="Outgoing response" date="2025-11-30T20:40:35.472" type="response" statusCode="202" statusText="Accepted" Server="Microsoft-IIS/10.0" x-ms-request-id="cfd8d192-ce2c-11f0-b690-e02e0bc384b1" Retry-After="30" Cache-Control="private" X-AspNet-Version="4.0.30319" Location="https://cleversyncsos.scm.azurewebsites.net/api/deployments/latest?deployer=ZipDeploy&amp;time=2025-11-30_20-40-35Z" /><!-- duration: 0ms -->
</step><!-- duration: 1231ms -->
