<step title="Incoming Request" date="2025-11-30T00:59:27.069" instance="eef76b" url="/api/publish?type=zip" method="POST" type="request" pid="14704,2,10" Cache-Control="no-cache" Content-Length="8517059" Content-Type="application/octet-stream" Accept="*/*" Accept-Encoding="gzip, deflate" Authorization="Bas..." Host="cleversyncsos.scm.azurewebsites.net" User-Agent="AZURECLI/2.79.0 (MSI)" x-ms-client-request-id="d009d7c5-cd87-11f0-9d74-e02e0bc384b1" X-ARR-LOG-ID="d009d7c5-cd87-11f0-9d74-e02e0bc384b1" CLIENT-IP="208.102.8.31:53085" X-SITE-DEPLOYMENT-ID="CleverSyncSOS" WAS-DEFAULT-HOSTNAME="cleversyncsos.scm.azurewebsites.net" X-Forwarded-Proto="https" X-AppService-Proto="https" X-Forwarded-TlsVersion="1.3" X-WAWS-Unencoded-URL="/api/publish?type=zip" >
  <step title="Cleanup Xml Logs" date="2025-11-30T00:59:27.069" /><!-- duration: 19ms -->
  <step title="OneDeploy" date="2025-11-30T00:59:29.027" >
    <step title="Starting PushDeployAsync" date="2025-11-30T00:59:29.198" /><!-- duration: 90ms -->
    <step title="Updating shutdown sentinel last write time" date="2025-11-30T00:59:29.553" SemaphoreCount="7" /><!-- duration: 17ms -->
    <step title="LockFile &apos;C:\home\site\locks\deployments.lock&apos; acquired" date="2025-11-30T00:59:29.570" /><!-- duration: 15ms -->
    <step title="Saving request content to C:\local\Temp\zipdeploy\hrgotpk2.zip" date="2025-11-30T00:59:29.600" >
      <step title="Total 8,517,059 bytes written to C:\local\Temp\zipdeploy\hrgotpk2.zip" date="2025-11-30T00:59:29.901" /><!-- duration: 11ms -->
    </step><!-- duration: 362ms -->
    <step title="LockFile &apos;C:\home\site\locks\deployments.lock&apos; released" date="2025-11-30T00:59:29.961" /><!-- duration: 14ms -->
    <step title="Deleting shutdown sentinel file" date="2025-11-30T00:59:29.975" SemaphoreCount="8" /><!-- duration: 0ms -->
    <step title="Starting FetchDeploy" date="2025-11-30T00:59:30.011" /><!-- duration: 30ms -->
    <step title="Attempting to fetch target branch HEAD" date="2025-11-30T00:59:30.041" /><!-- duration: 0ms -->
    <step title="Updating shutdown sentinel last write time" date="2025-11-30T00:59:30.069" SemaphoreCount="7" /><!-- duration: 33ms -->
    <step title="LockFile &apos;C:\home\site\locks\deployments.lock&apos; acquired" date="2025-11-30T00:59:30.101" /><!-- duration: 14ms -->
    <step title="Performing fetch based deployment" date="2025-11-30T00:59:30.132" >
      <step title="Creating temporary deployment" date="2025-11-30T00:59:30.147" /><!-- duration: 172ms -->
      <step title="Fetching changes." date="2025-11-30T00:59:30.491" /><!-- duration: 0ms -->
      <step title="Starting LocalZipHandler" date="2025-11-30T00:59:30.522" /><!-- duration: 20ms -->
      <step title="Starting LocalZipFetch" date="2025-11-30T00:59:30.553" /><!-- duration: 19ms -->
      <step title="Cleaning up temp folders from previous zip deployments and extracting pushed zip file C:\local\Temp\zipdeploy\hrgotpk2.zip (8.12 MB) to C:\local\Temp\zipdeploy\extracted" date="2025-11-30T00:59:30.572" /><!-- duration: 13ms -->
      <step title="Cleaning up temp folders from previous zip deployments and extracting pushed zip file C:\local\Temp\zipdeploy\hrgotpk2.zip (8.12 MB) to C:\local\Temp\zipdeploy\extracted" date="2025-11-30T00:59:30.602" >
        <step title="Extracting 122 entries to C:\local\Temp\zipdeploy\extracted directory" date="2025-11-30T00:59:30.682" >
          <step title="Extracting to C:\local\Temp\zipdeploy\extracted\runtimes\unix\lib\net6.0\Microsoft.Data.SqlClient.dll ..." date="2025-11-30T00:59:30.762" /><!-- duration: 121ms -->
          <step title="Extracting to C:\local\Temp\zipdeploy\extracted\runtimes\unix\lib\net6.0\System.Drawing.Common.dll ..." date="2025-11-30T00:59:30.994" /><!-- duration: 80ms -->
          <step title="Extracting to C:\local\Temp\zipdeploy\extracted\runtimes\win\lib\net6.0\Microsoft.Data.SqlClient.dll ..." date="2025-11-30T00:59:31.178" /><!-- duration: 127ms -->
          <step title="Extracting to C:\local\Temp\zipdeploy\extracted\runtimes\win\lib\net6.0\Microsoft.Win32.SystemEvents.dll ..." date="2025-11-30T00:59:31.336" /><!-- duration: 0ms -->
          <step title="Extracting to C:\local\Temp\zipdeploy\extracted\runtimes\win\lib\net6.0\System.Drawing.Common.dll ..." date="2025-11-30T00:59:31.336" /><!-- duration: 30ms -->
          <step title="Omitting extracting file traces ..." date="2025-11-30T00:59:31.386" /><!-- duration: 0ms -->
        </step><!-- duration: 1968ms -->
      </step><!-- duration: 2061ms -->
      <step title="None repository commit" date="2025-11-30T00:59:32.662" >
        <step title="Commit id: 168e1dc26c064a4bbda13d35eb6de072" date="2025-11-30T00:59:32.694" Message="OneDeploy" AuthorName="N/A" AuthorEmail="N/A" /><!-- duration: 0ms -->
      </step><!-- duration: 48ms -->
      <step title="Before sending BuildRequestReceived status to /api/updatedeploystatus" date="2025-11-30T00:59:32.710" /><!-- duration: 20ms -->
      <step title="DeploymentManager.Deploy(id:168e1dc26c064a4bbda13d35eb6de072)" date="2025-11-30T00:59:32.741" >
        <step title="Collecting changeset information" date="2025-11-30T00:59:32.772" /><!-- duration: 49ms -->
        <step title="Updating submodules" date="2025-11-30T00:59:32.834" >
          <step title="Updating submodules." date="2025-11-30T00:59:32.881" /><!-- duration: 19ms -->
        </step><!-- duration: 66ms -->
        <step title="Preparing deployment for commit id &apos;168e1dc26c&apos;." date="2025-11-30T00:59:33.022" /><!-- duration: 0ms -->
        <step title="Determining deployment builder" date="2025-11-30T00:59:33.116" >
          <step title="Builder is OneDeployBuilder" date="2025-11-30T00:59:33.163" /><!-- duration: 0ms -->
        </step><!-- duration: 47ms -->
        <step title="Copying SSH keys" date="2025-11-30T00:59:33.178" /><!-- duration: 16ms -->
        <step title="Building" date="2025-11-30T00:59:33.194" >
          <step title="Running build. Project type: OneDeploy" date="2025-11-30T00:59:33.241" /><!-- duration: 0ms -->
          <step title="Copying the manifest" date="2025-11-30T00:59:33.324" /><!-- duration: 0ms -->
          <step title="Clean deploying to C:\home\site\wwwroot" date="2025-11-30T00:59:33.428" /><!-- duration: 0ms -->
          <step title="Generating deployment script." date="2025-11-30T00:59:33.575" /><!-- duration: 0ms -->
          <step title="Generating deployment script" date="2025-11-30T00:59:33.585" >
            <step title="Using cached version of the deployment script for command: -y --no-dot-deployment -r &quot;C:\local\Temp\zipdeploy\extracted&quot; -o &quot;C:\home\site\deployments\tools&quot; --basic --sitePath &quot;C:\local\Temp\zipdeploy\extracted&quot;" date="2025-11-30T00:59:33.756" /><!-- duration: 0ms -->
            <step title="Using cached version of deployment script (command: &apos;azure -y --no-dot-deployment -r &quot;C:\local\Temp\zipdeploy\extracted&quot; -o &quot;C:\home\site\deployments\tools&quot; --basic --sitePath &quot;C:\local\Temp\zipdeploy\extracted&quot;&apos;)." date="2025-11-30T00:59:33.787" /><!-- duration: 0ms -->
          </step><!-- duration: 218ms -->
          <step title="Running deployment command..." date="2025-11-30T00:59:33.836" /><!-- duration: 14ms -->
          <step title="Command: &quot;C:\home\site\deployments\tools\deploy.cmd&quot;" date="2025-11-30T00:59:33.850" /><!-- duration: 0ms -->
          <step title="Executing external process" date="2025-11-30T00:59:33.897" type="process" path="starter.cmd" arguments="&quot;C:\home\site\deployments\tools\deploy.cmd&quot;" >
            <step title="Handling Basic Web Site deployment." date="2025-11-30T00:59:34.600" /><!-- duration: 20ms -->
            <step title="Creating app_offline.htm" date="2025-11-30T00:59:35.634" /><!-- duration: 13ms -->
            <step title="KuduSync.NET from: &apos;C:\local\Temp\zipdeploy\extracted&apos; to: &apos;C:\home\site\wwwroot&apos;" date="2025-11-30T00:59:35.664" /><!-- duration: 0ms -->
            <step title="Deleting app_offline.htm" date="2025-11-30T00:59:35.694" /><!-- duration: 0ms -->
            <step title="Finished successfully." date="2025-11-30T00:59:35.725" /><!-- duration: 20ms -->
          </step><!-- duration: 1958ms -->
          <step title="Build completed succesfully." date="2025-11-30T00:59:36.319" /><!-- duration: 19ms -->
          <step title="Running post deployment command(s)..." date="2025-11-30T00:59:36.448" /><!-- duration: 80ms -->
          <step title="Requesting site restart" date="2025-11-30T00:59:36.649" /><!-- duration: 0ms -->
          <step title="Requesting site restart" date="2025-11-30T00:59:36.679" /><!-- duration: 0ms -->
          <step title="Requesting site restart. Attempt #1" date="2025-11-30T00:59:37.151" /><!-- duration: 11ms -->
          <step title="Requesting site restart. Attempt #1" date="2025-11-30T00:59:37.162" /><!-- duration: 19ms -->
          <step title="Successfully requested a restart. Attempt #1" date="2025-11-30T00:59:38.790" /><!-- duration: 13ms -->
          <step title="Successfully requested a restart. Attempt #1" date="2025-11-30T00:59:38.820" /><!-- duration: 0ms -->
          <step title="Deployment successful. DEPLOYMENTINFO: deploymentPath = OneDeploy, deployer = OneDeploy, os = windows, sku = Standard, siteName = CleverSyncSOS, siteHostName = cleversyncsos.azurewebsites.net, deploymentStatus = Success" date="2025-11-30T00:59:39.022" /><!-- duration: 0ms -->
          <step title="Purge deployment items" date="2025-11-30T00:59:39.554" >
            <step title="Remove 66be77f08, Success, received at 11/29/2025 1:09:58 PM" date="2025-11-30T00:59:39.866" /><!-- duration: 49ms -->
          </step><!-- duration: 453ms -->
        </step><!-- duration: 6892ms -->
      </step><!-- duration: 7345ms -->
      <step title="Cleaning up temp files" date="2025-11-30T00:59:40.166" /><!-- duration: 60ms -->
      <step title="Skip function trigger and logicapp sync because function is not enabled." date="2025-11-30T00:59:40.851" /><!-- duration: 110ms -->
    </step><!-- duration: 11423ms -->
    <step title="LockFile &apos;C:\home\site\locks\deployments.lock&apos; released" date="2025-11-30T00:59:41.574" /><!-- duration: 0ms -->
    <step title="Deleting shutdown sentinel file" date="2025-11-30T00:59:41.586" SemaphoreCount="8" /><!-- duration: 0ms -->
  </step><!-- duration: 12559ms -->
  <step title="Outgoing response" date="2025-11-30T00:59:41.634" type="response" statusCode="200" statusText="OK" Server="Microsoft-IIS/10.0" x-ms-request-id="d009d7c5-cd87-11f0-9d74-e02e0bc384b1" Cache-Control="private" X-AspNet-Version="4.0.30319" /><!-- duration: 14ms -->
</step><!-- duration: 14596ms -->
