<step title="Incoming Request" date="2025-11-30T21:43:21.132" instance="eef76b" url="/api/zipdeploy?isAsync=true" method="POST" type="request" pid="2440,2,24" Cache-Control="no-cache" Content-Length="9139528" Content-Type="application/octet-stream" Accept="*/*" Accept-Encoding="gzip, deflate" Authorization="Bas..." Host="cleversyncsos.scm.azurewebsites.net" User-Agent="AZURECLI/2.79.0 (MSI)" x-ms-client-request-id="95244629-ce35-11f0-bd10-e02e0bc384b1" X-ARR-LOG-ID="95244629-ce35-11f0-bd10-e02e0bc384b1" CLIENT-IP="208.102.8.31:52239" X-SITE-DEPLOYMENT-ID="CleverSyncSOS" WAS-DEFAULT-HOSTNAME="cleversyncsos.scm.azurewebsites.net" X-Forwarded-Proto="https" X-AppService-Proto="https" X-Forwarded-TlsVersion="1.3" X-WAWS-Unencoded-URL="/api/zipdeploy?isAsync=true" >
  <step title="Cleanup Xml Logs" date="2025-11-30T21:43:21.145" /><!-- duration: 37ms -->
  <step title="ZipPushDeploy" date="2025-11-30T21:43:21.208" >
    <step title="ZipDeploy. Extract zip. " date="2025-11-30T21:43:21.223" /><!-- duration: 0ms -->
    <step title="Starting PushDeployAsync" date="2025-11-30T21:43:21.239" /><!-- duration: 0ms -->
    <step title="Updating shutdown sentinel last write time" date="2025-11-30T21:43:21.255" SemaphoreCount="7" /><!-- duration: 0ms -->
    <step title="LockFile &apos;C:\home\site\locks\deployments.lock&apos; acquired" date="2025-11-30T21:43:21.286" /><!-- duration: 0ms -->
    <step title="Saving request content to C:\local\Temp\zipdeploy\hm2jbajw.zip" date="2025-11-30T21:43:21.286" >
      <step title="Total 9,139,528 bytes written to C:\local\Temp\zipdeploy\hm2jbajw.zip" date="2025-11-30T21:43:21.523" /><!-- duration: 13ms -->
    </step><!-- duration: 250ms -->
    <step title="LockFile &apos;C:\home\site\locks\deployments.lock&apos; released" date="2025-11-30T21:43:21.536" /><!-- duration: 16ms -->
    <step title="Deleting shutdown sentinel file" date="2025-11-30T21:43:21.551" SemaphoreCount="8" /><!-- duration: 0ms -->
    <step title="Starting FetchDeploy" date="2025-11-30T21:43:21.551" /><!-- duration: 0ms -->
    <step title="Start deployment in the background" date="2025-11-30T21:43:21.551" /><!-- duration: 62ms -->
  </step><!-- duration: 426ms -->
  <step title="Outgoing response" date="2025-11-30T21:43:21.645" type="response" statusCode="202" statusText="Accepted" Server="Microsoft-IIS/10.0" x-ms-request-id="95244629-ce35-11f0-bd10-e02e0bc384b1" Retry-After="30" Cache-Control="private" X-AspNet-Version="4.0.30319" Location="https://cleversyncsos.scm.azurewebsites.net/api/deployments/latest?deployer=ZipDeploy&amp;time=2025-11-30_21-43-21Z" /><!-- duration: 18ms -->
</step><!-- duration: 545ms -->
