<step title="Incoming Request" date="2025-11-30T23:38:31.840" instance="eef76b" url="/api/publish?type=zip&amp;async=True" method="POST" type="request" pid="13372,2,13" Cache-Control="no-cache" Content-Length="18243543" Content-Type="application/octet-stream" Accept="*/*" Accept-Encoding="gzip, deflate" Authorization="Bas..." Host="cleversyncsos.scm.azurewebsites.net" User-Agent="AZURECLI/2.79.0 (MSI)" x-ms-client-request-id="ab273e52-ce45-11f0-871c-e02e0bc384b1" X-ARR-LOG-ID="ab273e52-ce45-11f0-871c-e02e0bc384b1" CLIENT-IP="208.102.8.31:63341" X-SITE-DEPLOYMENT-ID="CleverSyncSOS" WAS-DEFAULT-HOSTNAME="cleversyncsos.scm.azurewebsites.net" X-Forwarded-Proto="https" X-AppService-Proto="https" X-Forwarded-TlsVersion="1.3" X-WAWS-Unencoded-URL="/api/publish?type=zip&amp;async=True" >
  <step title="Cleanup Xml Logs" date="2025-11-30T23:38:31.851" /><!-- duration: 0ms -->
  <step title="OneDeploy" date="2025-11-30T23:38:33.601" >
    <step title="Starting PushDeployAsync" date="2025-11-30T23:38:33.711" /><!-- duration: 31ms -->
    <step title="Updating shutdown sentinel last write time" date="2025-11-30T23:38:33.992" SemaphoreCount="7" /><!-- duration: 50ms -->
    <step title="LockFile &apos;C:\home\site\locks\deployments.lock&apos; acquired" date="2025-11-30T23:38:34.042" /><!-- duration: 12ms -->
    <step title="Saving request content to C:\local\Temp\zipdeploy\02gxk0d1.zip" date="2025-11-30T23:38:34.055" >
      <step title="Total 18,243,543 bytes written to C:\local\Temp\zipdeploy\02gxk0d1.zip" date="2025-11-30T23:38:34.867" /><!-- duration: 0ms -->
    </step><!-- duration: 813ms -->
    <step title="LockFile &apos;C:\home\site\locks\deployments.lock&apos; released" date="2025-11-30T23:38:34.887" /><!-- duration: 11ms -->
    <step title="Deleting shutdown sentinel file" date="2025-11-30T23:38:34.898" SemaphoreCount="8" /><!-- duration: 0ms -->
    <step title="Starting FetchDeploy" date="2025-11-30T23:38:34.914" /><!-- duration: 16ms -->
    <step title="Start deployment in the background" date="2025-11-30T23:38:34.930" /><!-- duration: 269ms -->
  </step><!-- duration: 1609ms -->
  <step title="Outgoing response" date="2025-11-30T23:38:35.339" type="response" statusCode="202" statusText="Accepted" Server="Microsoft-IIS/10.0" x-ms-request-id="ab273e52-ce45-11f0-871c-e02e0bc384b1" Retry-After="30" Cache-Control="private" X-AspNet-Version="4.0.30319" Location="https://cleversyncsos.scm.azurewebsites.net/api/deployments/latest?deployer=OneDeploy&amp;time=2025-11-30_23-38-35Z" /><!-- duration: 12ms -->
</step><!-- duration: 3529ms -->
