<step title="Incoming Request" date="2025-11-30T22:09:29.874" instance="eef76b" url="/api/publish?type=zip" method="POST" type="request" pid="2440,2,21" Cache-Control="no-cache" Content-Length="9140061" Content-Type="application/octet-stream" Accept="*/*" Accept-Encoding="gzip, deflate" Authorization="Bas..." Host="cleversyncsos.scm.azurewebsites.net" User-Agent="AZURECLI/2.79.0 (MSI)" x-ms-client-request-id="3bd588d3-ce39-11f0-99e4-e02e0bc384b1" X-ARR-LOG-ID="3bd588d3-ce39-11f0-99e4-e02e0bc384b1" CLIENT-IP="208.102.8.31:53264" X-SITE-DEPLOYMENT-ID="CleverSyncSOS" WAS-DEFAULT-HOSTNAME="cleversyncsos.scm.azurewebsites.net" X-Forwarded-Proto="https" X-AppService-Proto="https" X-Forwarded-TlsVersion="1.3" X-WAWS-Unencoded-URL="/api/publish?type=zip" >
  <step title="Cleanup Xml Logs" date="2025-11-30T22:09:29.894" /><!-- duration: 12ms -->
  <step title="OneDeploy" date="2025-11-30T22:09:30.015" >
    <step title="Starting PushDeployAsync" date="2025-11-30T22:09:30.015" /><!-- duration: 31ms -->
    <step title="Updating shutdown sentinel last write time" date="2025-11-30T22:09:30.077" SemaphoreCount="7" /><!-- duration: 17ms -->
    <step title="LockFile &apos;C:\home\site\locks\deployments.lock&apos; acquired" date="2025-11-30T22:09:30.145" /><!-- duration: 11ms -->
    <step title="Saving request content to C:\local\Temp\zipdeploy\mtwp3lip.zip" date="2025-11-30T22:09:30.175" >
      <step title="Total 9,140,061 bytes written to C:\local\Temp\zipdeploy\mtwp3lip.zip" date="2025-11-30T22:09:30.656" /><!-- duration: 20ms -->
    </step><!-- duration: 532ms -->
    <step title="LockFile &apos;C:\home\site\locks\deployments.lock&apos; released" date="2025-11-30T22:09:30.718" /><!-- duration: 0ms -->
    <step title="Deleting shutdown sentinel file" date="2025-11-30T22:09:30.718" SemaphoreCount="8" /><!-- duration: 0ms -->
    <step title="Starting FetchDeploy" date="2025-11-30T22:09:30.737" /><!-- duration: 0ms -->
    <step title="Attempting to fetch target branch HEAD" date="2025-11-30T22:09:30.749" /><!-- duration: 0ms -->
    <step title="Updating shutdown sentinel last write time" date="2025-11-30T22:09:30.767" SemaphoreCount="7" /><!-- duration: 0ms -->
    <step title="LockFile &apos;C:\home\site\locks\deployments.lock&apos; acquired" date="2025-11-30T22:09:30.780" /><!-- duration: 0ms -->
    <step title="Performing fetch based deployment" date="2025-11-30T22:09:30.797" >
      <step title="Creating temporary deployment" date="2025-11-30T22:09:30.827" /><!-- duration: 31ms -->
      <step title="Fetching changes." date="2025-11-30T22:09:30.938" /><!-- duration: 30ms -->
      <step title="Starting LocalZipHandler" date="2025-11-30T22:09:30.968" /><!-- duration: 20ms -->
      <step title="Starting LocalZipFetch" date="2025-11-30T22:09:30.988" /><!-- duration: 11ms -->
      <step title="Cleaning up temp folders from previous zip deployments and extracting pushed zip file C:\local\Temp\zipdeploy\mtwp3lip.zip (8.72 MB) to C:\local\Temp\zipdeploy\extracted" date="2025-11-30T22:09:30.999" /><!-- duration: 19ms -->
      <step title="Cleaning up temp folders from previous zip deployments and extracting pushed zip file C:\local\Temp\zipdeploy\mtwp3lip.zip (8.72 MB) to C:\local\Temp\zipdeploy\extracted" date="2025-11-30T22:09:31.018" >
        <step title="Renaming extractTargetDirectory(C:\local\Temp\zipdeploy\extracted) to tempDirectory(C:\local\Temp\zipdeploy\jcyyv25b.45o)" date="2025-11-30T22:09:31.030" /><!-- duration: 16ms -->
        <step title="Extracting 136 entries to C:\local\Temp\zipdeploy\extracted directory" date="2025-11-30T22:09:31.079" >
          <step title="Extracting to C:\local\Temp\zipdeploy\extracted\publish-output\appsettings.Development.json ..." date="2025-11-30T22:09:31.220" /><!-- duration: 30ms -->
          <step title="Extracting to C:\local\Temp\zipdeploy\extracted\publish-output\appsettings.json ..." date="2025-11-30T22:09:31.250" /><!-- duration: 20ms -->
          <step title="Extracting to C:\local\Temp\zipdeploy\extracted\publish-output\appsettings.Production.json ..." date="2025-11-30T22:09:31.280" /><!-- duration: 0ms -->
          <step title="Extracting to C:\local\Temp\zipdeploy\extracted\publish-output\CleverSyncSOS.AdminPortal.deps.json ..." date="2025-11-30T22:09:31.280" /><!-- duration: 0ms -->
          <step title="Extracting to C:\local\Temp\zipdeploy\extracted\publish-output\CleverSyncSOS.AdminPortal.runtimeconfig.json ..." date="2025-11-30T22:09:31.296" /><!-- duration: 16ms -->
          <step title="Omitting extracting file traces ..." date="2025-11-30T22:09:31.312" /><!-- duration: 0ms -->
        </step><!-- duration: 2031ms -->
      </step><!-- duration: 2112ms -->
      <step title="None repository commit" date="2025-11-30T22:09:33.171" >
        <step title="Commit id: 060ce05720754725b3fe1a008be1b530" date="2025-11-30T22:09:33.171" Message="OneDeploy" AuthorName="N/A" AuthorEmail="N/A" /><!-- duration: 20ms -->
      </step><!-- duration: 20ms -->
      <step title="Before sending BuildRequestReceived status to /api/updatedeploystatus" date="2025-11-30T22:09:33.221" /><!-- duration: 13ms -->
      <step title="DeploymentManager.Deploy(id:060ce05720754725b3fe1a008be1b530)" date="2025-11-30T22:09:33.234" >
        <step title="Collecting changeset information" date="2025-11-30T22:09:33.251" /><!-- duration: 311ms -->
        <step title="Updating submodules" date="2025-11-30T22:09:33.562" >
          <step title="Updating submodules." date="2025-11-30T22:09:33.655" /><!-- duration: 0ms -->
        </step><!-- duration: 111ms -->
        <step title="Preparing deployment for commit id &apos;060ce05720&apos;." date="2025-11-30T22:09:33.783" /><!-- duration: 0ms -->
        <step title="Determining deployment builder" date="2025-11-30T22:09:33.843" >
          <step title="Builder is OneDeployBuilder" date="2025-11-30T22:09:33.863" /><!-- duration: 11ms -->
        </step><!-- duration: 31ms -->
        <step title="Copying SSH keys" date="2025-11-30T22:09:33.905" /><!-- duration: 0ms -->
        <step title="Building" date="2025-11-30T22:09:33.905" >
          <step title="Running build. Project type: OneDeploy" date="2025-11-30T22:09:33.968" /><!-- duration: 0ms -->
          <step title="Copying the manifest" date="2025-11-30T22:09:34.046" /><!-- duration: 18ms -->
          <step title="Clean deploying to C:\home\site\wwwroot" date="2025-11-30T22:09:34.187" /><!-- duration: 0ms -->
          <step title="Generating deployment script." date="2025-11-30T22:09:34.268" /><!-- duration: 0ms -->
          <step title="Generating deployment script" date="2025-11-30T22:09:34.280" >
            <step title="Using cached version of the deployment script for command: -y --no-dot-deployment -r &quot;C:\local\Temp\zipdeploy\extracted&quot; -o &quot;C:\home\site\deployments\tools&quot; --basic --sitePath &quot;C:\local\Temp\zipdeploy\extracted&quot;" date="2025-11-30T22:09:34.312" /><!-- duration: 0ms -->
            <step title="Using cached version of deployment script (command: &apos;azure -y --no-dot-deployment -r &quot;C:\local\Temp\zipdeploy\extracted&quot; -o &quot;C:\home\site\deployments\tools&quot; --basic --sitePath &quot;C:\local\Temp\zipdeploy\extracted&quot;&apos;)." date="2025-11-30T22:09:34.343" /><!-- duration: 16ms -->
          </step><!-- duration: 94ms -->
          <step title="Running deployment command..." date="2025-11-30T22:09:34.439" /><!-- duration: 0ms -->
          <step title="Command: &quot;C:\home\site\deployments\tools\deploy.cmd&quot;" date="2025-11-30T22:09:34.469" /><!-- duration: 0ms -->
          <step title="Executing external process" date="2025-11-30T22:09:34.499" type="process" path="starter.cmd" arguments="&quot;C:\home\site\deployments\tools\deploy.cmd&quot;" >
            <step title="Handling Basic Web Site deployment." date="2025-11-30T22:09:35.390" /><!-- duration: 0ms -->
            <step title="Creating app_offline.htm" date="2025-11-30T22:09:36.906" /><!-- duration: 0ms -->
            <step title="KuduSync.NET from: &apos;C:\local\Temp\zipdeploy\extracted&apos; to: &apos;C:\home\site\wwwroot&apos;" date="2025-11-30T22:09:36.937" /><!-- duration: 0ms -->
            <step title="Copying file: &apos;CleverSyncSOS.AdminPortal.dll&apos;" date="2025-11-30T22:09:36.955" /><!-- duration: 30ms -->
            <step title="Copying file: &apos;CleverSyncSOS.AdminPortal.exe&apos;" date="2025-11-30T22:09:37.015" /><!-- duration: 0ms -->
            <step title="Copying file: &apos;CleverSyncSOS.AdminPortal.pdb&apos;" date="2025-11-30T22:09:37.046" /><!-- duration: 0ms -->
            <step title="Copying file: &apos;CleverSyncSOS.Core.dll&apos;" date="2025-11-30T22:09:37.077" /><!-- duration: 19ms -->
            <step title="Copying file: &apos;CleverSyncSOS.Core.pdb&apos;" date="2025-11-30T22:09:37.109" /><!-- duration: 0ms -->
            <step title="Deleting app_offline.htm" date="2025-11-30T22:09:37.156" /><!-- duration: 0ms -->
            <step title="Finished successfully." date="2025-11-30T22:09:37.176" /><!-- duration: 10ms -->
          </step><!-- duration: 2688ms -->
          <step title="Build completed succesfully." date="2025-11-30T22:09:37.297" /><!-- duration: 0ms -->
          <step title="Running post deployment command(s)..." date="2025-11-30T22:09:37.390" /><!-- duration: 0ms -->
          <step title="Requesting site restart" date="2025-11-30T22:09:37.468" /><!-- duration: 20ms -->
          <step title="Requesting site restart" date="2025-11-30T22:09:37.499" /><!-- duration: 0ms -->
          <step title="Requesting site restart. Attempt #1" date="2025-11-30T22:09:37.609" /><!-- duration: 0ms -->
          <step title="Requesting site restart. Attempt #1" date="2025-11-30T22:09:37.628" /><!-- duration: 12ms -->
          <step title="Successfully requested a restart. Attempt #1" date="2025-11-30T22:09:38.171" /><!-- duration: 0ms -->
          <step title="Successfully requested a restart. Attempt #1" date="2025-11-30T22:09:38.191" /><!-- duration: 11ms -->
          <step title="Deployment successful. DEPLOYMENTINFO: deploymentPath = OneDeploy, deployer = OneDeploy, os = windows, sku = Standard, siteName = CleverSyncSOS, siteHostName = cleversyncsos.azurewebsites.net, deploymentStatus = Success" date="2025-11-30T22:09:38.515" /><!-- duration: 68ms -->
          <step title="Purge deployment items" date="2025-11-30T22:09:39.218" >
            <step title="Remove 168e1dc26, Success, received at 11/30/2025 12:59:32 AM" date="2025-11-30T22:09:39.359" /><!-- duration: 68ms -->
          </step><!-- duration: 219ms -->
        </step><!-- duration: 5672ms -->
      </step><!-- duration: 6616ms -->
      <step title="Cleaning up temp files" date="2025-11-30T22:09:40.624" /><!-- duration: 47ms -->
      <step title="Skip function trigger and logicapp sync because function is not enabled." date="2025-11-30T22:09:40.752" /><!-- duration: 30ms -->
    </step><!-- duration: 10035ms -->
    <step title="LockFile &apos;C:\home\site\locks\deployments.lock&apos; released" date="2025-11-30T22:09:40.843" /><!-- duration: 0ms -->
    <step title="Deleting shutdown sentinel file" date="2025-11-30T22:09:40.862" SemaphoreCount="8" /><!-- duration: 0ms -->
  </step><!-- duration: 10859ms -->
  <step title="Outgoing response" date="2025-11-30T22:09:40.984" type="response" statusCode="200" statusText="OK" Server="Microsoft-IIS/10.0" x-ms-request-id="3bd588d3-ce39-11f0-99e4-e02e0bc384b1" Cache-Control="private" X-AspNet-Version="4.0.30319" /><!-- duration: 0ms -->
</step><!-- duration: 11270ms -->
