﻿<?xml version="1.0" encoding="utf-8"?>
<deployment>
  <id>d62e5385c0064420967e18b5362e46b6</id>
  <author>N/A</author>
  <deployer>ZipDeploy</deployer>
  <authorEmail>N/A</authorEmail>
  <message>Created via a push deployment</message>
  <progress></progress>
  <status>Success</status>
  <statusText></statusText>
  <lastSuccessEndTime>2025-11-19T13:33:26.3982731Z</lastSuccessEndTime>
  <receivedTime>2025-11-19T13:33:24.9451785Z</receivedTime>
  <startTime>2025-11-19T13:33:25.4607797Z</startTime>
  <endTime>2025-11-19T13:33:26.3982731Z</endTime>
  <complete>True</complete>
  <is_temp>False</is_temp>
  <is_readonly>True</is_readonly>
  <project_type>Run-From-Zip</project_type>
  <vsproject_id></vsproject_id>
</deployment>