{"TimeStamp":"2025-11-30T20:40:46Z","SiteName":"CleverSyncSOS","RequestId":"cfd8d192-ce2c-11f0-b690-e02e0bc384b1","Kind":"ZipDeploy","Status":"Success","Details":"{\"Id\":\"1422aaa0fff346e387fec56ead3c92f6\",\"Status\":4,\"StatusText\":\"\",\"AuthorEmail\":\"N/A\",\"Author\":\"N/A\",\"Message\":\"Created via a push deployment\",\"Progress\":\"\",\"Deployer\":\"ZipDeploy\",\"ReceivedTime\":\"2025-11-30T20:40:37.5957955Z\",\"StartTime\":\"2025-11-30T20:40:37.8468239Z\",\"EndTime\":\"2025-11-30T20:40:46.1752051Z\",\"LastSuccessEndTime\":\"2025-11-30T20:40:46.1752051Z\",\"Complete\":true,\"IsTemporary\":false,\"IsReadOnly\":true,\"SiteName\":\"CleverSyncSOS\",\"HostName\":\"cleversyncsos.scm.azurewebsites.net\",\"ProjectType\":\"BASIC\",\"VsProjectId\":null}"}