{"TimeStamp":"2025-11-30T23:18:17Z","SiteName":"CleverSyncSOS","RequestId":"d055e63a-ce42-11f0-84d6-e02e0bc384b1","Kind":"OneDeploy","Status":"Success","Details":"{\"Id\":\"50ec714e65b748a0966a5668df6d8c30\",\"Status\":4,\"StatusText\":\"\",\"AuthorEmail\":\"N/A\",\"Author\":\"N/A\",\"Message\":\"OneDeploy\",\"Progress\":\"\",\"Deployer\":\"OneDeploy\",\"ReceivedTime\":\"2025-11-30T23:18:10.7640837Z\",\"StartTime\":\"2025-11-30T23:18:10.9975388Z\",\"EndTime\":\"2025-11-30T23:18:17.4874477Z\",\"LastSuccessEndTime\":\"2025-11-30T23:18:17.4874477Z\",\"Complete\":true,\"IsTemporary\":false,\"IsReadOnly\":true,\"SiteName\":\"CleverSyncSOS\",\"HostName\":\"cleversyncsos.scm.azurewebsites.net\",\"ProjectType\":\"OneDeploy\",\"VsProjectId\":null}"}