﻿<?xml version="1.0" encoding="utf-8"?>
<deployment>
  <id>37ecf3cf2bd94bad87fae97a5d6ac9c1</id>
  <author>N/A</author>
  <deployer>ZipDeploy</deployer>
  <authorEmail>N/A</authorEmail>
  <message>Created via a push deployment</message>
  <progress></progress>
  <status>Success</status>
  <statusText></statusText>
  <lastSuccessEndTime>2025-11-30T21:43:33.3958453Z</lastSuccessEndTime>
  <receivedTime>2025-11-30T21:43:24.0363696Z</receivedTime>
  <startTime>2025-11-30T21:43:24.4894972Z</startTime>
  <endTime>2025-11-30T21:43:33.3958453Z</endTime>
  <complete>True</complete>
  <is_temp>False</is_temp>
  <is_readonly>True</is_readonly>
  <project_type>BASIC</project_type>
  <vsproject_id></vsproject_id>
</deployment>