﻿<?xml version="1.0" encoding="utf-8"?>
<deployment>
  <id>fe17cac09a304871bb513ba10b7a67d2</id>
  <author>N/A</author>
  <deployer>ZipDeploy</deployer>
  <authorEmail>N/A</authorEmail>
  <message>Created via a push deployment</message>
  <progress></progress>
  <status>Success</status>
  <statusText></statusText>
  <lastSuccessEndTime>2025-12-01T01:32:58.5598717Z</lastSuccessEndTime>
  <receivedTime>2025-12-01T01:32:46.2026059Z</receivedTime>
  <startTime>2025-12-01T01:32:46.5578154Z</startTime>
  <endTime>2025-12-01T01:32:58.5598717Z</endTime>
  <complete>True</complete>
  <is_temp>False</is_temp>
  <is_readonly>True</is_readonly>
  <project_type>BASIC</project_type>
  <vsproject_id></vsproject_id>
</deployment>