﻿<?xml version="1.0" encoding="utf-8"?>
<deployment>
  <id>83be7de65b1e4b9ca4aabc0b8729427b</id>
  <author>N/A</author>
  <deployer>OneDeploy</deployer>
  <authorEmail>N/A</authorEmail>
  <message>OneDeploy</message>
  <progress></progress>
  <status>Success</status>
  <statusText></statusText>
  <lastSuccessEndTime>2025-11-30T21:49:55.3232276Z</lastSuccessEndTime>
  <receivedTime>2025-11-30T21:49:48.7560996Z</receivedTime>
  <startTime>2025-11-30T21:49:48.8846559Z</startTime>
  <endTime>2025-11-30T21:49:55.3232276Z</endTime>
  <complete>True</complete>
  <is_temp>False</is_temp>
  <is_readonly>True</is_readonly>
  <project_type>OneDeploy</project_type>
  <vsproject_id></vsproject_id>
</deployment>