﻿<?xml version="1.0" encoding="utf-8"?>
<deployment>
  <id>69b2207de3134de68c8d0de88bea3c9e</id>
  <author>N/A</author>
  <deployer>OneDeploy</deployer>
  <authorEmail>N/A</authorEmail>
  <message>OneDeploy</message>
  <progress></progress>
  <status>Success</status>
  <statusText></statusText>
  <lastSuccessEndTime>2025-11-30T00:55:16.777974Z</lastSuccessEndTime>
  <receivedTime>2025-11-30T00:55:05.9617224Z</receivedTime>
  <startTime>2025-11-30T00:55:06.2117403Z</startTime>
  <endTime>2025-11-30T00:55:16.777974Z</endTime>
  <complete>True</complete>
  <is_temp>False</is_temp>
  <is_readonly>True</is_readonly>
  <project_type>OneDeploy</project_type>
  <vsproject_id></vsproject_id>
</deployment>