<step title="Incoming Request" date="2025-11-29T02:28:56.702" instance="eef76b" url="/api/zipdeploy?isAsync=true" method="POST" type="request" pid="2636,2,11" Cache-Control="no-cache" Content-Length="7720997" Content-Type="application/octet-stream" Accept="*/*" Accept-Encoding="gzip, deflate" Authorization="Bas..." Host="cleversyncsos.scm.azurewebsites.net" User-Agent="AZURECLI/2.79.0 (MSI)" x-ms-client-request-id="2714013e-cccb-11f0-833f-e02e0bc384b1" X-ARR-LOG-ID="2714013e-cccb-11f0-833f-e02e0bc384b1" CLIENT-IP="208.102.8.31:56308" X-SITE-DEPLOYMENT-ID="CleverSyncSOS" WAS-DEFAULT-HOSTNAME="cleversyncsos.scm.azurewebsites.net" X-Forwarded-Proto="https" X-AppService-Proto="https" X-Forwarded-TlsVersion="1.3" X-WAWS-Unencoded-URL="/api/zipdeploy?isAsync=true" >
  <step title="Cleanup Xml Logs" date="2025-11-29T02:28:56.702" /><!-- duration: 19ms -->
  <step title="ZipPushDeploy" date="2025-11-29T02:28:58.469" >
    <step title="ZipDeploy. Extract zip. " date="2025-11-29T02:28:58.549" /><!-- duration: 12ms -->
    <step title="Starting PushDeployAsync" date="2025-11-29T02:28:58.580" /><!-- duration: 0ms -->
    <step title="Updating shutdown sentinel last write time" date="2025-11-29T02:28:58.860" SemaphoreCount="7" /><!-- duration: 20ms -->
    <step title="LockFile &apos;C:\home\site\locks\deployments.lock&apos; acquired" date="2025-11-29T02:28:58.910" /><!-- duration: 10ms -->
    <step title="Saving request content to C:\local\Temp\zipdeploy\qsuob0bo.zip" date="2025-11-29T02:28:58.940" >
      <step title="Total 7,720,997 bytes written to C:\local\Temp\zipdeploy\qsuob0bo.zip" date="2025-11-29T02:28:59.282" /><!-- duration: 0ms -->
    </step><!-- duration: 355ms -->
    <step title="LockFile &apos;C:\home\site\locks\deployments.lock&apos; released" date="2025-11-29T02:28:59.312" /><!-- duration: 0ms -->
    <step title="Deleting shutdown sentinel file" date="2025-11-29T02:28:59.327" SemaphoreCount="8" /><!-- duration: 0ms -->
    <step title="Starting FetchDeploy" date="2025-11-29T02:28:59.347" /><!-- duration: 0ms -->
    <step title="Start deployment in the background" date="2025-11-29T02:28:59.358" /><!-- duration: 270ms -->
  </step><!-- duration: 1170ms -->
  <step title="Outgoing response" date="2025-11-29T02:28:59.769" type="response" statusCode="202" statusText="Accepted" Server="Microsoft-IIS/10.0" x-ms-request-id="2714013e-cccb-11f0-833f-e02e0bc384b1" Retry-After="30" Cache-Control="private" X-AspNet-Version="4.0.30319" Location="https://cleversyncsos.scm.azurewebsites.net/api/deployments/latest?deployer=ZipDeploy&amp;time=2025-11-29_02-28-59Z" /><!-- duration: 30ms -->
</step><!-- duration: 3109ms -->
