<step title="Incoming Request" date="2025-11-29T13:06:47.860" instance="eef76b" url="/api/publish?type=zip" method="POST" type="request" pid="8604,2,55" Cache-Control="no-cache" Content-Length="7948513" Content-Type="application/octet-stream" Accept="*/*" Accept-Encoding="gzip, deflate" Authorization="Bas..." Host="cleversyncsos.scm.azurewebsites.net" User-Agent="AZURECLI/2.79.0 (MSI)" x-ms-client-request-id="40f1d17f-cd24-11f0-87ff-e02e0bc384b1" X-ARR-LOG-ID="40f1d17f-cd24-11f0-87ff-e02e0bc384b1" CLIENT-IP="208.102.8.31:54289" X-SITE-DEPLOYMENT-ID="CleverSyncSOS" WAS-DEFAULT-HOSTNAME="cleversyncsos.scm.azurewebsites.net" X-Forwarded-Proto="https" X-AppService-Proto="https" X-Forwarded-TlsVersion="1.3" X-WAWS-Unencoded-URL="/api/publish?type=zip" >
  <step title="Cleanup Xml Logs" date="2025-11-29T13:06:47.891" /><!-- duration: 0ms -->
  <step title="OneDeploy" date="2025-11-29T13:06:47.922" >
    <step title="Starting PushDeployAsync" date="2025-11-29T13:06:47.922" /><!-- duration: 31ms -->
    <step title="Updating shutdown sentinel last write time" date="2025-11-29T13:06:47.973" SemaphoreCount="7" /><!-- duration: 12ms -->
    <step title="LockFile &apos;C:\home\site\locks\deployments.lock&apos; acquired" date="2025-11-29T13:06:48.063" /><!-- duration: 62ms -->
    <step title="Saving request content to C:\local\Temp\zipdeploy\tdki5st2.zip" date="2025-11-29T13:06:48.143" >
      <step title="Total 7,948,513 bytes written to C:\local\Temp\zipdeploy\tdki5st2.zip" date="2025-11-29T13:06:49.048" /><!-- duration: 30ms -->
    </step><!-- duration: 966ms -->
    <step title="LockFile &apos;C:\home\site\locks\deployments.lock&apos; released" date="2025-11-29T13:06:49.129" /><!-- duration: 0ms -->
    <step title="Deleting shutdown sentinel file" date="2025-11-29T13:06:49.159" SemaphoreCount="8" /><!-- duration: 0ms -->
    <step title="Starting FetchDeploy" date="2025-11-29T13:06:49.172" /><!-- duration: 47ms -->
    <step title="Attempting to fetch target branch HEAD" date="2025-11-29T13:06:49.219" /><!-- duration: 0ms -->
    <step title="Updating shutdown sentinel last write time" date="2025-11-29T13:06:49.235" SemaphoreCount="7" /><!-- duration: 0ms -->
    <step title="LockFile &apos;C:\home\site\locks\deployments.lock&apos; acquired" date="2025-11-29T13:06:49.250" /><!-- duration: 16ms -->
    <step title="Performing fetch based deployment" date="2025-11-29T13:06:49.282" >
      <step title="Creating temporary deployment" date="2025-11-29T13:06:49.282" /><!-- duration: 98ms -->
      <step title="Fetching changes." date="2025-11-29T13:06:49.440" /><!-- duration: 13ms -->
      <step title="Starting LocalZipHandler" date="2025-11-29T13:06:49.470" /><!-- duration: 0ms -->
      <step title="Starting LocalZipFetch" date="2025-11-29T13:06:49.490" /><!-- duration: 10ms -->
      <step title="Cleaning up temp folders from previous zip deployments and extracting pushed zip file C:\local\Temp\zipdeploy\tdki5st2.zip (7.58 MB) to C:\local\Temp\zipdeploy\extracted" date="2025-11-29T13:06:49.500" /><!-- duration: 31ms -->
      <step title="Cleaning up temp folders from previous zip deployments and extracting pushed zip file C:\local\Temp\zipdeploy\tdki5st2.zip (7.58 MB) to C:\local\Temp\zipdeploy\extracted" date="2025-11-29T13:06:49.532" >
        <step title="Renaming extractTargetDirectory(C:\local\Temp\zipdeploy\extracted) to tempDirectory(C:\local\Temp\zipdeploy\gftb04ji.xrb)" date="2025-11-29T13:06:49.532" /><!-- duration: 19ms -->
        <step title="Extracting 163 entries to C:\local\Temp\zipdeploy\extracted directory" date="2025-11-29T13:06:49.551" >
          <step title="Extracting to C:\local\Temp\zipdeploy\extracted\publish\appsettings.Development.json ..." date="2025-11-29T13:06:49.752" /><!-- duration: 20ms -->
          <step title="Extracting to C:\local\Temp\zipdeploy\extracted\publish\appsettings.json ..." date="2025-11-29T13:06:49.782" /><!-- duration: 0ms -->
          <step title="Extracting to C:\local\Temp\zipdeploy\extracted\publish\appsettings.Production.json ..." date="2025-11-29T13:06:49.802" /><!-- duration: 11ms -->
          <step title="Extracting to C:\local\Temp\zipdeploy\extracted\publish\CleverSyncSOS.AdminPortal.deps.json ..." date="2025-11-29T13:06:49.813" /><!-- duration: 19ms -->
          <step title="Extracting to C:\local\Temp\zipdeploy\extracted\publish\CleverSyncSOS.AdminPortal.runtimeconfig.json ..." date="2025-11-29T13:06:49.832" /><!-- duration: 12ms -->
          <step title="Omitting extracting file traces ..." date="2025-11-29T13:06:49.844" /><!-- duration: 0ms -->
        </step><!-- duration: 2200ms -->
      </step><!-- duration: 2219ms -->
      <step title="None repository commit" date="2025-11-29T13:06:51.771" >
        <step title="Commit id: ff72c880279f4f338233e0ae0c966953" date="2025-11-29T13:06:51.782" Message="OneDeploy" AuthorName="N/A" AuthorEmail="N/A" /><!-- duration: 20ms -->
      </step><!-- duration: 30ms -->
      <step title="Before sending BuildRequestReceived status to /api/updatedeploystatus" date="2025-11-29T13:06:51.813" /><!-- duration: 18ms -->
      <step title="DeploymentManager.Deploy(id:ff72c880279f4f338233e0ae0c966953)" date="2025-11-29T13:06:51.831" >
        <step title="Collecting changeset information" date="2025-11-29T13:06:51.844" /><!-- duration: 250ms -->
        <step title="Updating submodules" date="2025-11-29T13:06:52.204" >
          <step title="Updating submodules." date="2025-11-29T13:06:52.361" /><!-- duration: 20ms -->
        </step><!-- duration: 188ms -->
        <step title="Preparing deployment for commit id &apos;ff72c88027&apos;." date="2025-11-29T13:06:52.500" /><!-- duration: 0ms -->
        <step title="Determining deployment builder" date="2025-11-29T13:06:52.719" >
          <step title="Builder is OneDeployBuilder" date="2025-11-29T13:06:52.829" /><!-- duration: 31ms -->
        </step><!-- duration: 172ms -->
        <step title="Copying SSH keys" date="2025-11-29T13:06:52.960" /><!-- duration: 10ms -->
        <step title="Building" date="2025-11-29T13:06:52.970" >
          <step title="Running build. Project type: OneDeploy" date="2025-11-29T13:06:53.081" /><!-- duration: 0ms -->
          <step title="Copying the manifest" date="2025-11-29T13:06:53.313" /><!-- duration: 19ms -->
          <step title="Clean deploying to C:\home\site\wwwroot" date="2025-11-29T13:06:53.454" /><!-- duration: 19ms -->
          <step title="Generating deployment script." date="2025-11-29T13:06:53.563" /><!-- duration: 0ms -->
          <step title="Generating deployment script" date="2025-11-29T13:06:53.583" >
            <step title="Using cached version of the deployment script for command: -y --no-dot-deployment -r &quot;C:\local\Temp\zipdeploy\extracted&quot; -o &quot;C:\home\site\deployments\tools&quot; --basic --sitePath &quot;C:\local\Temp\zipdeploy\extracted&quot;" date="2025-11-29T13:06:53.625" /><!-- duration: 0ms -->
            <step title="Using cached version of deployment script (command: &apos;azure -y --no-dot-deployment -r &quot;C:\local\Temp\zipdeploy\extracted&quot; -o &quot;C:\home\site\deployments\tools&quot; --basic --sitePath &quot;C:\local\Temp\zipdeploy\extracted&quot;&apos;)." date="2025-11-29T13:06:53.657" /><!-- duration: 0ms -->
          </step><!-- duration: 120ms -->
          <step title="Running deployment command..." date="2025-11-29T13:06:53.784" /><!-- duration: 0ms -->
          <step title="Command: &quot;C:\home\site\deployments\tools\deploy.cmd&quot;" date="2025-11-29T13:06:53.814" /><!-- duration: 0ms -->
          <step title="Executing external process" date="2025-11-29T13:06:53.844" type="process" path="starter.cmd" arguments="&quot;C:\home\site\deployments\tools\deploy.cmd&quot;" >
            <step title="Handling Basic Web Site deployment." date="2025-11-29T13:06:54.641" /><!-- duration: 18ms -->
            <step title="Creating app_offline.htm" date="2025-11-29T13:06:57.362" /><!-- duration: 20ms -->
            <step title="KuduSync.NET from: &apos;C:\local\Temp\zipdeploy\extracted&apos; to: &apos;C:\home\site\wwwroot&apos;" date="2025-11-29T13:06:57.422" /><!-- duration: 20ms -->
            <step title="Copying file: &apos;CleverSyncSOS.AdminPortal.dll&apos;" date="2025-11-29T13:06:57.472" /><!-- duration: 30ms -->
            <step title="Copying file: &apos;CleverSyncSOS.AdminPortal.exe&apos;" date="2025-11-29T13:06:57.523" /><!-- duration: 10ms -->
            <step title="Copying file: &apos;CleverSyncSOS.AdminPortal.pdb&apos;" date="2025-11-29T13:06:57.553" /><!-- duration: 0ms -->
            <step title="Copying file: &apos;publish\publish\publish\publish\publish\publish\appsettings.Development.json&apos;" date="2025-11-29T13:06:57.583" /><!-- duration: 0ms -->
            <step title="Copying file: &apos;publish\publish\publish\publish\publish\publish\appsettings.json&apos;" date="2025-11-29T13:06:57.594" /><!-- duration: 19ms -->
            <step title="Copying file: &apos;publish\publish\publish\publish\publish\publish\appsettings.Production.json&apos;" date="2025-11-29T13:06:57.625" /><!-- duration: 18ms -->
            <step title="Copying file: &apos;publish\publish\publish\publish\publish\publish\CleverSyncSOS.AdminPortal.deps.json&apos;" date="2025-11-29T13:06:57.673" /><!-- duration: 0ms -->
            <step title="Copying file: &apos;publish\publish\publish\publish\publish\publish\CleverSyncSOS.AdminPortal.runtimeconfig.json&apos;" date="2025-11-29T13:06:57.704" /><!-- duration: 0ms -->
            <step title="Copying file: &apos;publish\publish\publish\publish\publish\publish\CleverSyncSOS.AdminPortal.staticwebassets.endpoints.json&apos;" date="2025-11-29T13:06:57.735" /><!-- duration: 0ms -->
            <step title="Copying file: &apos;publish\publish\publish\publish\publish\publish\web.config&apos;" date="2025-11-29T13:06:57.754" /><!-- duration: 12ms -->
            <step title="Deleting app_offline.htm" date="2025-11-29T13:06:57.784" /><!-- duration: 13ms -->
            <step title="Finished successfully." date="2025-11-29T13:06:57.814" /><!-- duration: 20ms -->
          </step><!-- duration: 4000ms -->
          <step title="Build completed succesfully." date="2025-11-29T13:06:57.938" /><!-- duration: 17ms -->
          <step title="Running post deployment command(s)..." date="2025-11-29T13:06:58.035" /><!-- duration: 0ms -->
          <step title="Requesting site restart" date="2025-11-29T13:06:58.266" /><!-- duration: 0ms -->
          <step title="Requesting site restart" date="2025-11-29T13:06:58.286" /><!-- duration: 0ms -->
          <step title="Requesting site restart. Attempt #1" date="2025-11-29T13:06:58.797" /><!-- duration: 0ms -->
          <step title="Requesting site restart. Attempt #1" date="2025-11-29T13:06:58.969" /><!-- duration: 49ms -->
          <step title="Successfully requested a restart. Attempt #1" date="2025-11-29T13:06:59.391" /><!-- duration: 0ms -->
          <step title="Successfully requested a restart. Attempt #1" date="2025-11-29T13:06:59.411" /><!-- duration: 12ms -->
          <step title="Deployment successful. DEPLOYMENTINFO: deploymentPath = OneDeploy, deployer = OneDeploy, os = windows, sku = Standard, siteName = CleverSyncSOS, siteHostName = cleversyncsos.azurewebsites.net, deploymentStatus = Success" date="2025-11-29T13:06:59.770" /><!-- duration: 91ms -->
        </step><!-- duration: 8706ms -->
      </step><!-- duration: 9857ms -->
      <step title="Cleaning up temp files" date="2025-11-29T13:07:01.688" /><!-- duration: 18ms -->
      <step title="Skip function trigger and logicapp sync because function is not enabled." date="2025-11-29T13:07:01.736" /><!-- duration: 0ms -->
    </step><!-- duration: 12534ms -->
    <step title="LockFile &apos;C:\home\site\locks\deployments.lock&apos; released" date="2025-11-29T13:07:01.815" /><!-- duration: 13ms -->
    <step title="Deleting shutdown sentinel file" date="2025-11-29T13:07:01.845" SemaphoreCount="8" /><!-- duration: 0ms -->
  </step><!-- duration: 13943ms -->
  <step title="Outgoing response" date="2025-11-29T13:07:01.986" type="response" statusCode="200" statusText="OK" Server="Microsoft-IIS/10.0" x-ms-request-id="40f1d17f-cd24-11f0-87ff-e02e0bc384b1" Cache-Control="private" X-AspNet-Version="4.0.30319" /><!-- duration: 202ms -->
</step><!-- duration: 14347ms -->
