{"TimeStamp":"2025-11-30T20:29:26Z","SiteName":"CleverSyncSOS","RequestId":"3c9a8a68-ce2b-11f0-811c-e02e0bc384b1","Kind":"ZipDeploy","Status":"Success","Details":"{\"Id\":\"0b23e02c1a8e442b86b8cba248a40d50\",\"Status\":4,\"StatusText\":\"\",\"AuthorEmail\":\"N/A\",\"Author\":\"N/A\",\"Message\":\"Created via a push deployment\",\"Progress\":\"\",\"Deployer\":\"ZipDeploy\",\"ReceivedTime\":\"2025-11-30T20:29:20.944952Z\",\"StartTime\":\"2025-11-30T20:29:21.2133242Z\",\"EndTime\":\"2025-11-30T20:29:26.5890124Z\",\"LastSuccessEndTime\":\"2025-11-30T20:29:26.5890124Z\",\"Complete\":true,\"IsTemporary\":false,\"IsReadOnly\":true,\"SiteName\":\"CleverSyncSOS\",\"HostName\":\"cleversyncsos.scm.azurewebsites.net\",\"ProjectType\":\"BASIC\",\"VsProjectId\":null}"}