﻿<?xml version="1.0" encoding="utf-8"?>
<deployment>
  <id>50ec714e65b748a0966a5668df6d8c30</id>
  <author>N/A</author>
  <deployer>OneDeploy</deployer>
  <authorEmail>N/A</authorEmail>
  <message>OneDeploy</message>
  <progress></progress>
  <status>Success</status>
  <statusText></statusText>
  <lastSuccessEndTime>2025-11-30T23:18:17.4874477Z</lastSuccessEndTime>
  <receivedTime>2025-11-30T23:18:10.7640837Z</receivedTime>
  <startTime>2025-11-30T23:18:10.9975388Z</startTime>
  <endTime>2025-11-30T23:18:17.4874477Z</endTime>
  <complete>True</complete>
  <is_temp>False</is_temp>
  <is_readonly>True</is_readonly>
  <project_type>OneDeploy</project_type>
  <vsproject_id></vsproject_id>
</deployment>