﻿<?xml version="1.0" encoding="utf-8"?>
<deployment>
  <id>1f0d93f857c64eec987ad4411fadd144</id>
  <author>N/A</author>
  <deployer>OneDeploy</deployer>
  <authorEmail>N/A</authorEmail>
  <message>OneDeploy</message>
  <progress></progress>
  <status>Success</status>
  <statusText></statusText>
  <lastSuccessEndTime>2025-11-29T18:42:23.5464443Z</lastSuccessEndTime>
  <receivedTime>2025-11-29T18:42:17.9682982Z</receivedTime>
  <startTime>2025-11-29T18:42:18.3901387Z</startTime>
  <endTime>2025-11-29T18:42:23.5464443Z</endTime>
  <complete>True</complete>
  <is_temp>False</is_temp>
  <is_readonly>True</is_readonly>
  <project_type>OneDeploy</project_type>
  <vsproject_id></vsproject_id>
</deployment>